index,published,topic,term,domain,language,valid,de,title,description,en,la,url,image,archive,content,quote,added,feed,country,ipcc,continent
8375256ae626deefb9075a42a55fee54,2026-07-02T10:51:30Z,Volcano,vulcão,pplware.sapo.pt,pt,0.9,"Der Ätna bricht erneut aus und erleuchtet den Himmel Siziliens mit Lavaströmen. Der aktivste Vulkan Europas, der Ätna, bleibt aktiv, stellt jedoch keine unmittelbare Gefahr für die Bevölkerung dar. Der erneute Ausbruch des Ätna sorgte für ein beeindruckendes Naturschauspiel auf der Insel...",Etna volta a entrar em erupção e ilumina os céus da Sicília com rios de lava,"O vulcão mais ativo da Europa, o Etna, continua em atividade, mas sem representar perigo imediato para as populações. O Monte Etna voltou a entrar em erupção, proporcionando um impressionante espetáculo natural na ilha...","Etna erupts again and lights up the skies of Sicily with rivers of lava. The most active volcano in Europe, Etna, remains active, but without posing an immediate danger to the population. Mount Etna erupted again, providing an impressive natural spectacle on the island...","Aetna iterum erumpit et Siciliam caelos cum lavae fluminibus inluminat. Acerrimus vulcanus in Europa, Aetna, active manet, sed sine periculo incolarum immediatum ponens. Mons Aetna iterum erupit, spectaculum naturale in insula infigendum praebens.",https://pplware.sapo.pt/ciencia/etna-volta-a-entrar-em-erupcao-e-ilumina-os-ceus-da-sicilia-com-rios-de-lava/,https://pplware.sapo.pt/wp-content/uploads/2026/07/etna_00.webp,,"O vulcão mais ativo da Europa, o Etna, continua em atividade, mas sem representar perigo imediato para as populações.
O Monte Etna voltou a entrar em erupção, proporcionando um impressionante espetá… [+2443 chars]",,2026-07-03 16:42:57+00:00,random,,,
6f3d849a1fcbc0d6d6ee17c1e2fb3b1a,2026-07-01T00:12:01Z,Storm,tempestade nas águas costeiras do norte.,observador.pt,pt,0.3,Die 1-Uhr-Nachrichten. Nachrichten auf Radio Observador. Was auch immer passiert.,As notícias da 1h,As notícias na Rádio Observador. Aconteça o que acontecer.,The 1am news. News on Radio Observador. Whatever happens.,De 1am noui. Nuntii in Radio Observatore. Quicquid fit.,https://observador.pt/programas/noticiario/as-noticias-da-1h-2310/,https://bordalo.observador.pt/v2/rs:fill:770:403/c:770:433:nowe:0:0/q:70/f:webp/plain/https://s3.observador.pt/wp-content/uploads/2026/06/15153459/770-podcast-noticiario.png,,"Esta transcrição foi gerada automaticamente por Inteligência Artificial e pode conter erros ou imprecisões.Uma hora. As notícias com Ricardo Lopes.
Muito boa noite. A onda de calor que se aproxima p… [+7506 chars]",,2026-07-04 21:08:50+00:00,wmo,Vanuatu,SPO,Oceania
e7db084288e0aaa8ce751c65a50792d6,2026-07-01T20:19:29Z,Storm,tempestade macau,observador.pt,pt,0.3,Die Warnung vor roter Hitze wurde auf 12 Bezirke ausgeweitet. Für 12 der 18 Bezirke auf dem portugiesischen Festland gilt mindestens bis Samstag die Warnstufe Rot. Die Höchsttemperatur wird im größten Teil des Gebiets Werte zwischen 35 und 41 °C erreichen.,Aviso vermelho de calor alargado a 12 distritos,"12 dos 18 distritos de Portugal continental vão estar sob aviso vermelho, pelo menos até sabado. A temperatura máxima vai atingir valores entre 35 e 41°C na generalidade do território.","Red heat warning extended to 12 districts. 12 of the 18 districts of mainland Portugal will be under red warning, at least until Saturday. The maximum temperature will reach values ​​between 35 and 41°C across most of the territory.","Monitum rubrum calor ad 12 regiones extenditur. 12 ex 18 districtus continentis Portugalliae moniti rubent, saltem usque ad diem Sabbati. Maxima temperatura valorum inter 35 et 41°C per plures territorii perveniet.",https://observador.pt/2026/07/01/ipma-alarga-aviso-vermelho-de-calor-a-12-distritos-a-partir-de-quinta-feira-maximas-podem-chegar-aos-44oc/,https://wm.observador.pt/wm/l/https%3A%2F%2Fbordalo.observador.pt%2Fv2%2Frs%3Afill%3A770%3A403%2Fc%3A2000%3A1121%3Anowe%3A0%3A0%2Fq%3A70%2Ff%3Awebp%2Fplain%2Fhttps%3A%2F%2Fs3.observador.pt%2Fwp-content%2Fuploads%2F2026%2F07%2F01172448%2F47387035.jpg?layer=obstop:T,,"Acompanhe o nosso artigo em direto sobre a atualidade política
O aviso vermelho devido ao calor vai ser alargado a partir de quinta-feira a Santarém, Portalegre, Évora e Beja, além de Lisboa e Setúb… [+3417 chars]",,2026-07-04 21:08:50+00:00,wmo,Macao,EAS,Asia
f6799b0c928f3d269927492c23da0c66,2026-07-03T15:35:36Z,Storm,tempestade região amazônica,observador.pt,pt,0.3,"Ab Montag wird es kälter: allerdings nur im Norden. Der Norden und die Küste sind frei von extremer Hitze, im Süden bleiben die Temperaturen jedoch über 40 °C. Und wenn wir eine Hitzekuppel haben, haben die USA zwei, und sie könnten Auswirkungen auf die Weltmeisterschaft haben. Und die Meere, was ist an all dem schuld?",A partir de segunda vai arrefecer: mas só a norte,"O norte e o litoral livram-se do calor extremo, mas o sul mantém-se acima dos 40ºC. E se nós temos uma cúpula de calor, os EUA têm duas, e podem afetar o Mundial. E os mares, que culpa têm disto tudo?","From Monday it will get colder: but only in the north. The north and coast are free from extreme heat, but the south remains above 40ºC. And if we have a heat dome, the US has two, and they could affect the World Cup. And the seas, what’s to blame for all this?","A Lunae frigidior erit, sed in septentrione tantum. Septentrionem et oram ab aestu nimio liberat, at Meridies supra 40ºC manet. Et si testudineum calidum habemus, in US duo habet, et Mundi Calicem afficere possunt. Et maria, quid haec omnia reprehendis?",https://observador.pt/programas/quente-e-frio/a-partir-de-segunda-vai-arrefecer-mas-so-a-norte/,https://bordalo.observador.pt/v2/rs:fill:770:403/c:770:433:nowe:0:0/q:70/f:webp/plain/https://s3.observador.pt/wp-content/uploads/2026/07/02151502/770-podcast.jpg,,"Esta transcrição foi gerada automaticamente por Inteligência Artificial e pode conter erros ou imprecisões.Seja muito bem-vindo à estreia de ""Quente e Frio"", um novo programa da Rádio Observador, ond… [+7474 chars]",,2026-07-04 21:08:50+00:00,wmo,Ecuador,NWS,South-America
fbe747aaeace10c77f8f119826d3d093,2026-07-02T08:16:59Z,Wildfire,incêndio florestal na região de Arkhangelsk,observador.pt,pt,0.3,Die 9-Uhr-Nachrichten. Nachrichten auf Radio Observador. Was auch immer passiert.,As notícias das 9h,As notícias na Rádio Observador. Aconteça o que acontecer.,The 9am news. News on Radio Observador. Whatever happens.,9am quod noui. Nuntii in Radio Observatore. Quicquid fit.,https://observador.pt/programas/noticiario/as-noticias-das-9h-2397/,https://bordalo.observador.pt/v2/rs:fill:770:403/c:770:433:nowe:0:0/q:70/f:webp/plain/https://s3.observador.pt/wp-content/uploads/2026/06/15153459/770-podcast-noticiario.png,,"Esta transcrição foi gerada automaticamente por Inteligência Artificial e pode conter erros ou imprecisões.Observador, são 09h01. As notícias com Carla Jorge Carvalho. Começamos com uma notícia Obser… [+9688 chars]",,2026-07-06 17:50:03+00:00,wmo,Russia,ESB,Europe
2ad003806051cb4822d0d2532500c151,2026-07-02T14:12:31Z,Precipitation,chuva nova zelândia,observador.pt,pt,0.3,"Sertã Chamber startet Wettbewerb zum Kauf von 4 Fahrzeugen. Die vier Fahrzeuge sind für die taktische Führung (VCOT), operative Funktionen des kommunalen Katastrophenschutzes, die Koordinierung des kommunalen Katastrophenschutzes und die besondere Brandbekämpfung (VECI) vorgesehen.",Câmara da Sertã lança concurso para compra de 4 viaturas,"Os quatro veículos destinam-se a funções de comando tático (VCOT), operacional da Proteção Civil Municipal, Coordenação da Proteção Civil Municipal e Combate Especial a Incêndios (VECI).","Sertã Chamber launches competition to purchase 4 vehicles. The four vehicles are intended for tactical command (VCOT), operational functions of Municipal Civil Protection, Coordination of Municipal Civil Protection and Special Fire Fighting (VECI).","Sertã Cubicula competition ad 4 vehicula mercandum movet. Quattuor vehicula destinata sunt ad mandatum imperatorium (VCOT), functiones operationales tutelae civilis municipalis, Coordinatio Municipalis Civilis Protectionis et Ignis Pugnandi Specialis (VECI).",https://observador.pt/2026/07/02/camara-da-serta-lanca-concurso-para-compra-de-quatro-viaturas/,https://wm.observador.pt/wm/l/https%3A%2F%2Fbordalo.observador.pt%2Fv2%2Frs%3Afill%3A770%3A403%2Fc%3A770%3A433%3Anowe%3A0%3A0%2Fq%3A70%2Ff%3Awebp%2Fplain%2Fhttps%3A%2F%2Fs3.observador.pt%2Fwp-content%2Fuploads%2F2019%2F02%2F06074939%2F33022975_770x433_acf_cropped.jpg?layer=obstop:T,,"Acompanhe o nosso liveblog sobre a atual onda de calor em Portugal
A Câmara da Sertã, no distrito de Castelo Branco, abriu um concurso público para a aquisição de quatro viaturas de combate a incênd… [+905 chars]",,2026-07-06 17:50:03+00:00,wmo,New Zealand,NZ,Oceania
d0ef784ae9b6749dc21aff479728905e,2026-07-02T19:00:47Z,Drought,seca brasil,www.bbc.com,pt,0.3,"Taylor Swifts Hochzeit: Alles über die wahrscheinliche Zeremonie in NY. Zu ihrer Hochzeit schweigt das Paar, doch die Spekulationen über eine mehrtägige Feier im Madison Square Garden nehmen zu",Casamento de Taylor Swift: tudo sobre a provável cerimônia em NY,"O casal mantém silêncio sobre o casamento, mas as especulações sobre uma celebração de vários dias no Madison Square Garden só aumentam","Taylor Swift's wedding: everything about the likely ceremony in NY. The couple is keeping quiet about their wedding, but speculation about a multi-day celebration at Madison Square Garden is only growing","Nuptias Taylor Swift: omnia de verisimili caerimonia in NY. Coniuges de eorum nuptiis quiescunt, sed speculatio de celebratione multi diei apud Madison Square Garden tantum crescit",https://www.bbc.com/portuguese/articles/c0ryxql15nno,https://ichef.bbci.co.uk/news/1200/branded_portuguese/b3cc/live/5add6d00-756a-11f1-b976-0b9c15b0ccfc.jpg,,"Crédito, Getty Images
Legenda da foto, Taylor Swift vai mesmo se casar com Travis Kelce no Madison Square Garden?
Article Information<ul><li><ul> e <li>Author, Nardine Saad</li><li>Reporting from, … [+15964 chars]",,2026-07-06 17:50:03+00:00,edo,Brazil,SAM,South-America
49986da65bb21b5156425755376f9e97,2026-07-02T23:17:03Z,Storm,tempestade em Gana,observador.pt,pt,0.3,"Wegen Brandgefahr sperrt Lissabon 13 Waldgebiete. Monsanto, Tapada da Ajuda und 11 weitere Gebiete waren bis Montag geschlossen. Metro öffnet in den frühen Morgenstunden drei Stationen und zwei Pavillons, in denen schutzbedürftige Menschen willkommen sind.",Lisboa encerra 13 espaços florestais devido ao risco de fogo,"Monsanto, Tapada da Ajuda e mais 11 áreas encerradas até segunda-feira. Metro abre três estações durante a madrugada e dois pavilhões prontos para acolher vulneráveis.","Lisbon closes 13 forest areas due to the risk of fire. Monsanto, Tapada da Ajuda and 11 other areas closed until Monday. Metro opens three stations in the early hours of the morning and two pavilions ready to welcome vulnerable people.","Lisbon 13 areas silvas claudit propter incendii periculum. Monsanto, Tapada da Ajuda et 11 aliae areae clausae usque ad Lunae. Metro aperit tres stationes matutinis horis matutinis et duas umbraculas paratas ad excipiendos homines vulnerabiles.",https://observador.pt/2026/07/03/incendios-lisboa-encerra-13-espacos-florestais-devido-ao-risco-de-fogo/,https://wm.observador.pt/wm/l/https%3A%2F%2Fbordalo.observador.pt%2Fv2%2Frs%3Afill%3A770%3A403%2Fc%3A2000%3A1124%3Anowe%3A0%3A104%2Fq%3A70%2Ff%3Awebp%2Fplain%2Fhttps%3A%2F%2Fs3.observador.pt%2Fwp-content%2Fuploads%2F2018%2F08%2F03202702%2F9241326.jpg?layer=obstop:T,,"Acompanhe o nosso artigo em direto sobre a vaga de calor
Vários espaços verdes da cidade de Lisboa, como o Parque Florestal de Monsanto, vão estar encerrados entre sexta-feira e segunda-feira, na se… [+3791 chars]",,2026-07-06 17:50:03+00:00,wmo,Ghana,WAF,Africa
f303cc6bf4b8c46f5de48d0de146d021,2026-07-01T17:58:03Z,Heat Wave,calor,observador.pt,pt,0.7,"Hitze. „Wir erwarten einen Einfluss auf die Sterblichkeit.“ Der DGS-Koordinator für saisonale Gesundheit, Pedro Ferreira, warnt vor einer anhaltenden Ausnahmesituation und räumt Auswirkungen auf die Sterblichkeit ein.","Calor. ""Temos expectativa de impacto na mortalidade""","O Coordenador de Saúde Sazonal da DGS, Pedro Ferreira, alerta para uma situação de exceção prolongada e admite impacto na mortalidade.","Heat. ""We expect an impact on mortality."" The DGS Seasonal Health Coordinator, Pedro Ferreira, warns of a prolonged exceptional situation and admits an impact on mortality.","Caloris. "" Mortalem attingunt nos exspectamus."" Coordinator Salutem Temporalem DGS, Pedro Ferreira monet, diuturnae condicionis eximiae et mortalitatis ictum admittit.",https://observador.pt/programas/explicador/calor-temos-expectativa-de-impacto-na-mortalidade/,https://bordalo.observador.pt/v2/rs:fill:770:403/c:1551:877:nowe:0:222/q:70/f:webp/plain/https://s3.observador.pt/wp-content/uploads/2026/05/27143703/47186637.jpg,,Esta transcrição foi gerada automaticamente por Inteligência Artificial e pode conter erros ou imprecisões.As autoridades preveem um aumento da mortalidade nos próximos dias devido à nova onda de cal… [+7686 chars],,2026-07-06 17:50:03+00:00,random,,,
9dd7fe9f21968242b130af72bfe8a8e9,2026-07-01T22:26:08Z,Heat Wave,calor,observador.pt,pt,0.9,"In Lissabon gibt es zwei Pavillons, die Schutz vor der Hitze bieten. Pavillons in Areeiro und São Vicente werden nur in extremen Bedarfsfällen geöffnet. Die Bahnhöfe Oriente, Rossio und Santa Apolónia werden außerhalb der Öffnungszeiten für Obdachlose geöffnet sein.",Lisboa tem dois pavilhões preparados para abrigo do calor,"Pavilhões no Areeiro e em São Vicente só vão abrir em caso de extrema necessidade. Estações do Oriente, Rossio e Santa Apolónia vão estar abertas fora do horário de funcionamento para sem-abrigo.","Lisbon has two pavilions prepared to shelter from the heat. Pavilions in Areeiro and São Vicente will only open in cases of extreme need. Oriente, Rossio and Santa Apolónia stations will be open outside opening hours for homeless people.","Lisbon duas umbraculas a calore praeparatas habet. Paviliones in Areeiro et São Vicente aperient tantum in casibus extremae necessitatis. Oriente, Rossio et Santa Apolónia statio aperta foris horas aperient populo profugo.",https://observador.pt/2026/07/01/calor-lisboa-tem-dois-pavilhoes-preparados-para-abrigo-temporario-de-populacao-mais-vulneravel/,https://wm.observador.pt/wm/l/https%3A%2F%2Fbordalo.observador.pt%2Fv2%2Frs%3Afill%3A770%3A403%2Fc%3A2000%3A1122%3Anowe%3A0%3A59%2Fq%3A70%2Ff%3Awebp%2Fplain%2Fhttps%3A%2F%2Fs3.observador.pt%2Fwp-content%2Fuploads%2F2026%2F07%2F01183339%2F28762103.jpg?layer=obstop:T,,"A Câmara de Lisboa preparou o Pavilhão Casal Vistoso, no Areeiro, e o Pavilhão Manuel Castelo Branco, em São Vicente, para funcionarem, em caso de necessidade, como abrigos temporários para a populaç… [+3763 chars]",,2026-07-06 17:50:03+00:00,random,,,
a4bd13d253be3f74de983d09242c0970,2026-07-02T17:39:14Z,Heat Wave,dia mais quente,observador.pt,pt,0.9,"Hitzerekord: die heißesten und kühlsten Orte. Es wird der heißeste Tag des Jahres – nicht einmal Viana do Castelo kann sich ihm entziehen. Aber was hat es überhaupt mit dem iberischen Ofen auf sich? Und Überraschung: Während hier Ventilatoren gekauft werden, liegen die Brasilianer im Süden unter Schnee.",Recorde de calor: os sítios mais quentes e os mais frescos,"Vai ser o dia mais quente do ano — nem Viana do Castelo escapa. Mas o que é isto do forno ibérico afinal? E surpresa: enquanto cá se compram ventoínhas, os brasileiros do sul estão debaixo de neve.","Heat record: the hottest and coolest places. It's going to be the hottest day of the year — not even Viana do Castelo can escape it. But what is this about the Iberian oven anyway? And surprise: while fans are being bought here, Brazilians in the south are under snow.","Caloris testimonium: loca calidissima et frigidissima. Dies anni calidissimus futurus est — ne Viana quidem Castelo effugere potest. Sed quid hoc de clibano Hibero usquam? Et mirum: dum hic fana emuntur, Braziliani in australi sub nive sunt.",https://observador.pt/programas/quente-e-frio/recorde-de-calor-os-sitios-mais-quentes-e-os-mais-frescos/,https://bordalo.observador.pt/v2/rs:fill:770:403/c:770:433:nowe:0:0/q:70/f:webp/plain/https://s3.observador.pt/wp-content/uploads/2026/07/02151502/770-podcast.jpg,,"Esta transcrição foi gerada automaticamente por Inteligência Artificial e pode conter erros ou imprecisões.Seja bem-vindo ao ""Quente e Frio"", um novo programa da Rádio Observador com a Filomena Marti… [+6930 chars]",,2026-07-06 17:50:03+00:00,random,,,
41b25e37bcb9389a78d8e2e6296118da,2026-07-03T17:50:20Z,Heat Wave,calor,observador.pt,pt,0.9,"Wie Notunterkünfte während einer Hitzewelle funktionieren. Chambers hat Noträume und Pläne zum Schutz der Schwächsten eingerichtet. Es gibt jedoch Unterschiede in der Art und Weise, wie die einzelnen Kommunen reagieren – und wer die Initiative ergreift.",Como funcionam os abrigos temporários na onda de calor,Câmaras ativaram espaços e planos de emergência para proteger os mais vulneráveis. Mas há diferenças na forma como cada município responde — e em quem toma a iniciativa.,How temporary shelters work during a heat wave. Chambers activated emergency spaces and plans to protect the most vulnerable. But there are differences in how each municipality responds — and who takes the initiative.,Quam temporalia tabernacula in aestu fluctu laborant. Cubicularia spatiis repentinis reducitur et consilia vulnerabilia defendunt. Sed differentiae sunt quomodo quisque municipium respondeat - et qui praesunt.,https://observador.pt/especiais/calor-quando-se-trata-de-chegar-aos-abrigos-temporarios-das-autarquias-a-proximidade-e-o-que-mais-importa/,https://wm.observador.pt/wm/l/https%3A%2F%2Fbordalo.observador.pt%2Fv2%2Frs%3Afill%3A770%3A403%2Fc%3A2000%3A1122%3Anowe%3A0%3A203%2Fq%3A70%2Ff%3Awebp%2Fplain%2Fhttps%3A%2F%2Fs3.observador.pt%2Fwp-content%2Fuploads%2F2026%2F05%2F27143703%2F47186637.jpg?layer=obstop:T,,"Autarquias aproveitam as ZCAP. DGS recomendou abertura de abrigos em circular enviada pela ANMP aos municípios
Tanto em Mora como em Moura, as autarquias aproveitaram algo que já na pandemia tinha s… [+5134 chars]",,2026-07-06 17:50:03+00:00,random,,,
b47ace730427b8f54ed006143a698487,2026-07-05T08:38:10Z,Heat Wave,calor,observador.pt,pt,0.9,Noch immer kämpfen 1.200 Einsatzkräfte gegen den Brand in Vouzela. Mehr als 400 Grundstücke und 1.200 Betriebsvermögen in Vouzela. Sieben Bezirke des Kontinents unterliegen weiterhin der Hitzewarnung mit Temperaturen von bis zu 44 Grad.,1.200 operacionais ainda combatem o incêndio em Vouzela,"Mais de 400 meios terrestres e 1.200 operacionais em Vouzela. Sete distritos do continente permanecem sob aviso vermelho de calor, com temperaturas que podem atingir os 44 graus.","1,200 operators are still fighting the fire in Vouzela. More than 400 land assets and 1,200 operational assets in Vouzela. Seven districts on the continent remain under red heat warning, with temperatures that could reach 44 degrees.","1, 200 operarii adhuc cum igne in Vouzela pugnant. Plus quam 400 bona terra et 1,200 bona operativa in Vouzela. Septem regiones in continenti manent monito calore rubeo, cum temperaturis quae 44 gradus attingere potuerunt.",https://observador.pt/liveblogs/incendio-em-vouzela-continua-ativo-com-uma-frente-dominada-1-300-bombeiros-combatem-as-chamas-em-todo-o-pais/,https://wm.observador.pt/wm/l/https%3A%2F%2Fbordalo.observador.pt%2Fv2%2Frs%3Afill%3A770%3A403%2Fc%3A2025%3A1136%3Anowe%3A0%3A105%2Fq%3A70%2Ff%3Awebp%2Fplain%2Fhttps%3A%2F%2Fs3.observador.pt%2Fwp-content%2Fuploads%2F2026%2F07%2F03205836%2Fgco-dincendio-vouzela-3-julho-2026-029.jpg?layer=obstop:T,,"O Instituto Português do Mar e da Atmosfera (IPMA) mantém hoje sete distritos de Portugal continental sob aviso vermelho devido à onda de calor, menos seis do que no sábado.
Segundo o IPMA, o aviso … [+803 chars]",,2026-07-06 17:50:03+00:00,random,,,
62f0e9546a955fc94c6ca649a0fa23ee,2026-07-02T09:27:03Z,Precipitation,chuva Bulgária,observador.pt,pt,0.3,"In 10 Bezirken wurde die Warnstufe Rot bis Sonntag verlängert. Die rote Warnung gilt an diesem Donnerstag in den Bezirken Portalegre, Évora und Beja sowie in Santarém und Lissabon, wobei die letzten beiden Bezirke am Freitag um 23 Uhr orange werden.",Aviso vermelho alargado até domingo em 10 distritos,"O aviso vermelho está esta quinta-feira ativo nos distritos de Portalegre, Évora e Beja, assim como em Santarém e Lisboa, sendo que os últimos dois distritos passam a laranja às 23h de sexta-feira.","Red warning extended until Sunday in 10 districts. The red warning is active this Thursday in the districts of Portalegre, Évora and Beja, as well as in Santarém and Lisbon, with the last two districts turning orange at 11pm on Friday.","Monitio rubra extenditur usque ad diem dominicum in 10 districtu. Monitum rubrum efficax est hoc Iovis in regionibus Portalegre, Evora et Beja, nec non in Santarém et Lisbon, cum duobus proximis regionibus die 11 post meridiem orange quod Veneris die.",https://observador.pt/2026/07/02/aviso-vermelho-alargado-ate-domingo-em-10-distritos/,https://wm.observador.pt/wm/l/https%3A%2F%2Fbordalo.observador.pt%2Fv2%2Frs%3Afill%3A770%3A403%2Fc%3A770%3A433%3Anowe%3A0%3A0%2Fq%3A70%2Ff%3Awebp%2Fplain%2Fhttps%3A%2F%2Fs3.observador.pt%2Fwp-content%2Fuploads%2F2020%2F09%2F06104045%2F14559919_770x433_acf_cropped.jpg?layer=obstop:T,,"Acompanhe o nosso liveblog sobre a vaga de calor em Portugal
O aviso vermelho devido ao calor foi alargado até domingo em 10 distritos do litoral e do interior sul do país, anunciou esta quinta-feir… [+2209 chars]",,2026-07-07 17:24:56+00:00,wmo,Bulgaria,MED,Europe
986809e544208ceca71e0f9dfe5bbe90,2026-07-02T12:31:37Z,Wildfire,incêndio florestal na região de Kemerovo,observador.pt,pt,0.3,Faro verfügt über klimatisierte Orte für gefährdete Menschen. Die Plätze sind von diesem Donnerstag bis zum 10. Juli in der Stadtbibliothek am Montag von 14:30 bis 19:30 Uhr und von Dienstag bis Freitag von 9:30 bis 19:30 Uhr geöffnet.,Faro tem locais climatizados para pessoas vulneráveis,"Os espaços vão funcionar, entre esta quinta-feira e 10 de julho, na biblioteca municipal, na segunda-feira, entre as 14h30 e as 19h30, e de terça a sexta-feira, entre as 9h30 e as 19h30.","Faro has air-conditioned places for vulnerable people. The spaces will be open, between this Thursday and July 10th, at the municipal library, on Monday, between 2:30 pm and 7:30 pm, and from Tuesday to Friday, between 9:30 am and 7:30 pm.","Faro loca aeraria pro vulnerabilibus hominibus habet. Spatia aperta erunt, inter hanc quintam et 10 iulii, in bibliotheca municipali, die Lunae, inter 2:30 post meridiem et 7:30 post meridiem, et a die Martis ad Veneris, inter 9:30 am et 7:30 pm.",https://observador.pt/2026/07/02/faro-disponibiliza-locais-climatizados-para-abrigo-da-populacao-vulneravel/,https://wm.observador.pt/wm/l/https%3A%2F%2Fbordalo.observador.pt%2Fv2%2Frs%3Afill%3A770%3A403%2Fc%3A2000%3A1123%3Anowe%3A0%3A59%2Fq%3A70%2Ff%3Awebp%2Fplain%2Fhttps%3A%2F%2Fs3.observador.pt%2Fwp-content%2Fuploads%2F2023%2F08%2F20124038%2F40688558.jpg?layer=obstop:T,,"Acompanhe o nosso liveblog sobre a atual onda de calor em Portugal
A Câmara de Faro vai disponibilizar a partir desta quinta-feira equipamentos municipais para servirem como abrigos temporários clim… [+1932 chars]",,2026-07-07 17:24:56+00:00,wmo,Russia,ESB,Europe
c7989a94f788cda9049d5f520268e9c3,2026-07-02T13:00:15Z,Tropical Cyclone,tufão estados unidos,observador.pt,pt,0.3,"Umweltminister fordert Wassereinsparungen und räumt Stromausfälle ein. Maria da Graça Carvalho stellte fest, dass es in einigen Gemeinden einen „überdurchschnittlichen Wasserverbrauch“ gäbe, und forderte die Bevölkerung auf, etwas Vorsicht walten zu lassen.",Ministra do Ambiente pede economia de água e admite apagões,"Maria da Graça Carvalho observou que há alguns concelhos onde se regista ""uma utilização da água acima do normal"", pedindo à população alguma parcimónia.","Minister of the Environment calls for water savings and admits blackouts. Maria da Graça Carvalho observed that there are some municipalities where there is ""a higher than normal use of water"", asking the population to exercise some caution.","Minister environment in aqua compendia vocat et blackouts admittit. Maria da Graça Carvalho animadvertebat quaedam municipia esse ubi ""altior aquae usus esset"", incolarum rogans ut cautelam aliquam exerceret.",https://observador.pt/2026/07/02/ministra-do-ambiente-pede-economia-de-agua-e-admite-apagoes-localizados-devido-ao-calor/,https://wm.observador.pt/wm/l/https%3A%2F%2Fbordalo.observador.pt%2Fv2%2Frs%3Afill%3A770%3A403%2Fc%3A2000%3A1122%3Anowe%3A0%3A99%2Fq%3A70%2Ff%3Awebp%2Fplain%2Fhttps%3A%2F%2Fs3.observador.pt%2Fwp-content%2Fuploads%2F2026%2F07%2F02133815%2F47384570.jpg?layer=obstop:T,,"Acompanhe o nosso liveblog sobre a atual onda de calor em Portugal
A ministra do Ambiente e Energia pediu esta quinta-feira à população para tentar fazer “uma economia de água” e “usar só mesmo a es… [+3615 chars]",,2026-07-07 17:24:56+00:00,wmo,United States,CNA,North-America
be83034c4a10ac029afe074cfcc9eda1,2026-07-03T12:14:33Z,Heat Wave,verão indiano,observador.pt,pt,0.3,"Die 13-Uhr-Nachrichten. Das Dorf Matadagas wurde letzte Nacht evakuiert, während die Evakuierungsaktion in Mansores im Gange ist. Darüber hinaus wurde Luísa Neto im Parlament zur Ombudsfrau gewählt.",As notícias das 13h,"A aldeia de Matadagas foi evacuada durante a última noite, já a operação de evacuação de Mansores está a decorrer. Ainda, no Parlamento, Luísa Neto foi eleita Provedora de Justiça.","The 1pm news. The village of Matadagas was evacuated last night, while the Mansores evacuation operation is underway. Furthermore, in Parliament, Luísa Neto was elected Ombudsman.","The 1pm news. Villa Matadaga heri emissus est, dum Mansores emissus operandi comparatus est. Praeterea in parlamento Luísa Neto Ombudsman electus est.",https://observador.pt/programas/noticiario/as-noticias-das-13h-2374/,https://bordalo.observador.pt/v2/rs:fill:770:403/c:770:433:nowe:0:0/q:70/f:webp/plain/https://s3.observador.pt/wp-content/uploads/2026/06/15153459/770-podcast-noticiario.png,,"Esta transcrição foi gerada automaticamente por Inteligência Artificial e pode conter erros ou imprecisões.É uma hora. Está a começar o Jornal da Uma, com a edição do Vasco Maldonado Correia. Vasco, … [+7963 chars]",,2026-07-07 17:24:56+00:00,random,,,
845b530be2090a4431028bcd9f64b2ea,2026-07-06T05:53:15Z,Precipitation,chuva belize,observador.pt,pt,0.3,"Brand in Oeiras mobilisiert 43 Einsatzkräfte. Ein Brand in Oeiras mobilisiert 43 Einsatzkräfte, in der Ferne ist eine Rauchsäule sichtbar. Die Alarmlage endet diesen Montag um 23:59 Uhr.",Fogo em Oeiras mobiliza 43 operacionais,"Um fogo em Oeiras está a mobilizar 43 operacionais, com uma coluna de fumo a ser visível à distância. Situação de alerta termina às 23h59 desta segunda-feira.","Fire in Oeiras mobilizes 43 operatives. A fire in Oeiras is mobilizing 43 operatives, with a column of smoke being visible in the distance. Alert situation ends at 11:59 pm this Monday.","Ignis in Oeiras convocat 43 operativos. Ignis in Oeiras est movens 43 operativa, cum fumi distantia visibilis. Res erecta terminatur ad 11:59 post meridiem haec Lunae.",https://observador.pt/liveblogs/fogo-em-oeiras-mobiliza-43-operacionais-situacao-de-alerta-termina-esta-segunda-feira/,https://wm.observador.pt/wm/l/https%3A%2F%2Fbordalo.observador.pt%2Fv2%2Frs%3Afill%3A770%3A403%2Fc%3A1600%3A899%3Anowe%3A0%3A150%2Fq%3A70%2Ff%3Awebp%2Fplain%2Fhttps%3A%2F%2Fs3.observador.pt%2Fwp-content%2Fuploads%2F2026%2F07%2F06064506%2Fwhatsapp-image-2026-07-06-at-064016.jpeg?layer=obstop:T,,"Mais de uma centena de concelhos do interior norte e centro estão hoje em perigo máximo de incêndio, bem como 10 concelhos dos distritos de Évora, Beja e Faro, segundo o Instituto Português do Mar e … [+1821 chars]",,2026-07-07 17:24:56+00:00,wmo,Belize,SCA,North-America
28a31339accd0eedc4e295fcc039c605,2026-07-06T07:09:26Z,Thunderstorm,tempo severo Índia,observador.pt,pt,0.3,"GNR hat bereits 134 Personen wegen Brandstiftung festgenommen. GNR weist darauf hin, dass die meisten Festnahmen mit unangemessenem Verhalten beim Einsatz von Feuer in Zusammenhang stehen. Darüber hinaus führte die Polizei 4.680 Aufklärungskampagnen durch und verteilte 8.549 Schilder.",GNR já deteve 134 pessoas por crime de incêndio,GNR indica que a maior parte das detenções é referente a comportamentos desadequados no uso do fogo. A força policial realizou ainda 4.680 ações de sensibilização e efetuou 8.549 sinalizações.,"GNR has already detained 134 people for arson crimes. GNR indicates that the majority of arrests are related to inappropriate behavior in the use of fire. The police force also carried out 4,680 awareness campaigns and issued 8,549 signs.","GNR 134 homines iam ad incendia detinentur. GNR indicat plures evincit mores inconueniens in usu ignis comparantur. Vigilum vis etiam peracta est 4,680 expeditionum conscientia et signa 8,549 edita.",https://observador.pt/2026/07/06/gnr-ja-deteve-mais-de-130-pessoas-por-crime-de-incendio/,https://wm.observador.pt/wm/l/https%3A%2F%2Fbordalo.observador.pt%2Fv2%2Frs%3Afill%3A770%3A403%2Fc%3A2000%3A1124%3Anowe%3A0%3A105%2Fq%3A70%2Ff%3Awebp%2Fplain%2Fhttps%3A%2F%2Fs3.observador.pt%2Fwp-content%2Fuploads%2F2025%2F08%2F03092000%2F45428203.jpg?layer=obstop:T,,"Siga aqui o nosso liveblog sobre os incêndios em Portugal
A GNR já deteve este ano 134 pessoas pelo crime de incêndio, anunciou a corporação, que reforçou o patrulhamento em todo o país face ao agra… [+2568 chars]",,2026-07-07 17:24:56+00:00,wmo,India,SAS,Asia
ea4fdc538e7e87611420b57a477a313a,2026-07-02T12:42:41Z,Heat Wave,calor,greensavers.sapo.pt,pt,0.7,"Hitze: Umweltminister fordert „Wassersparen“ und räumt örtliche Stromausfälle ein. Im Gespräch mit Journalisten in Galizien, Spanien, wo sie eine neue Stromverbindung zwischen Portugal und Spanien einweihte, stellte Maria da Graça Carvalho fest, dass es einige Gemeinden gibt, in denen der Wasserverbrauch „über dem Normalwert liegt“, und forderte die Bevölkerung auf, …",Calor: Ministra do Ambiente pede “economia de água” e admite apagões localizados,"Em declarações aos jornalistas na Galiza, Espanha, onde inaugurou uma nova interligação elétrica entre Portugal e Espanha, Maria da Graça Carvalho observou que há alguns concelhos onde se regista “uma utilização da água acima do normal”, pedindo à população a…","Heat: Minister of the Environment calls for “water savings” and admits localized blackouts. Speaking to journalists in Galicia, Spain, where she inaugurated a new electrical interconnection between Portugal and Spain, Maria da Graça Carvalho noted that there are some municipalities where there is “above normal water use”, asking the population to...","Calor: Minister Operationis ""peculium aquae"" vocat et blackouts locales admittit. Loquens cum diurnariis in Galicia, Hispania, ubi novam connexionem electricam inter Portugalliam et Hispaniam inauguravit, Maria da Graça Carvalho animadverterunt quaedam esse municipia ubi ""supra usum aquarum"", incolas quaerens...",https://greensavers.sapo.pt/calor-ministra-do-ambiente-pede-economia-de-agua-e-admite-apagoes-localizados/,https://greensavers.sapo.pt/wp-content/uploads/2024/04/Maria-da-Graca-Carvalho.jpg,,"A ministra do Ambiente e Energia pediu hoje à população para tentar fazer uma economia de água e usar só mesmo a essencial por causa do aviso vermelho devido ao calor.
Em declarações aos jornalistas… [+3484 chars]",,2026-07-07 17:24:56+00:00,random,,,
d147ef6bdb9dc6444c0303a5b2afaecb,2026-07-02T12:07:41Z,Wildfire,incêndio florestal,observador.pt,pt,0.9,"Verhaftet wegen des Verdachts, Estarreja in Brand gesteckt zu haben. Der 39-jährige Verdächtige ist wegen des Waldbrandverbrechens vom 14. Mai in Estarreja schwer angeklagt.",Detido suspeito de atear fogo em Estarreja,"O suspeito, de 39 anos, está fortemente indiciado pela prática do crime de incêndio florestal, ocorrido no dia 14 de maio, em Estarreja.","Arrested on suspicion of setting fire to Estarreja. The suspect, aged 39, is heavily indicted for the crime of forest fire, which occurred on May 14, in Estarreja.","Suspicione comprehensus Estarreja incendendi causa. Suspicio, annos natus 39, graviter accusatur ob crimen ignis silvae, quod die 14 mensis Maii factum est, in Estarreja.",https://observador.pt/2026/07/02/incendios-detido-suspeito-de-atear-fogo-em-estarreja/,https://wm.observador.pt/wm/l/https%3A%2F%2Fbordalo.observador.pt%2Fv2%2Frs%3Afill%3A770%3A403%2Fc%3A2000%3A1122%3Anowe%3A0%3A88%2Fq%3A70%2Ff%3Awebp%2Fplain%2Fhttps%3A%2F%2Fs3.observador.pt%2Fwp-content%2Fuploads%2F2026%2F04%2F14130314%2F45691989.jpg?layer=obstop:T,,"Acompanhe o nosso liveblog sobre a atual onda de calor em Portugal
A Polícia Judiciária (PJ) deteve um homem, de 39 anos, suspeito de ter ateado um incêndio florestal em maio no concelho de Estarrej… [+698 chars]",,2026-07-07 17:24:56+00:00,random,,,
69b7977aac89baa6fe438f8619f895a6,2026-07-03T10:46:27Z,Heat Wave,calor,greensavers.sapo.pt,pt,0.9,Von der Hitzewelle im Juni waren in Europa 410 Millionen Menschen betroffen. Laut einer Studie der Agence France Presse (AFP) waren irgendwann während der Hitzewelle Ende Juni letzten Jahres fast die gesamte Bevölkerung des französischen Festlandes und mehr als drei Viertel der Bevölkerung Spaniens und Italiens von Temperaturen über 35 °C betroffen …,Onda de calor de junho afetou 410 milhões de pessoas na Europa,"Segundo a pesquisa da Agência France Presse (AFP) Em algum momento da onda de calor do final do passado mês de junho, as temperaturas superiores a 35°C afetaram quase toda a população da França continental e mais de três quartos das populações de Espanha e It…","June heat wave affected 410 million people in Europe. According to research by Agence France Presse (AFP) At some point during the heat wave at the end of last June, temperatures exceeding 35°C affected almost the entire population of mainland France and more than three quarters of the populations of Spain and Italy…","Iunius aestu fluctus 410 miliones hominum in Europa afficiebat. Secundum investigationem ab Agence Gallia Presse (AFP) In aliquo puncto in aestu aestu exeunte exeunte Iunio, temperaturas 35°C excedentes paene totam continentem Galliam et multitudinem incolarum Hispaniae et Italiae plusquam tres partes afficiebat.",https://greensavers.sapo.pt/onda-de-calor-de-junho-afetou-410-milhoes-de-pessoas-na-europa/,https://greensavers.sapo.pt/wp-content/uploads/2024/08/Calor-1024x604.jpg,,"Segundo a pesquisa da Agência France Presse (AFP) Em algum momento da onda de calor do final do passado mês de junho, as temperaturas superiores a 35°C afetaram quase toda a população da França conti… [+2151 chars]",,2026-07-07 17:24:56+00:00,random,,,
390dd7201ce6e7715991c638b4b57169,2026-07-03T17:49:52Z,Heat Wave,calor,observador.pt,pt,0.9,Fertagus reduziert die Zusammensetzung aufgrund eines Ausfalls der Klimaanlage. Der Verkehr zwischen Roma/Areeiro und Coina wechselt bis zum Ende des Nachmittags vom Doppel- zum Einzelverkehr. In Portugal gilt aufgrund der Hitze für 12 Bezirke die rote Warnwarnung.,Fertagus reduz composições por avaria no ar condicionado,Circulações entre Roma/Areeiro e Coina passam de duplas para simples até ao fim da tarde. Portugal tem 12 distritos sob aviso vermelho devido ao calor.,Fertagus reduces compositions due to air conditioning failure. Circulation between Roma/Areeiro and Coina changes from doubles to singles until the end of the afternoon. Portugal has 12 districts under red warning due to heat.,Fertagus compositiones ob defectum aeris condiciones minuit. Circulatio inter Roma/Areeiro et Coina mutationes ab duplis ad singulas usque ad finem pomeridianam. Portugallia habet 12 regiones sub rubore admonitionis ob calorem.,https://observador.pt/2026/07/03/fertagus-reduz-composicoes-devido-a-avaria-em-sistema-de-ar-condicionado/,https://wm.observador.pt/wm/l/https%3A%2F%2Fbordalo.observador.pt%2Fv2%2Frs%3Afill%3A770%3A403%2Fc%3A2000%3A1124%3Anowe%3A0%3A104%2Fq%3A70%2Ff%3Awebp%2Fplain%2Fhttps%3A%2F%2Fs3.observador.pt%2Fwp-content%2Fuploads%2F2026%2F01%2F06092353%2F44217686.jpg?layer=obstop:T,,"Uma avaria no sistema de ar condicionado obrigou esta sexta-feira a Fertagus a reduzir a composição de alguns comboios, passando de duplos para simples, no sentido Roma/Areeiro (Lisboa) – Coina e vic… [+2751 chars]",,2026-07-07 17:24:56+00:00,random,,,
1d0994388e674e20d8565615eed8abfb,2026-07-02T11:15:24Z,Heat Wave,calor,observador.pt,pt,0.9,"12 Uhr. Hitzewelle. Die Regierung ruft die Alarmsituation aus. Ankündigung des Innenministers. Es wurden Ausnahmeanordnungen erlassen, um den Einsatz von Maschinen zu verbieten. Darüber hinaus stieg die Zahl der Todesopfer beim größten Angriff auf Kiew seit Kriegsbeginn auf 18.",12h. Onda de calor. Governo declara situação de alerta,"Anúncio do ministro da Administração Interna. Emitidos despachos de exceção para proibir o uso de maquinaria. Ainda, subiu para 18 o número de mortos no maior ataque a Kiev desde o início da guerra.","12pm. Heat wave. Government declares alert situation. Announcement by the Minister of Internal Affairs. Exceptional orders were issued to prohibit the use of machinery. Furthermore, the death toll in the biggest attack on Kiev since the start of the war rose to 18.",12pm. Caloris fluctus. Res publica erecta declarat. Nuntio a Ministro Negotiis Internum. Iussus eximii edicti sunt ad usum machinationis prohibendum. Ceterum portorium mortis in maxima oppugnatione Kioviae ab initio belli XVIII orta est.,https://observador.pt/programas/noticiario/as-noticias-das-12h-2374/,https://bordalo.observador.pt/v2/rs:fill:770:403/c:770:433:nowe:0:0/q:70/f:webp/plain/https://s3.observador.pt/wp-content/uploads/2026/06/15153459/770-podcast-noticiario.png,,"Esta transcrição foi gerada automaticamente por Inteligência Artificial e pode conter erros ou imprecisões.Observador, é meio-dia. Está a começar o Jornal do Meio-Dia com a edição do Vasco Maldonado … [+10296 chars]",,2026-07-07 21:37:18+00:00,random,,,
ff9842cd166dc12cff45e6131640590f,2026-07-02T14:50:32Z,Heat Wave,calor,pplware.sapo.pt,pt,0.9,"Hitzewelle: Regierung ruft Alarmsituation aus. Kennen Sie die geltenden Verbote. Hohe Temperaturen und die zunehmende Brandgefahr veranlassten die portugiesische Regierung, ab Mitternacht eine Alarmsituation auszurufen. Die Maßnahme gilt bis 23:59 Uhr.",Onda de calor: Governo declara situação de alerta. Conheça as proibições em vigor,As temperaturas elevadas e o agravamento do risco de incêndio levaram o Governo português a declarar a situação de alerta a partir da meia noite. A medida estará em vigor até às 23h59 de...,Heat wave: Government declares alert situation. Know the prohibitions in force. High temperatures and the worsening risk of fire led the Portuguese Government to declare an alert situation from midnight. The measure will be in force until 11:59 pm on...,aestus fluctuat: gubernatio situ intenti declarat. Scire vetitum in vi. Maximum temperaturae periculum et ignis augescens Gubernationem Lusitani ad declarandam acris condicionem a media nocte adduxit. Mensura vigebit usque ad 11:59 post meridiem in...,https://pplware.sapo.pt/informacao/onda-de-calor-governo-declara-situacao-de-alerta-conheca-as-proibicoes-em-vigor/,https://pplware.sapo.pt/wp-content/uploads/2026/06/calor_extremo00.webp,,As temperaturas elevadas e o agravamento do risco de incêndio levaram o Governo português a declarar a situação de alerta a partir da meia noite. A medida estará em vigor até às 23h59 de segunda-feir… [+2897 chars],,2026-07-07 21:37:18+00:00,random,,,
e751512eb58c3e4a2491b91675dc2625,2026-07-06T16:28:34Z,Tropical Cyclone,ciclone,observador.pt,pt,0.9,"Die Temperaturen werden auf 11 °C sinken. Aber erst ab Donnerstag. Es wird heiß bleiben, aber ohne heiße Nächte oder Höllentage. Schuld daran ist das Hochdruckgebiet der Azoren, das sich den Britischen Inseln nähert und das Fenster für den Eintritt von Atlantikluft offen lässt.",Temperaturas vão cair até 11ºC. Mas só a partir de quinta,"Continuará calor, mas sem noites tórridas nem dias de inferno. Culpa do anticiclone dos Açores que se muda para perto das Ilhas Britânicas e deixa a janela aberta para que o ar do Atlântico entre.","Temperatures will drop to 11ºC. But only from Thursday. It will remain hot, but without torrid nights or days of hell. Blame it on the Azores anticyclone that moves close to the British Isles and leaves the window open for Atlantic air to enter.","Temperaturae ad 11ºC decident. sed solum a Iovis. Manebit aestus, sed sine fervida nocte, seu dies gehennae. Culpa in Azores anticyclo, quae proxima ad Insulas Britannicas movetur et fenestram apertam relinquit ad aerem Atlanticum intrandum.",https://observador.pt/programas/quente-e-frio/temperaturas-vao-cair-ate-11oc-mas-so-a-partir-de-quinta/,https://bordalo.observador.pt/v2/rs:fill:770:403/c:770:433:nowe:0:0/q:70/f:webp/plain/https://s3.observador.pt/wp-content/uploads/2026/07/02151502/770-podcast.jpg,,"Esta transcrição foi gerada automaticamente por Inteligência Artificial e pode conter erros ou imprecisões.Seja muito bem-vindo a mais uma edição de ""Quente e Frio"". Todas as tardes na Rádio Observad… [+6204 chars]",,2026-07-07 21:37:18+00:00,random,,,
ab923c42c73f583db1897c75941ff30b,2026-07-02T06:38:16Z,Wildfire,proibição de incêndio no sul da Austrália,observador.pt,pt,0.3,"Fast im gesamten Land herrscht maximale und sehr hohe Brandgefahr. Fast der gesamte Kontinent ist einem hohen oder maximalen Risiko ausgesetzt. Am Donnerstag herrschte in fünf Bezirken rote Warnung, ab Freitag stieg sie auf zwölf. Der Katastrophenschutz aktiviert die besondere Bereitschaftsstufe III.",Quase todo o país em risco máximo e muito elevado de fogo,"Quase todo o continente em risco elevado ou máximo. Quinta-feira com aviso vermelho em cinco distritos, subindo para 12 a partir de sexta-feira. Proteção Civil ativa nível III de prontidão especial.","Almost the entire country is at maximum and very high risk of fire. Almost the entire continent at high or maximum risk. Thursday with red warning in five districts, rising to 12 from Friday. Civil Protection activates special readiness level III.","Fere tota terra in maximo et maximo periculo ignis est. Fere tota continens in magno vel maximo periculo. Feria quinta cum rubea monitione in quinque regionibus, ortu Veneris ad 12 a. Civilis Praesidium specialem promptitudinem operatur III.",https://observador.pt/2026/07/02/quase-todo-o-pais-em-risco-maximo-e-muito-elevado-de-incendio/,https://wm.observador.pt/wm/l/https%3A%2F%2Fbordalo.observador.pt%2Fv2%2Frs%3Afill%3A770%3A403%2Fc%3A2000%3A1122%3Anowe%3A0%3A211%2Fq%3A70%2Ff%3Awebp%2Fplain%2Fhttps%3A%2F%2Fs3.observador.pt%2Fwp-content%2Fuploads%2F2025%2F09%2F23182402%2F45713935.jpg?layer=obstop:T,,"Acompanhe aqui o nosso artigo em direto sobre a onda de calor
Todo o interior Norte e Centro do país está esta quinta-feira em perigo máximo de incêndio, que atinge igualmente alguns concelhos dos d… [+3037 chars]",,2026-07-08 16:45:54+00:00,acwe,Australia,SAU,Oceania
707d36a5e317c59771ed1f40ea2268b5,2026-07-07T06:35:18Z,Heat Wave,calor,observador.pt,pt,0.9,"Rund einhundert Gemeinden sind von maximaler Brandgefahr betroffen. Brandgefahrwarnungen werden mit „der Aufrechterhaltung der Hitzewelle“, möglichen Gewittern und Windböen über 40 Stundenkilometern erklärt. Die Regierung schlägt vorbeugende Maßnahmen vor.",Cerca de cem concelhos em perigo máximo de incêndio,"Avisos de perigo de incêndio são explicados com ""a manutenção da onda de calor"", possíveis trovoadas e rajadas de vento acima dos 40 quilómetros por hora. Governo sugere medidas preventivas.","Around one hundred municipalities are at maximum fire danger. Fire danger warnings are explained with ""the maintenance of the heat wave"", possible thunderstorms and wind gusts above 40 kilometers per hour. Government suggests preventive measures.","Circum centum municipia sunt ad maximum incendium periculum. Monitiones periculi ignis explicantur cum ""tuendo fluctus aestus"", procellarum possibilium et procellarum venti supra 40 chiliometrorum per horae. Imperium consilium praecaventiae suggerit.",https://observador.pt/2026/07/07/cerca-de-uma-centena-de-concelhos-em-perigo-maximo-de-incendio/,https://wm.observador.pt/wm/l/https%3A%2F%2Fbordalo.observador.pt%2Fv2%2Frs%3Afill%3A770%3A403%2Fc%3A2000%3A1122%3Anowe%3A0%3A122%2Fq%3A70%2Ff%3Awebp%2Fplain%2Fhttps%3A%2F%2Fs3.observador.pt%2Fwp-content%2Fuploads%2F2025%2F09%2F19223728%2F45691987.jpg?layer=obstop:T,,"Cerca de uma centena de concelhos do interior norte e centro estão esta terça-feira em perigo máximo de incêndio, bem como 13 concelhos dos distritos de Évora, Beja e Faro, à semelhança de segunda-fe… [+3093 chars]",,2026-07-08 16:45:54+00:00,random,,,
92cf010de8475eb5d5c9d16ad4e8cbe3,2026-07-07T07:21:03Z,Heat Wave,calor,observador.pt,pt,0.9,"Sieben Bezirke auf dem Festland unterliegen der orangefarbenen Hitzewarnung. Die orangefarbene Warnung erstreckt sich aufgrund der hohen Temperaturen auf Bragança, Évora, Guarda, Faro, Beja, Castelo Branco und Portalegre, teilte die IPMA mit.",Sete distritos do continente sob aviso laranja por calor,"O aviso laranja estende-se a Bragança, Évora, Guarda, Faro, Beja, Castelo Branco e Portalegre devido às elevadas temperaturas, anunciou o IPMA.","Seven mainland districts under orange heat warning. The orange warning extends to Bragança, Évora, Guarda, Faro, Beja, Castelo Branco and Portalegre due to the high temperatures, announced the IPMA.","Septem continentes regiones sub calore aurantiorum monentes. Monitio aurantiaca ad Bragança, Evora, Guarda, Faro, Beja, Castelo Branco et Portalegre propter aestus aestus extendit, IPMA denuntiavit.",https://observador.pt/2026/07/07/sete-distritos-do-continente-sob-aviso-laranja-devido-ao-tempo-quente/,https://wm.observador.pt/wm/l/https%3A%2F%2Fbordalo.observador.pt%2Fv2%2Frs%3Afill%3A770%3A403%2Fc%3A2000%3A1124%3Anowe%3A0%3A104%2Fq%3A70%2Ff%3Awebp%2Fplain%2Fhttps%3A%2F%2Fs3.observador.pt%2Fwp-content%2Fuploads%2F2026%2F07%2F01172448%2F47387035.jpg?layer=obstop:T,,"Os distritos de Bragança, Évora, Guarda, Faro, Beja, Castelo Branco e Portalegre estão esta terça-feira sob aviso laranja por causa do tempo quente, segundo o Instituto Português do Mar e da Atmosfer… [+2023 chars]",,2026-07-08 16:45:54+00:00,random,,,
96270918523092b5521becef7ec4abc2,2026-07-01T13:14:19Z,Heat Wave,calor,observador.pt,pt,0.9,"14 Uhr. Die Regierung bittet ENSE um eine Analyse der Kraftstoffpreise. Umweltminister will wissen, warum der Rückgang der Treibstoffpreise langsamer verläuft als der Anstieg aufgrund des Nahost-Konflikts. Darüber hinaus rechnet die Regierung mit einem Anstieg der Sterblichkeit aufgrund der Hitzewelle.",14h. Governo pede à ENSE análise dos preços dos combustíveis,"Ministra do Ambiente quer saber por que a descida dos combustíveis é mais lenta que as subidas com o conflito no Médio Oriente. Ainda, Governo antecipa aumento da mortalidade devido à onda de calor.","2pm. Government asks ENSE to analyze fuel prices. Minister of the Environment wants to know why the decline in fuel prices is slower than the rise due to the conflict in the Middle East. Furthermore, the Government anticipates an increase in mortality due to the heat wave.","2pm. Imperium rogat ENSE ut cibus pretia excutiat. Minister Environment scire cupit cur fre- quentes pretia cibus tardiores sint quam ortus propter conflictum in Medio Oriente. Praeterea, regimen mortalitatis praevenit augmentum propter aestum fluctuantis.",https://observador.pt/programas/noticiario/as-noticias-das-14h-2399/,https://bordalo.observador.pt/v2/rs:fill:770:403/c:770:433:nowe:0:0/q:70/f:webp/plain/https://s3.observador.pt/wp-content/uploads/2026/06/15153459/770-podcast-noticiario.png,,"Esta transcrição foi gerada automaticamente por Inteligência Artificial e pode conter erros ou imprecisões.Rádio Observador.
Jornal das duas com o Miguel Videira. Miguel, o governo pediu à Entidade … [+9527 chars]",,2026-07-08 21:18:56+00:00,random,,,
81894d40e5b2a4d0ca3f9105527a7695,2026-07-02T15:49:03Z,Heat Wave,onda de calor França,www.terra.com.br,pt,0.9,"Brände in Südfrankreich schreiten voran; Eine neue Hitzewelle könnte die Situation verschlimmern. Der Brand im Süden Frankreichs verschärfte sich an diesem Donnerstag (2) erneut, nachdem er in der Region bereits rund 900 Hektar vernichtet hatte. Das Feuer, das am späten Nachmittag des 1. Mittwochs in den Departements Aude und Hérault ausbrach, wird…",Incêndios no sul da França avançam; nova onda de calor pode piorar situação,"O incêndio que atinge o sul da França voltou a se intensificar nesta quinta-feira (2) após já ter consumido cerca de 900 hectares na região. O fogo, que começou no fim da tarde de quarta-feira (1º) nos departamentos de Aude e Hérault, está sendo impulsionado …","Fires in southern France advance; A new heat wave could make the situation worse. The fire affecting the south of France intensified again this Thursday (2) after having already consumed around 900 hectares in the region. The fire, which started in the late afternoon of Wednesday (1st) in the departments of Aude and Hérault, is being driven…","Ignes in Gallia australi procedunt; Novus calor fluctus statum deteriorem facere potuit. Ignis meridionalis Franciae afficiens iterum intenditur die Iovis (2) postquam iam circa 900 hectares in regione consumptus est. Ignis, qui proxima post meridiem mercurii (1st) in Dicasteriis Aude et Hérault incepit, agitatur.","https://www.terra.com.br/noticias/mundo/europa/incendios-no-sul-da-franca-avancam-nova-onda-de-calor-pode-piorar-situacao,cadbd8976b2d80502c6476675eb227a2tvon2mvv.html",https://p2.trrsf.com/image/fget/cf/1200/630/middle/images.terra.com/2026/07/02/658965832-000-b8z872n.jpg,,"Quatro aviões Canadair, dois helicópteros de combate a incêndios, uma aeronave Dash e centenas de bombeiros foram mobilizados para conter o avanço das chamas. As condições climáticas são desfavorávei… [+4498 chars]",,2026-07-08 21:18:56+00:00,wmo,France,WCE,Europe
e614b81510ecb1f2b6a8eb6e6dbb981a,2026-07-02T10:18:30Z,Tropical Cyclone,ciclone,www.diariodocentrodomundo.com.br,pt,0.9,"Stürme und extreme Kälte: Außertropischer Wirbelsturm verändert das Klima in Brasilien. Es wird erwartet, dass eine Kaltfront, die mit der Bildung eines außertropischen Wirbelsturms im Ozean einhergeht, an diesem Donnerstag (2) in der Südregion für starken Regen sorgen und ab Freitag (3) zu einem plötzlichen Wetterumschwung im Südosten führen wird. Das System muss nahe der Grenze zwischen… organisiert werden.",Tempestades e frio extremo: ciclone extratropical muda o clima no Brasil,Uma frente fria associada à formação de um ciclone extratropical no oceano deve manter a chuva forte na Região Sul nesta quinta-feira (2) e provocar uma mudança brusca no tempo no Sudeste a partir de sexta (3). O sistema deve se organizar próximo à divisa ent…,Storms and extreme cold: extratropical cyclone changes the climate in Brazil. A cold front associated with the formation of an extratropical cyclone in the ocean is expected to maintain heavy rain in the South region this Thursday (2) and cause a sudden change in the weather in the Southeast from Friday (3). The system must be organized close to the border between…,"Tempestates et frigora extrema: cyclo extratropico mutat caelum in Brasilia. Frons frigida cum formatione cyclonis extratropicae in oceano coniungitur, expectatur pluviam in regione meridionali hanc Iovis (2) servare et subitam mutationem in tempestate in Meridiano a die Veneris (3). Systema constituendum est prope terminos inter…",https://www.diariodocentrodomundo.com.br/tempestades-e-frio-extremo-ciclone-extratropical-muda-o-clima-no-brasil/,https://www.diariodocentrodomundo.com.br/wp-content/uploads/2026/07/imagem_2026-07-02_071315870.png,,"Frio na Avenida Paulista, em SP. Foto: reprodução
Uma frente fria associada à formação de um ciclone extratropical no oceano deve manter a chuva forte na Região Sul nesta quinta-feira (2) e provocar… [+3348 chars]",,2026-07-09 17:25:32+00:00,random,,,
a1093950c7d3d5a1b800a49e8adef50a,2026-07-02T20:00:18Z,Cold Wave,queda de temperatura,veja.abril.com.br,pt,0.9,"In São Paulo wird es diesen Freitag, den 3., zu einem Temperaturrückgang kommen; siehe die Climatempo-Prognose. Nach wärmeren Tagen wird es in der Hauptstadt von São Paulo einen neuen Wetterumschwung geben; wissen, ob es regnen wird","São Paulo terá queda de temperatura nesta sexta, 3; veja a previsão do Climatempo","Depois de dias mais quentes, capital paulista terá nova mudança no tempo; saiba se vai chover","São Paulo will see a drop in temperature this Friday, 3rd; see the Climatempo forecast. After warmer days, the capital of São Paulo will have a new change in weather; know if it's going to rain","São Paulo videbit guttam in temperie Veneris die 3; vide Climatempo prospicere. Post calidiores dies, caput São Pauli novam tempestatum mutationem habebit; scire si suus 'pluet",https://veja.abril.com.br/agenda-verde/sao-paulo-tera-queda-de-temperatura-nesta-sexta-3-veja-a-previsao-do-climatempo/,"https://veja.abril.com.br/wp-content/uploads/2019/09/frio-em-sao-paulo.jpg?quality=70&strip=info&resize=1080,565&crop=1",,"Pular para o conteúdo
Oferta Inédita: Assine por apenas 7,99 (Reprodução/Reprodução)
Continua após publicidade
<ul><li>Uma forte massa de ar polar avança sobre o Centro-Sul do Brasil nesta sexta-f… [+4407 chars]",,2026-07-09 17:25:32+00:00,random,,,
a23941b7ac792469d4aae25846a2e4d7,2026-07-03T12:44:29Z,Heat Wave,calor,olhardigital.com.br,pt,0.9,"Zwischen Freitag und Samstag nimmt die Kälte im Süden zu; Im Norden gibt es weiterhin örtliche Regenfälle und im Nordosten herrscht weiterhin trockenes Wetter. Frost, Küstenwinde, starke Hitze und örtlicher Regen schaffen ein Szenario klimatischer Kontraste zwischen den Regionen des Landes
Die Post-Cold gewinnt im Süden zwischen Freitag und Samstag an Stärke; Im Norden kommt es weiterhin zu örtlich begrenzten Niederschlägen und im Nordosten herrscht weiterhin trockenes Wetter, das zuerst auftrat …",Frio ganha força no Sul entre sexta e sábado; Norte mantém chuva localizada e Nordeste segue com tempo seco,"Geadas, ventos costeiros, calor intenso e chuva localizada desenham um cenário de contrastes climáticos entre as regiões do país
O post Frio ganha força no Sul entre sexta e sábado; Norte mantém chuva localizada e Nordeste segue com tempo seco apareceu primei…","Cold gains strength in the South between Friday and Saturday; The North maintains localized rain and the Northeast continues with dry weather. Frosts, coastal winds, intense heat and localized rain create a scenario of climatic contrasts between the country's regions
The post Cold gains strength in the South between Friday and Saturday; North maintains localized rain and Northeast continues with dry weather appeared first…","Frigidum robur obtinet in meridie inter Veneris et Saturni ; Imbrem localem Septentrionalis obtinet et Auster cum siccitate pergit. Pruinae, venti maritimi, aestus intensi et pluviae locales effectae contrarias missiones climaticarum inter regiones patriae creant.
Frigidus post meridiem vires obtinet inter Veneris et Saturni; Septentrionalis pluviam localatam servat et Orientem brumalem continuat cum siccitate visus primus…",https://olhardigital.com.br/2026/07/03/ciencia-e-espaco/frio-ganha-forca-no-sul-entre-sexta-e-sabado-norte-mantem-chuva-localizada-e-nordeste-segue-com-tempo-seco/,https://olhardigital.com.br/wp-content/uploads/2025/08/geada.jpg,,"A chegada de uma frente fria altera as condições do tempo em diferentes áreas do Brasil entre sexta-feira (3) e sábado (4), com queda acentuada das temperaturas no Sul, avanço da friagem para parte d… [+5095 chars]",,2026-07-09 17:25:32+00:00,random,,,
35f3243838a8d6dfaef70d4272546cbc,2026-07-04T13:46:26Z,Snow&Ice,geada,www.terra.com.br,pt,0.9,Kalte Luftmassen lassen die Temperaturen sinken und im Süden herrscht Frostwarnung; siehe Prognose. RS und SC haben eine orangefarbene Frostwarnung; Im Südosten werden für Montag Tiefsttemperaturen von 6°C bis 8°C vorhergesagt,Massa de ar frio derruba temperaturas e Sul tem alerta para geadas; veja previsão,"RS e de SC têm alerta laranja para geadas; No Sudeste, mínimas previstas para segunda-feira são de 6°C a 8°C","Mass of cold air drops temperatures and the South has a warning for frost; see forecast. RS and SC have an orange alert for frost; In the Southeast, minimum temperatures forecast for Monday are 6°C to 8°C","Massa frigoris aeris imbres temperaturae et Austri pruinis monitionem habet; see auguror. RS et SC aurantii habent erectum ad pruinam; In Southeast, minimum temperaturas praecognoscendum Lunae sunt 6°C ad 8°C","https://www.terra.com.br/planeta/noticias/massa-de-ar-frio-derruba-temperaturas-e-sul-tem-alerta-para-geadas-veja-previsao,5ec25ad6f1f27059b121e707f305eb4504by2lbm.html",https://p2.trrsf.com/image/fget/cf/1200/630/middle/images.terra.com/2026/07/04/1790713165-mf5bnoszyzcx7c44qu46ymteom.jpeg,,"Uma massa de ar polar chegou ao País neste sábado, 4, e derrubou temperaturas, principalmente na região Sul. Ao longo do dia, ventos fortes devem atingir a costa do Rio Grande do Sul e de Santa Catar… [+2492 chars]",,2026-07-09 17:25:32+00:00,random,,,
5dde3a6a9aa6221c3f45d46361d57f91,2026-07-02T21:30:19Z,Drought,seca moçambique,pplware.sapo.pt,pt,0.3,"Sun startete neuen koronalen Massenauswurf. In den kommenden Tagen besteht die Möglichkeit von Polarlichtern. Die Sonne bleibt sehr aktiv und hat erneut einen starken koronalen Massenauswurf (CME) ausgelöst, ein Phänomen, das die geomagnetische Aktivität der Erde in den kommenden Tagen verstärken könnte. Obwohl der Auswurf nicht...",Sol lançou nova ejeção de massa coronal. Há possibilidade de auroras nos próximos dias,"O Sol continua bastante ativo e voltou a lançar uma poderosa ejeção de massa coronal (CME), um fenómeno que poderá aumentar a atividade geomagnética da Terra nos próximos dias. Apesar de a ejeção não...","Sun launched new coronal mass ejection. There is a possibility of auroras in the coming days. The Sun remains very active and has once again launched a powerful coronal mass ejection (CME), a phenomenon that could increase Earth's geomagnetic activity in the coming days. Although the ejection did not...","Sol novam massam coronalem eiectionem emisit. Est auroras possibilitas in adventu dierum. Sol acerrimus manet et validam molem coronalem eiectionis (CME), phaenomenon, quod augere potuit actio geomagnetica Telluris in diebus futuris. Etiam eie neque...",https://pplware.sapo.pt/ciencia/sol-lancou-nova-ejecao-de-massa-coronal-ha-possibilidade-de-auroras-nos-proximos-dias/,https://pplware.sapo.pt/wp-content/uploads/2026/07/ataque_solar00.webp,,"O Sol continua bastante ativo e voltou a lançar uma poderosa ejeção de massa coronal (CME), um fenómeno que poderá aumentar a atividade geomagnética da Terra nos próximos dias.
Apesar de a ejeção nã… [+5601 chars]",,2026-07-10 04:05:44+00:00,edo,Mozambique,ESAF,Africa
cba7fbb8cbc1f846a6d36a35f505fa0a,2026-07-05T08:42:37Z,Storm,tempestade,www.terra.com.br,pt,0.9,"England kehrt 40 Jahre nach dem Versuch von „La Mano de Dios“, Mexikos Schwung bei der Weltmeisterschaft zu bremsen, nach Azteca zurück. Besorgnis über die Höhenlage von Mexiko-Stadt und die Möglichkeit von Stürmen lösen ein Duell aus, das auf Brasiliens möglichen Rivalen im Viertelfinale schließen lässt",Inglaterra volta ao Azteca 40 anos após 'La Mano de Dios' tentando frear embalo do México na Copa,Preocupação com altitude da Cidade do México e possibilidade de tempestade agitam duelo que indica possível rival do Brasil nas quartas de final,England returns to Azteca 40 years after 'La Mano de Dios' trying to stop Mexico's momentum in the World Cup. Concern about Mexico City's altitude and the possibility of storms stir up a duel that indicates Brazil's possible rival in the quarterfinals,Anglia ad Aztecam redit post XL annos 'La Mano de Dios' momentum Mexici in Trophaeo Mundi prohibere conatur. Sollicitudo circa altitudinem urbis Mexici et tempestatum possibilitatem excitant duellum quod indicat possibilem aemulum Brasiliae in quarterfinalibus.,"https://www.terra.com.br/esportes/futebol/inglaterra-volta-ao-azteca-40-anos-apos-la-mano-de-dios-tentando-frear-embalo-do-mexico-na-copa,d0193d7a93c9afcf707ce6a8b80423ea2iw9sh7d.html",https://s1.trrsf.com/update-1698692222/fe/zaz-mod-t360-icons/svg/logos/terra-16x9-borda.png,,"A bola mal afastada por Hodge toma efeito e sobe dentro da área para Maradona disputá-la pelo alto com Peter Shilton. Bem mais baixo (diferença de 20 centímetros), o astro desvia com a mão esquerda p… [+4635 chars]",,2026-07-11 03:32:33+00:00,random,,,
e5b3d92093575ee5035c400919b17af3,2026-07-08T07:13:14Z,Precipitation,chuva torrencial costa rica,observador.pt,pt,0.3,Mehr als 80 Gemeinden in höchster Gefahr; 7 Bezirke in Orange. Die Warnung vor maximaler ländlicher Brandgefahr galt für rund hundert Gemeinden. Aufgrund der anhaltend hohen Temperaturen gilt für sieben Bezirke außerdem die Warnstufe Orange.,Mais de 80 concelhos em perigo máximo; 7 distritos a laranja,O aviso de perigo máximo de incêndio rural foi aplicado a cerca de uma centena de concelhos. A persistência das temperaturas elevadas colocou ainda sete distritos sob aviso laranja.,More than 80 municipalities in maximum danger; 7 districts in orange. The maximum rural fire danger warning was applied to around a hundred municipalities. The persistence of high temperatures also placed seven districts under orange warning.,Plusquam 80 municipia in maximo periculo sunt; 7 districtus aurei. Maximum periculum rusticum incendium ad centum municipia monendum applicatum est. Pervicacia temperaturae altae septem regiones sub monitione aurantiaca collocavit.,https://observador.pt/2026/07/08/mais-de-80-concelhos-em-perigo-maximo-sete-distritos-sob-aviso-laranja/,https://wm.observador.pt/wm/l/https%3A%2F%2Fbordalo.observador.pt%2Fv2%2Frs%3Afill%3A770%3A403%2Fc%3A2025%3A1138%3Anowe%3A0%3A106%2Fq%3A70%2Ff%3Awebp%2Fplain%2Fhttps%3A%2F%2Fs3.observador.pt%2Fwp-content%2Fuploads%2F2026%2F07%2F03205834%2Fgco-dincendio-vouzela-3-julho-2026-028.jpg?layer=obstop:T,,"Mais de 80 concelhos de 14 distritos de Portugal continental estão esta quarta-feira em perigo máximo de incêndio rural, segundo o Instituto Português do Mar e da Atmosfera (IPMA). De entre estes 14 … [+2328 chars]",,2026-07-11 11:14:06+00:00,wmo,Costa Rica,SCA,North-America
941231816952381a9a042eb27c2e0d26,2026-07-02T16:43:43Z,Earthquake,terremoto,www.bbc.com,pt,0.9,"Herzzerreißende Rettung eines Erdbebenüberlebenden, der nach acht Tagen in Venezuela aus den Trümmern geborgen wurde. Hernán Gil wurde eingeklemmt, als ein mehrstöckiges Parkhaus einstürzte. Er leitete die Retter an und spielte mit ihnen während der Rettungsarbeiten",O resgate emocionante de sobrevivente de terremoto retirado de escombros após oito dias na Venezuela,Hernán Gil ficou preso quando um edifício de estacionamento de vários andares desabou. Ele orientou os socorristas e brincava com eles durante os trabalhos de resgate,Heartbreaking rescue of earthquake survivor pulled from rubble after eight days in Venezuela. Hernán Gil was trapped when a multi-story parking building collapsed. He guided rescuers and played with them during rescue work,Misericordiae liberandae terrae motus superstes e ruderibus post octiduum in Venezuela extraxerunt. Hernán Gil deprehensus est cum multi-fabulam raedam aedificii corruerunt. Salvatores deduxit cum eis in opere liberavit et lusit,https://www.bbc.com/portuguese/articles/ckg7ed8y3x6o,https://ichef.bbci.co.uk/news/1200/branded_portuguese/eee2/live/1e6d2850-761f-11f1-8c8c-f987daa96c22.jpg,,"Legenda do vídeo, Assista: homem resgatado vivo dos escombros, oito dias após o duplo terremoto na Venezuela
Article Information<ul><li><ul><li>Author, Vanessa Buschschlüter </li><li>Role, Editora d… [+4199 chars]",,2026-07-11 16:02:22+00:00,random,,,
ef713b0e393538b901edfcc75283cfef,2026-07-04T03:07:24Z,Earthquake,terremoto,www.terra.com.br,pt,0.9,"Cristiano Ronaldo bewegt Erdbeben-Überlebenden mit Video und Versprechen. Andrés‘ Wunsch nach einem Aufkleber für das WM-Album wird zu einer besonderen Einladung, sich das Spiel des portugiesischen Stars anzusehen",Cristiano Ronaldo emociona sobrevivente de terremoto com vídeo e promessa,Pedido do garoto Andrés por figurinha de álbum da Copa vira convite especial para ver jogo do astro português,Cristiano Ronaldo moves earthquake survivor with video and promise. Andrés' request for a World Cup album sticker turns into a special invitation to watch the Portuguese star's game,Cristiano Ronaldo superstes terrae motus cum video et promissione movet. Petitio Andrés pro Calicem Mundi album obice vertit in singularem invitationem ad spectandum lusus astri Lusitani.,"https://www.terra.com.br/esportes/venezuela/cristiano-ronaldo-emociona-sobrevivente-de-terremoto-com-video-e-promessa,5f26a8857e4850ba8143aa02bcffd6dbng67pt7e.html",https://p2.trrsf.com/image/fget/cf/1200/630/middle/images.terra.com/2026/07/04/1535138313-captura-de-tela-2026-06-23-172221easy-resizecom-610x400.jpg,,"Nesta sexta-feira (3), um dia após Portugal garantir vaga nas oitavas de final da Copa do Mundo, Cristiano Ronaldo voltou a emocionar seus fãs ao enviar uma mensagem especial. O craque português grav… [+1874 chars]",,2026-07-11 16:02:22+00:00,random,,,
9515e60d3e2e0c1ee6eecd2388ec8dea,2026-07-02T21:22:27Z,Heat Wave,onda de calor luxemburgo,www.terra.com.br,pt,0.3,"Nachgerüstet: der neue „Stift“, der Mounjaro zu übertreffen verspricht und für Susana Werner zu einer umstrittenen Wahl wurde. Die Geschäftsfrau überraschte das Internet, indem sie die Anwendung von Retatrutida vorführte, einem innovativen Molekül, das 32 kg abnimmt, aber weltweit immer noch illegal verkauft wird","Retatrutida: a nova ""caneta"" que promete superar o Mounjaro e virou escolha polêmica de Susana Werner","A empresária surpreendeu a web ao exibir aplicação de retatrutida, uma molécula inovadora que emagrece 32 kg mas que ainda é ilegal para a venda no mundo todo","Retrofitted: the new ""pen"" that promises to surpass Mounjaro and became a controversial choice for Susana Werner. The businesswoman surprised the web by showing off the application of retatrutida, an innovative molecule that loses 32 kg but is still illegal for sale worldwide","Retrofitta est: novus ""stylus"" qui promittit Mounjaro antecedere et factus est controversiae electio in Susana Werner. Negotiatrix miratur telam applicatione retatrutidarum ostentando, moleculae novationis quae 32 kg amittit, sed adhuc per orbem terrarum pro venditione illicita est.","https://www.terra.com.br/vida-e-estilo/retatrutida-a-nova-caneta-que-promete-superar-o-mounjaro-e-virou-escolha-polemica-de-susana-werner,f7523245396614124b838bec9e07c6ce00hgdutd.html",https://p2.trrsf.com/image/fget/cf/1200/630/middle/images.terra.com/2026/07/02/378586692-capa-bons-fluidos-12-1.jpg,,"A busca pelo corpo ideal ganhou um novo e polêmico capítulo no mundo das celebridades. Recentemente, a empresária Susana Werner movimentou as redes sociais ao compartilhar o início de um tratamento d… [+3949 chars]",,2026-07-12 07:33:52+00:00,wmo,Luxembourg,WCE,Europe
b0ba83e32baf798739bc678d4fc7a79b,2026-07-03T21:44:46Z,Cold Wave,temperatura mínima mais baixa,www.mdig.com.br,pt,0.3,"Der schlüssige Grund, warum Alkohol nicht verboten werden kann. Es verursacht jedes Jahr fast 3 Millionen Todesfälle. Es ist für 200 verschiedene Krankheiten verantwortlich. Und wenn es heute entdeckt würde, würden moderne Sicherheitsstandards es mit ziemlicher Sicherheit als illegale Droge einstufen. Allerdings kann man es im Supermarkt kaufen…",A coerente razão pela qual o álcool não pode ser proibido,"Ele causa quase 3 milhões de mortes todos os anos. É responsável por 200 doenças diferentes. E, se fosse descoberto hoje, os padrões modernos de segurança quase certamente o classificariam como uma droga ilegal. No entanto, você pode comprá-lo no supermercado…","The coherent reason why alcohol cannot be banned. It causes nearly 3 million deaths every year. It is responsible for 200 different diseases. And if it were discovered today, modern safety standards would almost certainly classify it as an illegal drug. However, you can buy it in the supermarket…","Cohaerens ratio cur alcohol damnari non potest. Fere 3 decies centena milia mortum facit omni anno. CC diversis morbis est responsalis. Et si hodie deprehensa esset, signa salutis hodiernae illam quasi medicamento illicito fere certo indicarent. Tamen in macellum emere potes...",https://www.mdig.com.br/index.php?itemid=61272,https://imagens.mdig.com.br/historia/lei_seca_1920.jpg,,"<table><tr><td></td><td>Ele causa quase 3 milhões de mortes todos os anos. É responsável por 200 doenças diferentes. E, se fosse descoberto hoje, os padrões modernos de segurança quase certamente o c… [+8721 chars]",,2026-07-12 07:33:52+00:00,random,,,
98ed4b99736284c02696f93e4749875a,2026-07-03T21:59:48Z,Drought,seca Nicarágua,www.bbc.com,pt,0.3,"Flávios Reise in die USA sei ein Versuch, sich von der Verantwortung für Zölle zu befreien, sagt Lulas Minister. Minister of Development, Industry, Commerce and Services, Márcio Elias Rosa, tells the BBC that the government is also trying to reach an agreement to postpone the entry into force of the new American tariffs","Viagem de Flávio aos EUA é tentativa de se livrar de responsabilidade por tarifaço, diz ministro de Lula","Ministro do Desenvolvimento, Indústria, Comércio e Serviços, Márcio Elias Rosa, diz à BBC que governo também tenta costurar acordo para adiar entrada em vigor das novas tarifas americanas","Flávio's trip to the USA is an attempt to free himself from responsibility for tariffs, says Lula's minister. Minister of Development, Industry, Commerce and Services, Márcio Elias Rosa, tells the BBC that the government is also trying to reach an agreement to postpone the entry into force of the new American tariffs","Flavio iter in USA est conatum se ab officiis pro portoriis liberare, minister Lula dicit. Minister Progressionis, Industrie, Commercii et Services, Márcio Elias Rosa, BBC indicat regimen etiam concordiae dilatare ingressum in vim novae portoriorum Americanorum conari.",https://www.bbc.com/portuguese/articles/cvglzxjl084o,https://ichef.bbci.co.uk/news/1200/branded_portuguese/b008/live/47c76390-7729-11f1-b976-0b9c15b0ccfc.jpg,,"Crédito, EPA
Article Information<ul><li><ul><li>Author, Leandro Prazeres</li><li>Role, Da BBC News Brasil em Brasília</li></ul></li><li></li><li></li></ul>
Às vésperas do fim do prazo de consultas … [+16139 chars]",,2026-07-12 07:33:52+00:00,edo,Nicaragua,SCA,North-America
1d03d63058084ca959c7f818fd3c75f8,2026-07-06T19:34:12Z,Tropical Cyclone,tempestade tropical,flatout.com.br,pt,0.3,"Troll: der erste (und einzige) in Norwegen hergestellte Sportwagen. Das Wort Troll hat verschiedene Bedeutungen. Ursprünglich sind Trolle Wesen aus der Mythologie der nordischen Länder – hässliche, zurückgezogene Wesen, die selten mit Menschen auskommen und in Höhlen, Wäldern oder unter Brücken leben, die sie selbst geschaffen haben.",Troll: o primeiro (e único) esportivo feito na Noruega,"A palavra troll tem alguns significados diferentes. Originalmente, trolls são criaturas da mitologia dos países nórdicos — seres feios e reclusos que raramente se dão bem com seres humanos e vivem em cavernas, florestas ou debaixo de pontes que eles mesmos co…","Troll: the first (and only) sports car made in Norway. The word troll has a few different meanings. Originally, trolls are creatures from the mythology of Nordic countries — ugly, reclusive beings who rarely get along with humans and live in caves, forests or under bridges that they themselves create.","Troglodytarum: primus (et solus) currus ludis in Norvegia factis. Verbum Troglodytarum paucas significationes habet. Primitus troglodytae creaturae sunt ex mythologia nationum Nordicorum — entia deformia, reclusiva, quae raro cum hominibus coniunguntur et in speluncis, silvis vel sub pontibus vivunt, quos ipsi creant.",https://flatout.com.br/troll-o-primeiro-e-unico-esportivo-feito-na-noruega/,https://cdn.flatout.com.br/wp-content/uploads/2026/07/troll-e1783365370557.png,,a palavra troll tem alguns significados diferentes  originalmente  trolls sao criaturas da mitologia dos paises nordicos  seres feios e reclusos que raramente se dao bem com seres humanos e vivem em … [+23641 chars],,2026-07-12 07:33:52+00:00,random,,,
a3d611f830df358adfc8a97de5deb12a,2026-07-01T14:34:05Z,Earthquake,terremoto venezuela,www.bbc.com,pt,0.9,"Tausende Tote, Millionen hilfsbedürftige Menschen: Die Zahlen verdeutlichen das Ausmaß der Tragödie nach den Erdbeben in Venezuela. Daten venezolanischer Behörden und internationaler Organisationen über die Auswirkungen der Katastrophe zeichnen ein zunehmend ernstes Bild.","Milhares de mortos, milhões precisando de ajuda: os números que mostram a dimensão da tragédia após terremotos na Venezuela",Dados das autoridades venezuelanas e de organizações internacionais sobre o impacto da catástrofe pintam um quadro cada vez mais grave.,"Thousands dead, millions in need of help: the numbers that show the scale of the tragedy following earthquakes in Venezuela. Data from Venezuelan authorities and international organizations on the impact of the catastrophe paint an increasingly serious picture.","Milia mortuorum, decies centena milia egent auxilio: numeri qui ostendunt scalam tragoediae sequentes terrae motus in Venezuela. Data apud Venezuelan auctoritates et Instituta internationalia ob calamitatis impulsum imaginem magis magisque gravem pingunt.",https://www.bbc.com/portuguese/articles/cx23d31gyx4o,https://ichef.bbci.co.uk/news/1200/branded_portuguese/75de/live/0b98f430-74fc-11f1-812a-0bedfce7705b.jpg,,"Crédito, Reuters
Legenda da foto, Familiares e vizinhos de Jhonquer Cerpas, um menino de 13 anos que foi resgatado dos escombros
Article Information<ul><li><ul><li>Author, Santiago Vanegas</li><li>… [+7369 chars]",,2026-07-12 07:33:52+00:00,usgs,Venezuela,NSA,South-America
36af332840f8d9bc79907a9c5085b252,2026-07-01T19:12:08Z,Precipitation,tamps de chuva ver,observador.pt,pt,0.3,Versicherungen fordern angesichts hoher Temperaturen Vorsicht und Vorsorge. Mit roten Warnwarnungen ab Donnerstag in Lissabon und Setúbal warnte der Präsident vor Bränden und Gesundheitsrisiken. Es ist mit einem Anstieg der Sterblichkeit zu rechnen.,Seguro pede cautela e prevenção face a temperaturas elevadas,"Com avisos vermelhos a partir de quinta-feira em Lisboa e Setúbal, o Presidente alertou para riscos de incêndios e saúde. Mortalidade deverá aumentar.","Insurance calls for caution and prevention in the face of high temperatures. With red warnings starting on Thursday in Lisbon and Setúbal, the President warned of fire and health risks. Mortality is expected to increase.",Cautionem cautionis et praeventionis in facie temperaturas postulat. Praeses Lisbon et Setúbal monitis rubris inceptis die Iovis in Lisbon et de periculo sanitatis monuit. Mortalitas expectatur augere.,https://observador.pt/2026/07/01/onda-de-calor-seguro-apela-a-muito-cuidado-na-prevencao-de-incendios-e-pede-que-portugueses-sigam-autoridades/,https://wm.observador.pt/wm/l/https%3A%2F%2Fbordalo.observador.pt%2Fv2%2Frs%3Afill%3A770%3A403%2Fc%3A4096%3A2303%3Anowe%3A0%3A213%2Fq%3A70%2Ff%3Awebp%2Fplain%2Fhttps%3A%2F%2Fs3.observador.pt%2Fwp-content%2Fuploads%2F2026%2F06%2F09143511%2Fdventura-10-junho-terceira-dia1-11-scaled.jpg?layer=obstop:T,,O Presidente da República pediu esta quarta-feira que os portugueses sigam “todas as instruções” que as autoridades nacionais vão emitir nos próximos dias para lidar com a onda de calor esperada e te… [+3363 chars],,2026-07-12 16:05:20+00:00,wmo,Mexico,NCA,North-America
4c2a7cb25ff1a8e40e983f7a5bfdb3b8,2026-07-02T14:23:13Z,Heat Wave,calor,observador.pt,pt,0.7,"Hitze: Der Katastrophenschutz von Barreiro schließt Mata da Machada. Barreiro Civil Protection erklärt, dass die Gefahrenprognose feststellt, dass „es notwendig ist, Maßnahmen zu ergreifen, um den Zugang, die Bewegung und den Aufenthalt im Machada National Forest zu regeln“.",Calor: Proteção Civil do Barreiro encerra Mata da Machada,"A Proteção Civil do Barreiro explica que a previsão de perigo determina ""ser necessária a adoção de medidas de condicionamento de acesso, circulação e permanência na Mata Nacional da Machada"".","Heat: Barreiro Civil Protection closes Mata da Machada. Barreiro Civil Protection explains that the danger forecast determines ""it is necessary to adopt measures to condition access, movement and permanence in the Machada National Forest"".","Calor: Barreiro Civilis Praesidium Mata da Machada claudit. Barreiro Civilis Praesidium explicat periculum prospicere decernit ""necesse est consilium capere ad accessum, motum et permanentiam in Machada National Silva"".",https://observador.pt/2026/07/02/calor-protecao-civil-do-barreiro-encerra-mata-da-machada-ate-10-de-julho/,https://wm.observador.pt/wm/l/https%3A%2F%2Fbordalo.observador.pt%2Fv2%2Frs%3Afill%3A770%3A403%2Fc%3A2000%3A1122%3Anowe%3A0%3A107%2Fq%3A70%2Ff%3Awebp%2Fplain%2Fhttps%3A%2F%2Fs3.observador.pt%2Fwp-content%2Fuploads%2F2026%2F05%2F08163852%2F46982629.jpg?layer=obstop:T,,"Acompanhe o nosso liveblog sobre a atual onda de calor em Portugal
A Mata Nacional da Machada, no município do Barreiro, está encerrada a partir desta quinta-feira e até ao dia 10 de julho, face à p… [+2230 chars]",,2026-07-12 16:05:20+00:00,random,,,
d07f5b0c66218129bdc93c5c82a11f0a,2026-07-06T21:19:00Z,Flood,inundação Canadá,catracalivre.com.br,pt,0.3,"Wenn Sie Anzeichen einer Gottesanbeterin in Ihrem Rosenstrauch oder Ihrer Grünfläche entdecken, sagen wir Ihnen, was das bedeutet und warum es gut für Ihren Rosenstrauch ist. Die spontane Anwesenheit der Gottesanbeterin trägt dazu bei, Rosensträucher auf völlig natürliche Weise vor städtischen Schädlingsbefall zu schützen.
Der Beitrag Wenn Sie Anzeichen einer Gottesanbeterin in Ihrem Rosenstrauch oder Ihrer Grünfläche finden, sagen wir Ihnen, was das bedeutet und…","Se você encontrar algum sinal de um louva-a-deus em sua roseira ou área verde, nós lhe diremos o que isso significa e por que é algo bom para sua roseira","A presença espontânea do louva-a-deus ajuda a proteger as roseiras contra infestações de pragas urbanas de maneira totalmente natural.
O post Se você encontrar algum sinal de um louva-a-deus em sua roseira ou área verde, nós lhe diremos o que isso significa e…","If you find any signs of a praying mantis in your rose bush or green space, we'll tell you what it means and why it's a good thing for your rose bush. The spontaneous presence of the praying mantis helps protect rose bushes against urban pest infestations in a completely natural way.
The post If you find any signs of a praying mantis in your rose bush or green space, we'll tell you what it means and…","Si aliqua signa orantis mantis in tuo rosae aut viridi spatio reperias, quid sit, dicamus, et cur id bonum sit rosae tuae. Spontanea praesentia orantis mantis adiuvat ut rosae frutices protegant contra infestationes urbanae pestis omnino naturali modo.
Stipes Si quaelibet signa orantis mantis in tuo rosaceo vel viridi spatio inveneris, narrabimus tibi quid significet et ...",https://catracalivre.com.br/noticias/se-voce-encontrar-algum-sinal-de-um-louva-a-deus-em-sua-roseira-ou-area-verde-nos-lhe-diremos-o-que-isso-significa-e-por-que-e-algo-bom-para-sua-roseira/,https://catracalivre.com.br/i/Mne9JDTdytuLSTfRF7W4FdD7FaVyeNx8Oo5zrUVtDo4/rs:fill:1200:630:1/g:sm/q:80/bG9jYWw6Ly8vMjAyNi8wNy9ncmVlbi1wcmF5aW5nLW1hbnRpcy1vbi1yb3NlYnVzaC0yMDI2MDcwNTIyMjAtMi5qcGVn,,"A presença espontânea de seres benéficos em áreas verdes traz grandes vantagens para quem cultiva plantas ornamentais em casa. Encontrar pequenos predadores revela que o ecossistema está equilibrado,… [+3625 chars]",,2026-07-13 03:47:01+00:00,wmo,Canada,NEN,North-America
aadc4f7d71748b148bbaa4b2d46e0443,2026-07-07T20:08:19Z,Precipitation,chuva forte nova gales do sul,www.mdig.com.br,pt,0.3,"Welche evolutionären Wege führten dazu, dass der Nachtschatten seine Blätter schloss, wenn er berührt wurde? Mimosa pudica, unter anderen populären Namen bekannt als não-me-toque, dormideira und maria-fecha-a-porta, ist eine besondere Pflanze, deren Blätter sich bei Berührung schließen, und zwar durch einen Mechanismus namens Tigmonastia, einer adaptiven Strategie.",Quais caminhos evolutivos levaram a dormideira a fechar as folhas quando tocada?,"Conhecida como não-me-toque, dormideira e maria-fecha-a-porta, entre outros vário nomes populares, a Mimosa pudica é uma planta peculiar, cujas folhas se fecham ao serem tocadas através de um mecanismo conhecido como tigmonastia, que é uma estratégia adaptati…","What evolutionary paths led the nightshade to close its leaves when touched? Known as não-me-toque, dormideira and maria-fecha-a-porta, among other popular names, Mimosa pudica is a peculiar plant, whose leaves close when touched through a mechanism known as tigmonastia, which is an adaptive strategy…","Quae evolutionis semitae solani duxerunt ad tacta folia claudere? Nota ut não-me-toque, dormideira et maria-fecha-a-porta, inter alia vulgaria nomina, Mimosa pudica planta est peculiaris, cuius folia prope tacta per mechanismum tigmonastia notum est, quae est militaris adaptiva….",https://www.mdig.com.br/index.php?itemid=61278,https://imagens.mdig.com.br/ciencia/mimosa_pudica.jpg,,"<table><tr><td></td><td>Conhecida como não-me-toque, dormideira e maria-fecha-a-porta, entre outros vário nomes populares, a Mimosa pudica é uma planta peculiar, cujas folhas se fecham ao serem tocad… [+5159 chars]",,2026-07-13 03:47:01+00:00,acwe,Australia,EAU,Oceania
f7dc7c463ac6bd9313cb08450db3070b,2026-07-03T18:00:00Z,Earthquake,terremoto fais,olhardigital.com.br,pt,0.3,"Rezension zu Star Fox auf Switch 2: Der Klassiker, der in allem, was wichtig ist, besser zurückkommt. Das Remake von Star Fox 64 erhält erneuerte Grafik, portugiesische Synchronisation, neu arrangierten Soundtrack und Gameplay-Verbesserungen, um das Debüt der Franchise auf Nintendo Switch 2 zu markieren.
Der Beitrag Review Star Fox auf Switch 2: Der Klassiker, der in allem, was wichtig ist, besser zurückkommt …",Review Star Fox no Switch 2: o clássico que volta melhor em tudo que importa,"Remake de Star Fox 64 ganha gráficos renovados, dublagem em português, trilha reorquestrada e melhorias na jogabilidade para marcar a estreia da franquia no Nintendo Switch 2.
O post Review Star Fox no Switch 2: o clássico que volta melhor em tudo que importa…","Review Star Fox on Switch 2: the classic that comes back better in everything that matters. Remake of Star Fox 64 gets renewed graphics, Portuguese dubbing, re-orchestrated soundtrack and gameplay improvements to mark the franchise's debut on Nintendo Switch 2.
The post Review Star Fox on Switch 2: the classic that comes back better in everything that matters…","Review Star Fox on Switch 2: classic quod melius in omnibus rebus redit. Refice a stella Fox 64 renovata graphics, volgo Lusitana, re-orchestrata soni et lusionis emendatio ut notare debet libertatem in Nintendo Cie II.
Post Review stella Fox in Cie 2: classic quod melius in omnibus rebus... redit.",https://olhardigital.com.br/2026/07/03/games-e-consoles/review-star-fox-no-switch-2-o-classico-que-volta-melhor-em-tudo-que-importa/,https://img.odcdn.com.br/wp-content/uploads/2026/07/Starfox-Capa.jpg,,"Quando foi anunciado Star Fox Nintendo Switch 2, o remake de Star Fox 64 (1997), lançado originalmente no console Nintendo 64, as opiniões logo se dividiram em que ideia sensacional e será que é nece… [+7211 chars]",,2026-07-14 16:22:25+00:00,usgs,Micronesia,NPO,Pacific Ocean
beac46468881a37f7c98c593cccf779c,2026-07-10T07:34:21Z,Storm,tempestade de areia,www.terra.com.br,pt,0.7,"Sand- und Staubstürme erreichen im Jahr 2025 Rekordwerte, warnt die UN-Agentur. In China und an der Grenze zwischen den USA und Mexiko waren die Phänomene intensiver; Nach Angaben der Weltorganisation für Meteorologie wirken sich Ereignisse auf Gesundheit, Verkehr und Wirtschaft aus","Tempestades de areia e poeira atingem níveis recordes em 2025, alerta agência da ONU","Fenômenos foram mais intensos na China e na fronteira entre EUA e México; eventos afetam a saúde, o transporte e a economia, segundo a Organização Meteorológica Mundial","Sand and dust storms reach record levels in 2025, UN agency warns. Phenomena were more intense in China and on the border between the USA and Mexico; Events affect health, transport and the economy, according to the World Meteorological Organization","Tempestates harenae et pulveris ad recordum gradus anno 2025 pervenire, IR procuratione monet. Phaenomena vehementiora in Sinis et in confinio inter USA et Mexico fuerunt; Eventus salutem, onerariam et oeconomiam afficiunt, iuxta Organizationem Meteorologicam Terrarum","https://www.terra.com.br/planeta/noticias/tempestades-de-areia-e-poeira-atingem-niveis-recordes-em-2025-alerta-agencia-da-onu,9eebf1d3adf926d4d61b2447c2a141b95b3bsjhc.html",https://s1.trrsf.com/update-1698692222/fe/zaz-mod-t360-icons/svg/logos/terra-16x9-borda.png,,"As tempestades de areia e poeira atingiram níveis recordes em diversas regiões do planeta em 2025, especialmente na China e na fronteira entre Estados Unidos e México, informou nesta sexta-feira, 10,… [+2520 chars]",,2026-07-14 16:22:25+00:00,random,,,
f2bbeeeea416c4cc909f516197e804d4,2026-07-07T20:27:25Z,Precipitation,chuva torrencial dgo nay sin,www.diariodocentrodomundo.com.br,pt,0.3,"Die Weltmeisterschaft 2026 könnte der FIFA Rekordeinnahmen bescheren; Sehen Sie, wie viel. Mit einem Turnier, das auf 48 Mannschaften und 104 Spiele in den USA, Mexiko und Kanada ausgeweitet wurde, prognostiziert das Unternehmen den höchsten Umsatz seiner Geschichte.",Copa do Mundo 2026 pode render faturamento recorde para a Fifa; veja quanto,"Entidade projeta maior faturamento de sua história com torneio ampliado para 48 seleções e 104 partidas nos EUA, México e Canadá.","2026 World Cup could yield record revenue for FIFA; see how much. The entity projects the highest revenue in its history with a tournament expanded to 48 teams and 104 matches in the USA, Mexico and Canada.","2026 Trophaeum Mundi in FIFA vectigal cedere potuit; vide quantum. Res summa reditus in sua historia eminet cum hastiludio dilatato ad 48 turmas et 104 compositus in USA, Mexico et Canada.",https://www.diariodocentrodomundo.com.br/copa-de-2026-deve-render-recorde-de-us-89-bilhoes-a-fifa/,https://www.diariodocentrodomundo.com.br/wp-content/uploads/2026/07/imagem-principal-copa-de-2026-deve-render-recorde-de-us-89-bilhoes-a-fifa-gy-g279wwaavfez-scaled.jpg,,"Donald Trump e Gianni Infantino ao lado do troféu da Copa do Mundo no Salão Oval da Casa Branca. Foto: Reprodução
A Copa do Mundo de 2026 deve se tornar a edição mais lucrativa da história da Fifa, … [+2864 chars]",,2026-07-15 03:20:35+00:00,wmo,Mexico,NCA,North-America
5200a808d2793ae9a0bd60574b6ae136,2026-07-08T13:53:24Z,Drought,seca em Madagascar,www.terra.com.br,pt,0.3,"Der Zuckermarkt dürfte 2026/27 ein kleines Defizit verzeichnen, sagt das Maklerunternehmen Czarnikow. Der globale Zuckermarkt wird im nächsten Jahr ein bescheidenes Defizit von 600.000 Tonnen aufweisen.","Mercado de açúcar deve registrar pequeno déficit em 2026/27, diz corretora Czarnikow",O mercado global ‌de açúcar apresentará um déficit modesto de 600.000 toneladas na safra de ...,"Sugar market should record a small deficit in 2026/27, says brokerage Czarnikow. The global sugar market will show a modest deficit of 600,000 tons in the...","Mercatus saccharo notare debet parvum defectum in 2026/27, dicit brokerage Czarnikow. Mercatus saccharo globalis modicus defectus 600,000 talentorum in ... monstrabit","https://www.terra.com.br/economia/mercado-de-acucar-deve-registrar-pequeno-deficit-em-202627-diz-corretora-czarnikow,2ce9c81e247c38c99f444f4a5422c821lamnnmze.html",https://s1.trrsf.com/update-1698692222/fe/zaz-mod-t360-icons/svg/logos/terra-16x9-borda.png,,"O mercado global ‌de açúcar apresentará um déficit modesto de 600.000 toneladas na safra de 2026/27, em grande parte devido à redução da produção na União Europeia, informou nesta quarta-feira a Czar… [+1382 chars]",,2026-07-15 03:20:35+00:00,edo,Madagascar,MDG,Africa
f99eb909b323e0ba6b311aee6a0ebd7f,2026-07-09T09:36:18Z,Drought,período de seca no Butão,www.edivaldobrito.com.br,pt,0.3,"Das iPhone 18 Pro Max wird aufgrund des größeren Akkus dicker und schwerer. Schauen Sie sich aktuelle Gerüchte zum iPhone 18 Pro Max mit einem größeren Akku an, der es schwerer und dicker macht.
Der Beitrag „Das iPhone 18 Pro Max wird aufgrund des größeren Akkus dicker und schwerer“ erschien zuerst auf Blog do Edivaldo – Informationen und Neuigkeiten über …",iPhone 18 Pro Max será mais grosso e pesado devido à bateria maior,"Confira detalhes do iPhone 18 Pro Max com bateria maior que o torna mais pesado e grosso, segundo rumores recentes.
O post iPhone 18 Pro Max será mais grosso e pesado devido à bateria maior apareceu primeiro em Blog do Edivaldo - Informações e Notícias sobre …","iPhone 18 Pro Max will be thicker and heavier due to the larger battery. Check out details of the iPhone 18 Pro Max with a larger battery that makes it heavier and thicker, according to recent rumors.
The post iPhone 18 Pro Max will be thicker and heavier due to the larger battery appeared first on Blog do Edivaldo - Information and News about …","iPhone 18 Pro Max densior graviorque erit propter altilium grandiorem. Singula de iPhone 18 Pro Max perscriptio cum maiore altilium quae graviorem et crassiorem reddit, iuxta recentes rumores.
Post iPhone 18 Pro Max densior graviorque erit propter pugnas maiores apparuerunt primum in Blog do Edivaldo - Informationes et News de ...",https://www.edivaldobrito.com.br/iphone-18-pro-max-sera-mais-grosso-e-pesado-devido-a-bateria-maior/,https://www.edivaldobrito.com.br/wp-content/uploads/2026/07/iphone-18-pro-max-sera-mais-grosso-e-pesado-devido-a-bateria-maior.webp,,"O iPhone 18 Pro Max, previsto para lançamento em setembro de 2026, terá bateria maior, novo sistema de resfriamento com câmara de vapor de aço inox e construção em aço inoxidável, o que aumenta seu p… [+10165 chars]",,2026-07-15 03:20:35+00:00,edo,Bhutan,TIB,Asia
aaed0ff9c7800512905f9641192bff28,2026-07-09T20:02:32Z,Drought,falta de chuva nas Ilhas Faroé,www.terra.com.br,pt,0.3,US-Behörde berechnet Risiko eines „Super El Niño“; Sehen Sie sich die Vorhersagen an. Laut Wissenschaftlern dürfte das Phänomen im Jahr 2027 zum Bruch des globalen Temperaturrekords führen und einen Vorgeschmack auf eine noch heißere Welt geben,Agência dos EUA calcula risco de 'super El Niño'; veja as previsões,"Fenômeno deve levar à quebra do recorde de temperatura global em 2027 e dar amostra de mundo ainda mais quente por vir, segundo cientistas","US agency calculates risk of 'super El Niño'; see the predictions. Phenomenon should lead to the breaking of the global temperature record in 2027 and give a glimpse of an even hotter world to come, according to scientists","US procurationis periculum computat 'super El Niño'; praedictiones videre. Phaenomenon in global temperaturae recordum anno 2027 fractionem ducere debet ac conspectum mundi etiam calidioris futuri, secundum phisicorum.","https://www.terra.com.br/planeta/noticias/agencia-dos-eua-calcula-risco-de-super-el-nino-veja-as-previsoes,d8d8de289c33a5b15911b8eb3a6933e7da3hm2fy.html",https://s1.trrsf.com/update-1698692222/fe/zaz-mod-t360-icons/svg/logos/terra-16x9-borda.png,,"O El Niño, o fenômeno climático que libera calor e provoca um aumento acentuado nas temperaturas globais, caminha para atingir níveis historicamente fortes, informou a Administração Nacional Oceânica… [+4027 chars]",,2026-07-15 03:20:35+00:00,edo,Faroe Islands,NEU,Europe
8ff7a917c599ba32b4d09044a8c127b1,2026-07-13T12:07:40Z,Snow&Ice,estrada congelante da coroa,www.terra.com.br,pt,0.3,Sinner festigt globale Führungsposition; Zverev übertrifft Alcaraz in der ATP-Rangliste. Tennisspieler Jannik Sinner bleibt fest an der Spitze der Tenniswelt. Nach dem zweiten Sieg...,Sinner consolida liderança mundial; Zverev ultrapassa Alcaraz no ranking da ATP,O tenista Jannik Sinner segue firme no topo do tênis mundial. Após conquistar pela segunda vez o ...,Sinner consolidates global leadership; Zverev surpasses Alcaraz in the ATP rankings. Tennis player Jannik Sinner remains firmly at the top of the tennis world. After winning the second time...,Peccator ductus globalis consolidat; Zverev superat Alcaraz in ATP nulla. Tennis lusor Jannik Sinner firmiter in summo mundo tennis manet. Post parta secundo...,"https://www.terra.com.br/esportes/sinner-consolida-lideranca-mundial-zverev-ultrapassa-alcaraz-no-ranking-da-atp,1ae77d3616bf3e83404259a335ed02aacuao7l6j.html",https://s1.trrsf.com/update-1698692222/fe/zaz-mod-t360-icons/svg/logos/terra-16x9-borda.png,,"O tenista Jannik Sinner segue firme no topo do tênis mundial. Após conquistar pela segunda vez o título de Wimbledon, o italiano iniciou nesta segunda-feira (13) sua 80ª semana como número 1 do ranki… [+2480 chars]",,2026-07-15 03:20:35+00:00,wmo,New Zealand,NZ,Oceania
71e073f5fbdf3449bb95b95b3a0f3d55,2026-07-13T18:00:44Z,Wildfire,incêndio florestal,veja.abril.com.br,pt,0.3,"Forschung entdeckt, wie Mäuse in 6.700 Metern Höhe leben können. Die Entdeckung könnte wertvolle Informationen für die Medizin und die Behandlung von Krankheiten liefern",Pesquisa descobre como camundongo consegue viver a 6.700 metros de altitude,Descoberta pode trazer informações valiosas para a medicina e o tratamento de doenças,"Research discovers how mice can live at 6,700 meters of altitude. Discovery could bring valuable information to medicine and disease treatment","Investigatio detegit quomodo mures ad 6,700 metra altitudinis vivere possint. Inventio pretiosa notitia ad medicinam et morborum curationem adducere potuit",https://veja.abril.com.br/ciencia/pesquisa-descobre-como-camundongo-consegue-viver-a-6-700-metros-de-altitude/,"https://veja.abril.com.br/wp-content/uploads/2026/07/AFP__20260709__B9RZ7G4__v1__HighRes__UsScienceAnimal.jpg?quality=70&strip=info&resize=1080,565&crop=1",,"Pular para o conteúdo
Oferta Relâmpago: Assine por apenas 9,90Um camundongo-orelhudo-andino (HANDOUT / MARCIAL QUIROGA-CARMONA/AFP)
Continua após publicidade
<ul><li>Cientistas da Universidade de … [+2665 chars]",,2026-07-15 03:20:35+00:00,random,,,
569dd99c27f1597c3a7331117adb82d8,2026-07-13T18:00:51Z,Drought,seca são tomé e príncipe,observador.pt,pt,0.3,"Dürre in Almada: Nachlässigkeit oder klimatischer Umbruch? Alberto Gonçalves äußert sich zum Wassermangel in der Gemeinde Almada, den zugrunde liegenden Ursachen und den Entschuldigungsversuchen der Gemeindeverwaltung",Seca em Almada: desleixo ou ebulição climática?,"Alberto Gonçalves comenta a falta de água no concelho de Almada, as causas que lhe estão subjacentes e as tentativas de desculpar a gestão autárquica","Drought in Almada: negligence or climatic upheaval?. Alberto Gonçalves comments on the lack of water in the municipality of Almada, the underlying causes and the attempts to excuse municipal management","Siccitas in Almada: negligentia vel perturbationum climaticarum ?. Albertus Gonçalves commentatur de aquae penuria in municipio Almadae, causae subiectae et conatus defensionis municipalis administrationis.",https://observador.pt/programas/ideias-feitas/seca-em-almada-desleixo-ou-ebulicao-climatica/,https://bordalo.observador.pt/v2/rs:fill:770:403/c:770:433:nowe:0:0/q:70/f:webp/plain/https://s3.observador.pt/wp-content/uploads/2021/04/14123800/770-podcastideias-feitas.jpg,,"Esta transcrição foi gerada automaticamente por Inteligência Artificial e pode conter erros ou imprecisões.Feitas. Ideias Feitas na Rádio Observador com Alberto Gonçalves. Olá, Alberto.
Olá, Ricardo… [+7058 chars]",,2026-07-15 03:20:35+00:00,edo,Sao Tome and Principe,WAF,Africa
8965db048603cfe63c0579bc8b9c9749,2026-07-13T21:43:02Z,Storm,tempestade nas Ilhas Salomão,ultimosegundo.ig.com.br,pt,0.3,El Niño wird 4 Monate früher als erwartet „super“; verstehen. Pacifico erreicht Monate früher ein „sehr starkes“ Niveau als in früheren Episoden aufgezeichnet; Experten prognostizieren Auswirkungen bis zum Frühjahr,"El Niño vira ""super"" 4 meses antes do esperado; entenda","Pacífico alcança patamar de ""muito forte"" meses antes do registrado em episódios anteriores; especialistas preveem impactos até a primavera","El Niño becomes ""super"" 4 months earlier than expected; understand. Pacifico reaches a “very strong” level months earlier than recorded in previous episodes; experts predict impacts until spring","El Niño fit ""super"" 4 menses ante quam expectatur; intellige. Pacificus ""validum"" gradum ante menses attingit quam in praecedentibus episodiis exposita est; periti dicunt confligant donec ver",https://ultimosegundo.ig.com.br/brasil/tempo/2026-07-13/super-el-nino-impactos-tempestades-brasil.html,https://i0.statig.com.br/bancodeimagens/cj/68/5b/cj685bh7ouc9g2txwkbtnwf86.jpg,,"O Oceano Pacífico atingiu um marco inédito sobre o El Niño, segundo dados da Administração Nacional Oceânica e Atmosférica dos Estados Unidos (NOAA), que mostram que o fenômeno já alcançou o patamar … [+3531 chars]",,2026-07-15 03:20:35+00:00,wmo,Solomon Islands,EPO,Oceania
4ecde49d3780c9b010f275ec3eb1212e,2026-07-09T17:36:41Z,Heat Wave,calor,veja.abril.com.br,pt,0.7,Hitze bestraft Europa mit Temperaturen von bis zu 40 °C und Hunderten von Bränden; Kernreaktor wird abgeschaltet. Temperaturen auf historischem Niveau stellen Infrastruktur und Gesundheitsdienste auf dem alten Kontinent auf die Probe,Calor castiga Europa com termômetros a 40ºC e centenas de incêndios; Reator nuclear desliga,Temperaturas em níveis históricos colocam à prova a infraestrutura e os serviços de saúde no velho continente,Heat punishes Europe with temperatures reaching 40ºC and hundreds of fires; Nuclear reactor shuts down. Temperatures at historic levels put infrastructure and health services on the old continent to the test,Calor Europam temperaturis perveniens 40ºC et centum ignium punit; Reactor nuclei deorsum claudit. Temperaturae in gradibus historicis infrastructuram et officia sanitatis veteris continentis ad probationem pone,https://veja.abril.com.br/mundo/calor-castiga-europa-com-termometros-a-40oc-e-centenas-de-incendios-reator-nuclear-desliga/,"https://veja.abril.com.br/wp-content/uploads/2025/07/GettyImages-2221975237.jpg?quality=70&strip=info&resize=1080,565&crop=1",,"Pular para o conteúdo
Oferta Relâmpago: Assine por apenas 7,99Turistas visitando o centro histórico de Barcelona em meio a onda de calor na Espanha (Paco Freire/Getty Images)
Continua após publicid… [+4347 chars]",,2026-07-15 03:20:35+00:00,random,,,
f506b6c9c2a1d2881345d3bb0f653ef4,2026-07-07T14:48:58Z,Heat Wave,calor,veja.abril.com.br,pt,0.9,Europa bereitet sich auf die dritte Welle extremer Hitze und die Ausbreitung von Bränden vor. Tausende verlassen ihre Häuser und Atomkraftwerke könnten die Stromproduktion reduzieren,Europa se prepara para terceira onda de calor extremo e incêndios se espalham,Milhares deixam suas casas e usinas nucleares podem reduzir a produção de eletricidade,Europe prepares for third wave of extreme heat and fires spread. Thousands leave their homes and nuclear plants could reduce electricity production,Europam tertiam praeparat fluctus nimios aestus et ignes spargit. Milia domos suas relinquunt et plantae nuclei ad productionem electricitatem reducere potuerunt,https://veja.abril.com.br/agenda-verde/europa-se-prepara-para-terceira-onda-de-calor-extremo-e-incendios-se-espalham/,"https://veja.abril.com.br/wp-content/uploads/2026/07/GettyImages-2284294563.jpg?quality=70&strip=info&resize=1080,565&crop=1",,"A Europa Ocidental se prepara para enfrentar a terceira grande onda de calor do verão, em um cenário que combina temperaturas extremas, incêndios florestais, pressão sobre o sistema elétrico e risco … [+3115 chars]",,2026-07-15 03:20:35+00:00,random,,,
8a78b6c2597908377f73095748bf2237,2026-07-10T13:54:56Z,Heat Wave,calor,veja.abril.com.br,pt,0.9,Bei Waldbränden in Spanien kommen mindestens 12 Menschen ums Leben; Dutzende bleiben vermisst. Feuer breitet sich inmitten heftiger Hitzewelle auf dem europäischen Kontinent aus; Rund 800 Spanier mussten ihre Heimat verlassen,Incêndios florestais na Espanha matam ao menos 12; dezenas seguem desaparecidos,Fogo se alastra em meio a intensa onda de calor no continente europeu; Cerca de 800 espanhóis precisaram deixar suas casas,Forest fires in Spain kill at least 12; dozens remain missing. Fire spreads amid intense heat wave on the European continent; Around 800 Spaniards had to leave their homes,Silvae incendia in Hispania saltem XII occidunt; dozens manent missing. Ignis inter aestum intensum in Europae continenti unda diffunditur; Circum DCCC Hispani habebant domos suas relinquere,https://veja.abril.com.br/mundo/incendios-florestais-na-espanha-matam-ao-menos-12-dezenas-seguem-desaparecidos/,"https://veja.abril.com.br/wp-content/uploads/2026/07/AFP__20260710__B9TZ3T3__v1__HighRes__SpainFireEmergency.jpg?quality=70&strip=info&resize=1080,565&crop=1",,"Continua após a publicidade
Testemunhas disseram às autoridades que o fogo pode ter começado após a queda de um cabo de energia elétrica, que teria incendiado a vegetação seca antes de se espalhar p… [+1712 chars]",,2026-07-15 03:20:35+00:00,random,,,
5ba1fd00d04243fee6a5ee6287e2080e,2026-07-12T10:40:55Z,Heat Wave,onda de calor,www.terra.com.br,pt,0.9,"Südkorea löst bei extremer Hitze erstmals eine neue Höchstalarmstufe aus. Südkorea gab an diesem Sonntag (12) zum ersten Mal seine maximale Hitzewarnung heraus, da eine heftige Hitzewelle den Südosten des Landes heimgesucht hat. Die neue Alarmkategorie wurde dieses Jahr vom südkoreanischen Wetterdienst als Reaktion darauf erstellt…","Sob calor extremo, Coreia do Sul aciona novo alerta máximo pela primeira vez","A Coreia do Sul emitiu neste domingo (12), pela primeira vez, seu alerta de calor no nível máximo devido a uma intensa onda de calor que atinge o sudeste do país. A nova categoria de alerta foi criada neste ano pelo serviço meteorológico sul-coreano em respos…","Under extreme heat, South Korea activates new maximum alert for the first time. South Korea issued this Sunday (12), for the first time, its maximum heat warning due to an intense heat wave hitting the southeast of the country. The new alert category was created this year by the South Korean meteorological service in response…","Sub nimio calore, Corea Meridiana novum maximum intenti primum operatur. Corea Meridiana hac die Dominico edita (12), primum suum maximum calorem ammonuit, ob aestum intensum in regionem orientalem plagamque percuciens. Novus categorius erectus hoc anno creatus est a servitio meteorologico Coreanorum Meridionalis in responsione…","https://www.terra.com.br/noticias/mundo/sob-calor-extremo-coreia-do-sul-aciona-novo-alerta-maximo-pela-primeira-vez,ddfa1d636f73f33d6662cbcd5195a96f6p31l0pe.html",https://p2.trrsf.com/image/fget/cf/1200/630/middle/images.terra.com/2026/07/12/984732900-000-b9xt7jm.jpg,,"""A Administração Meteorológica da Coreia (KMA) emitiu hoje, às 10h, um alerta de calor extremo para duas cidades na parte sul da província de Gyeongsang do Norte: Gyeongsan e Pohang"", disse a diretor… [+2780 chars]",,2026-07-15 03:20:35+00:00,random,,,
1ea9f212362f9a5e942100c5a354fd68,2026-07-13T17:45:24Z,Heat Wave,calor recorde,ultimosegundo.ig.com.br,pt,0.9,Deutschland hat eine Rekordzahl an Todesfällen durch Ertrinken während einer Hitzewelle. Das europäische Land verzeichnete im Juni aufgrund extremer Temperaturen 99 Todesfälle durch Ertrinken – die höchste Zahl seit 23 Jahren,Alemanha tem recorde de mortes por afogamento em onda de calor,País europeu registrou 99 mortes por afogamento em junho marcado por temperaturas extremas – maior número em 23 anos,Germany has record number of drowning deaths in heat wave. European country recorded 99 drowning deaths in June marked by extreme temperatures – highest number in 23 years,Germanus numerum mortum submersionis aestu fluctu habet. Europae patria XCIX memoriae submersionis mortes mense Iunio notata est summa temperaturae - supremus numerus in 23 annis,https://ultimosegundo.ig.com.br/agencias/dw/2026-07-13/alemanha-tem-recorde-de-mortes-por-afogamento-em-onda-de-calor.html,https://i0.statig.com.br/bancodeimagens/3w/s2/b5/3ws2b56lq9hfwz8vv0xae3qsg.jpg,,"Quase 100 pessoas em sua maioria homens jovens morreram afogadas na Alemanha em junho, em meio à  onda de calor extremo que castigou o país e grande parte da Europa Ocidental.
Segundo dados divulgad… [+3616 chars]",,2026-07-15 03:20:35+00:00,random,,,
c318b6066a7c37fedca692cc8f23e76c,2026-07-14T01:17:25Z,Heat Wave,calor,www.metropoles.com,pt,0.9,"Europa verzeichnet während einer Hitzewelle überdurchschnittlich 10.000 Todesfälle. Daten von EuroMOMO zeigen, dass mehr als 90 % der Opfer 65 Jahre oder älter waren. Wissenschaftler bringen extreme Hitze mit dem Klimawandel in Verbindung",Europa registra 10 mil mortes acima da média durante onda de calor,Dados da EuroMOMO indicam que mais de 90% das vítimas tinham 65 anos ou mais. Cientistas associam calor extremo às mudanças climáticas,"Europe records 10,000 deaths above average during heat wave. Data from EuroMOMO indicates that more than 90% of victims were aged 65 or over. Scientists link extreme heat to climate change",Europa decem milia mortum supra mediocris in fluctus aestus commemorat. Data ab EuroMOMO indicat plus quam 90% victimarum annorum 65 vel supra. Docti ligant calorem summum ad mutationem climatis,https://www.metropoles.com/mundo/europa-10-mil-mortes-excesso-onda-calor,https://i.metroimg.com/4vJVVqZpt8lJV71d4TE6zN831pz7jhV7qF8t1fGbdus/rs:fill:1200:800:1/g:no/q:85/f:webp/plain/https://images.metroimg.com/2026/06/anadolu-colaborador-metropolesjpg.jpeg,,"A onda de calor recorde que atingiu o oeste da Europa no fim de junho provocou mais de 10 mil mortes em excesso em 27 países do continente, segundo dados divulgados pela EuroMOMO, rede apoiada pelo C… [+2669 chars]",,2026-07-15 03:20:35+00:00,random,,,
80a96fa7061c4c72dd7a6648a23dcd69,2026-07-06T02:52:04Z,Fog,nevoeiro sanirajak igloulik,www.terra.com.br,pt,0.3,"Brasilien erlebt nach der Niederlage bei der Weltmeisterschaft 2026 die längste Titeldürre seiner Geschichte. Ohne den Weltmeistertitel seit 2002 zu gewinnen, wird das Team die Weltmeisterschaft 2030 erreichen, nachdem es 28 Jahre lang nicht den Pokal gewonnen hat und damit den alten Rekord von 24 Jahren zwischen 1970 und 1994 übertrifft.",Brasil amarga maior jejum de títulos da história após queda na Copa do Mundo de 2026,"Sem conquistar a Copa desde 2002, a Seleção chegará ao Mundial de 2030 acumulando 28 anos sem levantar a taça, superando o antigo recorde de 24 anos entre 1970 e 1994.","Brazil is experiencing the longest title drought in history after falling at the 2026 World Cup. Without winning the World Cup since 2002, the team will reach the 2030 World Cup after accumulating 28 years without lifting the cup, surpassing the old record of 24 years between 1970 and 1994.","Brasilia experitur longissimum titulum siccitatis in historia postquam in Mundi 2026 Calicem cadit. Sine amore Mundi ab MMII, manipulus Calicem Mundi 2030 attinget postquam accumulatis 28 annis sine poculo levato, superans vetus recordum 24 annorum inter 1970 et MCMXCIV.","https://www.terra.com.br/esportes/brasil/brasil-amarga-maior-jejum-de-titulos-da-historia-apos-queda-na-copa-do-mundo-de-2026,685310f15646703e0e1bb1fa65b52637fzir773l.html",https://p2.trrsf.com/image/fget/cf/1200/630/middle/images.terra.com/2026/07/06/187727233-brazil-v-morocco-group-c-fifa-world-cup-2026-9-2048x1365.jpg,,A eliminação da Seleção Brasileira para a Noruega nas oitavas de final da Copa do Mundo de 2026 marcou mais uma frustração para o torcedor e estabeleceu um novo recorde negativo na história do futebo… [+2306 chars],,2026-07-15 11:43:02+00:00,wmo,Canada,NEN,North-America
03496c3662f047091d987c4fe90f64b6,2026-07-06T12:31:27Z,Thunderstorm,granizo macau,www.terra.com.br,pt,0.3,"Das Lippenlesen verrät Neymars heftigen Schlagabtausch mit Norwegens Torhüter; sehen. Sehen Sie, was Neymar während des Brasilien-Spiels zu Norwegens Torwart gesagt hat. Die harte Rede des Spielers schockierte die Fans",Leitura labial revela forte bate-boca de Neymar com goleiro da Noruega; veja,Veja o que Neymar disse para o goleiro da Noruega durante o jogo do Brasil; fala ríspida do jogador deixou os torcedores chocados,Lip reading reveals Neymar's strong exchange with Norway's goalkeeper; look. See what Neymar said to Norway's goalkeeper during the Brazil game; The player's harsh speech left fans shocked,Lectio labrum Neymar validum commercium cum goalkeeper Norvegiae prodit; spectet. Vide quid Neymar dixerit ad calcem Norvegiae in ludo Brasiliae; Scaenicus oratio dura fans sinistra offensa est,"https://www.terra.com.br/esportes/futebol/copa-2026/leitura-labial-revela-forte-bate-boca-de-neymar-com-goleiro-da-noruega-veja,b103e62d0819885bb22869bb746e7a779feyvvqz.html",https://p2.trrsf.com/image/fget/cf/1200/630/middle/images.terra.com/2026/07/06/74197870-brasil-x-noruega-scaled-aspect-ratio-512-320.jpg,,"O doloroso adeus da Seleção Brasileira na Copa do Mundo causou uma série de desabafos nas redes sociais. Uma leitura labial exibida pelo programa Fantástico, da Globo, revelou os bastidores da ríspid… [+2511 chars]",,2026-07-15 11:43:02+00:00,wmo,Macao,EAS,Asia
aa5b3270cf2de74274c63d7b45c38c11,2026-07-10T09:00:52Z,Drought,seca timor leste,veja.abril.com.br,pt,0.3,"El Niño droht die Lebensmittelpreise in die Höhe zu treiben und Katastrophen in Brasilien und der Welt auszulösen. Es wird erwartet, dass das Phänomen bis Ende des Jahres eine noch nie dagewesene Intensität erreichen wird, was die Behörden in Alarmbereitschaft versetzt",El Niño ameaça elevar preço dos alimentos e provocar desastres no Brasil e no mundo,"Com a previsão de atingir intensidade inédita até o fim do ano, o fenômeno deixa autoridades em alerta","El Niño threatens to raise food prices and cause disasters in Brazil and the world. Expected to reach unprecedented intensity by the end of the year, the phenomenon leaves authorities on alert","El Niño minatur ut pretia ciborum moveat et clades in Brasilia et mundo causat. Expectatur inauditam ardorem fine anni pervenire, phaenomenon relinquit auctoritates erectas",https://veja.abril.com.br/agenda-verde/el-nino-ameaca-elevar-preco-dos-alimentos-e-provocar-desastres-no-brasil-e-no-mundo/,"https://veja.abril.com.br/wp-content/uploads/2026/07/GettyImages-2284975682.jpg.jpg?quality=70&strip=info&resize=1080,565&crop=1",,"Pular para o conteúdo
Oferta Relâmpago: Assine por apenas 7,99TEMPO DE FÚRIA - Enchente provocada por combinação de tempestade e tornado na China (à esq.) e o desespero da população diante do calor … [+11077 chars]",,2026-07-15 11:43:02+00:00,edo,Timor Leste,SEA,Oceania
5f8ee975c1c620ac070b5b9298ff226f,2026-07-06T12:28:05Z,Heat Wave,calor,www.terra.com.br,pt,0.9,"„Beginn der Apokalypse“: Eine neue Hitzewelle erreicht Frankreich und die Brände bleiben außer Kontrolle. Nach der historischen Hitzewelle, die das tägliche Leben im Land durcheinanderbrachte, stiegen die Temperaturen an diesem Montag (6) in ganz Frankreich erneut an. Das Land registrierte in 16 Departements einen orangefarbenen Alarm, eine Stufe unter dem Höchstwert, mit Höchsttemperaturen von bis zu 40 °C. Mit der hohen…",'Início de apocalipse': nova onda de calor chega à França e incêndios continuam fora de controle,"Após a onda de calor histórica que atrapalhou o cotidiano do país, as temperaturas voltaram a subir em toda a França nesta segunda-feira (6). O país registrou alerta laranja, um nível abaixo do máximo, em 16 departamentos, com máximas de até 40°C. Com as alta…","'Start of apocalypse': new heat wave arrives in France and fires remain out of control. After the historic heat wave that disrupted daily life in the country, temperatures rose again across France this Monday (6). The country registered an orange alert, one level below the maximum, in 16 departments, with maximum temperatures of up to 40°C. With the high…","'Initium apocalypsis': novus calor in Galliam venit fluctus et ignes extra imperium manent. Postquam calor historicus fluctus, qui vitam cotidianam in regione turbaverant, temperaturas trans Galliam hac die Lunae resurrexit (6). Patria descripserunt erectum aureum, unum planum infra maximum, in 16 Dicasteriis, cum temperaturis maximis usque ad 40°C. Cum princeps…","https://www.terra.com.br/noticias/mundo/europa/inicio-de-apocalipse-nova-onda-de-calor-chega-a-franca-e-incendios-continuam-fora-de-controle,822f41b375734a87d3bd30c574291514kw8ype1r.html",https://p2.trrsf.com/image/fget/cf/1200/630/middle/images.terra.com/2026/07/06/1397265810-000-b82x6t3.jpg,,"Durante a madrugada, a agência meteorológica Météo-France registrou temperaturas entre 20°C e 27°C no vale do Ródano, no litoral mediterrâneo e no sudoeste do país, onde eram esperados picos próximos… [+4880 chars]",,2026-07-15 11:43:02+00:00,random,,,
2f307f53b095be70dd1b0f3cb3e426e2,2026-07-09T12:49:57Z,Heat Wave,calor,www.diariodocentrodomundo.com.br,pt,0.9,Westeuropa verzeichnet den heißesten Juni seiner Geschichte und die Ozeane brechen einen neuen Rekord. Copernicus-Daten deuten auf Rekordhitze in Westeuropa im Juni 2026 und die höchste Meeresoberflächentemperatur des Monats hin.,Europa Ocidental registra junho mais quente da história e oceanos batem novo recorde,Dados do Copernicus apontam calor recorde na Europa Ocidental em junho de 2026 e maior temperatura da superfície dos oceanos para o mês.,Western Europe records hottest June in history and oceans break new record. Copernicus data points to record heat in Western Europe in June 2026 and the highest ocean surface temperature for the month.,Europa occidentalis calidissima Iunii in historia et oceano novum recordum effregit. Data Copernicus demonstrat calorem in Europa occidentali mense Iunio 2026 commemorare et summum Oceani temperaturam ad mensem.,https://www.diariodocentrodomundo.com.br/europa-ocidental-junho-mais-quente-historia-oceanos-recorde/,https://www.diariodocentrodomundo.com.br/wp-content/uploads/2026/07/imagem-principal-europa-ocidental-junho-mais-quente-historia-oceanos-recorde-2026-06-30t153709z-1410776584-rc2e4mayhled-rtrmadp-3-europe-weather-austria-scaled.jpg,,"Onda de calor em Viena, na Áustria, em 30 de junho de 2026. Foto: Reprodução
Junho de 2026 foi o mês de junho mais quente já registrado na Europa Ocidental e o segundo mais quente do planeta, aponta… [+3865 chars]",,2026-07-15 11:43:02+00:00,random,,,
b2e25caa830879a48443208e1f06dc6f,2026-07-07T15:42:12Z,Fog,nevoeiro Lituânia,www.terra.com.br,pt,0.3,"Wettervorhersage für Campo Grande (MS) heute: Sehen Sie, wie das Wetter diesen Dienstag sein wird. Der Dienstag (7. Juli) wird in Campo Grande (MS) von Sonne mit vielen Wolken während des ... geprägt sein.",Previsão do tempo em Campo Grande (MS) hoje: veja como fica o clima nesta terça-feira,A terça-feira (7 de julho) em Campo Grande (MS) será marcada por sol com muitas nuvens durante o ...,Weather forecast in Campo Grande (MS) today: see what the weather will be like this Tuesday. Tuesday (July 7) in Campo Grande (MS) will be marked by sun with lots of clouds during the ...,Tempestas praenuntietur in Campo Grande hodie: vide quae tempestas haec Martis erit. Die Martis (July 7) in Campo Grande notabitur sol cum multis nubium diebus ...,"https://www.terra.com.br/noticias/brasil/cidades/previsao-do-tempo-em-campo-grande-ms-hoje-veja-como-fica-o-clima-nesta-terca-feira,f40846a726241c48c6dff4cdf1961b58vskzf5ll.html",https://p2.trrsf.com/image/fget/cf/1200/630/middle/images.terra.com/2026/07/07/421605907-dddf514a-628b-48df-a819-1cb643d21c0b.jpg,,"A terça-feira (7 de julho) em Campo Grande (MS) será marcada por sol com muitas nuvens durante o dia e períodos de céu nublado, segundo o Climatempo. A capital sul-mato-grossense tem previsão de temp… [+1674 chars]",,2026-07-15 16:40:23+00:00,wmo,Lithuania,WCE,Europe
625deda33af0e93802228c2ce6c3da0e,2026-07-07T15:42:44Z,Thunderstorm,salve vila real,www.terra.com.br,pt,0.3,"Wettervorhersage in Cuiabá (MT) heute: Sehen Sie, wie das Wetter diesen Dienstag sein wird. Die Temperaturen schwanken zwischen 16°C und 24°C, mit sonnigem Wetter zwischen vielen Wolken und trockenem Wetter den ganzen Tag über.",Previsão do tempo em Cuiabá (MT) hoje: veja como fica o clima nesta terça-feira,"Temperaturas variam entre 16°C e 24°C, com previsão de sol entre muitas nuvens e tempo seco ao longo do dia.","Weather forecast in Cuiabá (MT) today: see what the weather will be like this Tuesday. Temperatures vary between 16°C and 24°C, with sunny weather forecast among many clouds and dry weather throughout the day.","Tempestas praenuntietur in Cuiabá hodie: vide quae tempestas haec Martis erit. Temperaturae inter 16°C et 24°C variant, tempestatibus apricis inter multas nubes et siccitatem per diem praesagio.","https://www.terra.com.br/noticias/brasil/cidades/previsao-do-tempo-em-cuiaba-mt-hoje-veja-como-fica-o-clima-nesta-terca-feira,b2aeef7c3a42b4b65329f2bd9ddbc1855yzyfx8y.html",https://p2.trrsf.com/image/fget/cf/1200/630/middle/images.terra.com/2026/07/07/338791941-02ff2eb8-2a0d-4aaa-b17a-4dce21baedf0.jpg,,"Os moradores de Cuiabá (MT) podem esperar uma terça-feira (7 de julho) marcada por temperaturas amenas e variação de nebulosidade, segundo o Climatempo. A previsão meteorológica indica que o sol apar… [+1967 chars]",,2026-07-15 16:40:23+00:00,wmo,Portugal,MED,Europe
b04330770e3a058ece31f897649421ab,2026-07-07T15:43:17Z,Flood,surto de lago glaciar,www.terra.com.br,pt,0.3,"Wettervorhersage für Goiânia (GO) heute: Sehen Sie, wie das Wetter diesen Dienstag sein wird. Die Temperaturen schwanken zwischen 16°C und 29°C, mit einem sonnigen Tag und leichtem Nebel im Morgengrauen und in der Nacht",Previsão do tempo em Goiânia (GO) hoje: veja como fica o clima nesta terça-feira,"Temperaturas variam entre 16°C e 29°C, com previsão de dia de sol com névoa fraca ao amanhecer e à noite","Weather forecast in Goiânia (GO) today: see what the weather will be like this Tuesday. Temperatures vary between 16°C and 29°C, with a sunny day forecast with light fog at dawn and at night","Tempestas in Goiânia prospicitur hodie: vide quae tempestas hodie Martis erit. Temperaturae inter 16°C et 29°C variant, sereno die praenuntiant nebule in luce et in nocte","https://www.terra.com.br/noticias/brasil/cidades/previsao-do-tempo-em-goiania-go-hoje-veja-como-fica-o-clima-nesta-terca-feira,9f906be1e9d1dd7b4e6ea00472ac24c549c8grjl.html",https://p2.trrsf.com/image/fget/cf/1200/630/middle/images.terra.com/2026/07/07/1999594876-9357c192-f16c-4d53-8c05-a6deb2d2c9ef.jpg,,"A cidade de Goiânia (GO) tem previsão de um dia de sol com névoa fraca ao amanhecer e à noite nesta terça-feira (7 de julho), segundo o Climatempo. O tempo seco predomina na capital goiana, sem previ… [+1854 chars]",,2026-07-15 16:40:23+00:00,random,,,
c28af584ed496e6192a536322790e969,2026-07-08T07:35:43Z,Heat Wave,inverno ameno,observador.pt,pt,0.3,"Prüfungen: Hat Digital den Minister gerahmt? Die 11. und 12. Staatsprüfung wurden digitalisiert, aber das Computersystem, das die Korrektur ermöglicht, hat systematisch versagt. Das Bildungsministerium hat Prüfungen und die Veröffentlichung von Noten verschoben.",Exames: o digital tramou o ministro?,"Os exames nacionais do 11º e do 12º foram digitalizados, mas o sistema informático que permite a correcção tem falhado sistematicamente. O Ministério da Educação adiou exames e a divulgação das notas.","Exams: did digital frame the minister? The 11th and 12th national exams were digitized, but the computer system that allows correction has systematically failed. The Ministry of Education postponed exams and the release of grades.","Examina: nonne digitales fabricant minister? Digitized by XI et XII examina nationalia sunt, sed ratio computatoria quae correctionem admittit systematice defecit. Ministerium Educationis examina et remissionem graduum distulit.",https://observador.pt/programas/contra-corrente/exames-o-digital-tramou-o-ministro/,https://bordalo.observador.pt/v2/rs:fill:770:403/c:770:433:nowe:0:0/q:70/f:webp/plain/https://s3.observador.pt/wp-content/uploads/2025/12/16133246/770-podcast-contra-corrente-zmf-hm-hg.jpg,,Esta transcrição foi gerada automaticamente por Inteligência Artificial e pode conter erros ou imprecisões.Está na hora de conhecermos o tema do Contracorrente desta quarta-feira. Se quiser entrar em… [+7232 chars],,2026-07-15 16:40:23+00:00,random,,,
7aba5060a178df238f2f51c5f27456af,2026-07-08T12:46:34Z,Heat Wave,inverno ameno,www.terra.com.br,pt,0.3,"Wettervorhersage für Goiânia (GO) heute: Sehen Sie, wie das Wetter diesen Mittwoch sein wird. Die Temperaturen schwanken zwischen 16°C und 29°C, mit sonnigem Wetter mit vielen Wolken und trockenem Wetter den ganzen Tag über",Previsão do tempo em Goiânia (GO) hoje: veja como fica o clima nesta quarta-feira,"Temperaturas variam entre 16°C e 29°C, com previsão de sol entre muitas nuvens e tempo seco ao longo do dia","Weather forecast in Goiânia (GO) today: see what the weather will be like this Wednesday. Temperatures vary between 16°C and 29°C, with sunny weather forecast among many clouds and dry weather throughout the day","Tempestas in Goiânia prospicitur hodie: vide quae tempestas hodie Mercurii simile erit. Temperaturae inter 16°C et 29°C variant, tempestatibus apricis inter multas nubes et siccitatem per diem praesagio","https://www.terra.com.br/noticias/brasil/cidades/previsao-do-tempo-em-goiania-go-hoje-veja-como-fica-o-clima-nesta-quarta-feira,a28886bcc75e986c943c7fc45e571ed5o0urea31.html",https://p2.trrsf.com/image/fget/cf/1200/630/middle/images.terra.com/2026/07/08/1182472220-0be5cf20-61ca-45d0-8af9-9b1283797cdb.jpg,,"A previsão do tempo para Goiânia (GO) nesta quarta-feira, 08 de julho, indica um dia de sol com muitas nuvens e períodos de céu nublado, segundo o Climatempo. A capital goiana terá uma amplitude térm… [+1726 chars]",,2026-07-15 16:40:23+00:00,random,,,
883756ba033c9dddf80d4687ab83d54a,2026-07-08T13:11:32Z,Snow&Ice,geada chile,www.terra.com.br,pt,0.3,"Wettervorhersage für Vila Velha (ES) heute: Sehen Sie, wie das Wetter diesen Mittwoch sein wird. Die Temperaturen schwanken zwischen 19°C und 26°C, mit der Vorhersage von Sonne, unterschiedlicher Bewölkung und festem Wetter in der Nacht.",Previsão do tempo em Vila Velha (ES) hoje: veja como fica o clima nesta quarta-feira,"Temperaturas variam entre 19°C e 26°C, com previsão de sol, variação de nebulosidade e tempo firme à noite.","Weather forecast in Vila Velha (ES) today: see what the weather will be like this Wednesday. Temperatures vary between 19°C and 26°C, with a forecast of sun, varying cloud cover and firm weather at night.","Tempestas in Vila Velha (ES) hodie prospicitur: vide quae tempestas hodie Mercurii simile erit. Temperaturae inter 19°C et 26°C variantur, solis praesagio, nubes varians tegunt et firmam tempestatem nocturnunt.","https://www.terra.com.br/noticias/brasil/cidades/previsao-do-tempo-em-vila-velha-es-hoje-veja-como-fica-o-clima-nesta-quarta-feira,ed9111c052c49f60e466b889a0bf40fb8vb7q4fl.html",https://p2.trrsf.com/image/fget/cf/1200/630/middle/images.terra.com/2026/07/08/134254393-9199c25a-ceb0-445a-8520-8585385ca6c6.jpg,,"A cidade de Vila Velha (ES) amanhece nesta quarta-feira, 8 de julho, com temperaturas amenas e presença de sol entre nuvens. Segundo o Climatempo, a previsão meteorológica indica que os termômetros v… [+2048 chars]",,2026-07-15 16:40:23+00:00,wmo,Chile,SWS,South-America
2789bbe457702d4e3d25fa9990b7fb5c,2026-07-09T23:04:13Z,Tropical Cyclone,tempestade tropical,observador.pt,pt,0.3,"Eine weitere Lektion für Europa! Wir brauchen staatliche Maßnahmen, die die Investitionsattraktivität fördern, die Wettbewerbsfähigkeit verbessern und die verschiedenen Hindernisse beseitigen, die der Entwicklung der Wirtschaft noch im Weg stehen",Mais uma lição para a Europa!,"precisamos de políticas públicas promotoras da atratividade do investimento e da melhoria da competitividade, com eliminação dos vários obstáculos que persistem ao desenvolvimento da economia","Another lesson for Europe! We need public policies that promote investment attractiveness and improve competitiveness, eliminating the various obstacles that persist to the development of the economy","Alia lectio pro Europa! Publicis consiliis opus est, quae amoenitatem et aemulationem investment promovent, variis impedimentis remotis, quae progressui oeconomiae persistunt.",https://observador.pt/opiniao/mais-uma-licao-para-a-europa/,https://wm.observador.pt/wm-op/wide-circle/https%3A%2F%2Fbordalo.observador.pt%2Fv2%2Frs%3Afill%3A900%2Fc%3A467%3A467%3Anowe%3A0%3A17%2Fq%3A70%2Ff%3Awebp%2Fplain%2Fhttps%3A%2F%2Fs3.observador.pt%2Fwp-content%2Fuploads%2F2025%2F05%2F26135645%2Fluis-miguel-ribeiro-png-e1773241890917.jpg,,"Na passada semana o Banco Central Europeu (BCE) tomou a decisão de aumentar as taxas de juro, a primeira subida em três anos, que o BCE justificou com o aumento da inflação na Área Euro, não se tendo… [+2887 chars]",,2026-07-15 16:40:23+00:00,random,,,
133f6124d865ab414a5867300a61bc3e,2026-07-11T05:15:30Z,Precipitation,chuva forte nova gales do sul,www.metropoles.com,pt,0.3,"Das Cantareira-System verliert im Vergleich zu 2025 „einen Monat Wasser“. Cantareira hat 63 Milliarden Liter weniger als im gleichen Zeitraum des Jahres 2025, eine Wassermenge, die der Wassermenge entspricht, die im Laufe eines Monats gesammelt wird",Sistema Cantareira perde “um mês de água” em comparação com 2025,"Cantareira tem 63 bilhões de litros a menos que em igual período de 2025, volume de água equivalente ao que é captado ao longo de um mês","Cantareira System loses “one month of water” compared to 2025. Cantareira has 63 billion liters less than in the same period of 2025, a volume of water equivalent to what is captured over the course of a month","Cantareira System amittit ""unum mensem aquae"" comparatum 2025. Cantareira habet 63 miliarda litres minus quam in eadem periodo 2025, volumen aquae aequipollens iis quae per mensem capiuntur.",https://www.metropoles.com/sao-paulo/sistema-cantareira-perde-um-mes-de-agua-em-comparacao-com-2025,https://i.metroimg.com/cyBg_DQMMWOM-fD_buhN6wYct_zfYXjwdZfHRWvM0Ms/rs:fill:1200:800:1/g:no/q:85/f:webp/plain/https://images.metroimg.com/2026/05/sistema-cantareira-captacao-agua-sp.jpg,,"O Sistema Cantareira ainda opera em baixa neste início de julho, na faixa de alerta, e perdeu quase 63 bilhões de litros em comparação com o mesmo período do ano passado. O volume de água é equivalen… [+5041 chars]",,2026-07-15 16:40:23+00:00,acwe,Australia,EAU,Oceania
f18f274e1fe8846140d505249d30f089,2026-07-12T05:00:24Z,Precipitation,chuva torrencial Equador,www.metropoles.com,pt,0.3,"Der Klimawandel verändert das Verhalten wilder Tiere. Veränderungen im Klimaverhalten, der Fortpflanzung und Migration von Arten sowie Auswirkungen auf die Artenvielfalt",Mudanças climáticas alteram comportamento de animais silvestres,"Alterações no clima mudam comportamento, reprodução e migração de espécies, além de afetarem a biodiversidade","Climate change alters the behavior of wild animals. Changes in climate change behavior, reproduction and migration of species, in addition to affecting biodiversity","Clima muta ferarum mores mutat. Mutationes in climatis mutatione mores, reproductiones et migrationes specierum, praeter biodiversitatem affectantes",https://www.metropoles.com/ciencia/mudancas-climaticas-animais,https://i.metroimg.com/JNowOQAmAjvqpsffrEJ-kWq5xeX595xllUVgakNB13g/rs:fill:1200:800:1/g:no/q:85/f:webp/plain/https://images.metroimg.com/2026/07/animais-jpg.jpeg,,"As mudanças climáticas já provocam impactos visíveis no comportamento dos animais em diferentes ecossistemas. O aumento das temperaturas, as alterações no regime de chuvas e a maior frequência de eve… [+3634 chars]",,2026-07-15 16:40:23+00:00,wmo,Ecuador,NWS,South-America
bf8dc538d9742a593dbaf3c8fb2a78bd,2026-07-13T06:13:57Z,Storm,tempestade coimbra,observador.pt,pt,0.3,"Acht Gemeinden in Vila Real und Bragança in höchster Gefahr. Valpaços, Mirandela, Macedo de Cavaleiros, Bragança, Alfândega da Fé, Mogadouro, Miranda do Douro und Vimioso sind die 8 Gemeinden mit maximaler Brandgefahr.",Oito concelhos em perigo máximo em Vila Real e Bragança,"Valpaços, Mirandela, Macedo de Cavaleiros, Bragança, Alfândega da Fé, Mogadouro, Miranda do Douro e Vimioso são os 8 concelhos sob perigo máximo de incêndio.","Eight municipalities in maximum danger in Vila Real and Bragança. Valpaços, Mirandela, Macedo de Cavaleiros, Bragança, Alfândega da Fé, Mogadouro, Miranda do Douro and Vimioso are the 8 municipalities under maximum fire danger.","Octo municipia maximum periculum in Vila Real et Bragança. Valpaços, Mirandela, Macedo de Cavaleiros, Bragança, Alfândega da Fé, Mogadouro, Miranda do Douro et Vimioso sunt 8 municipia sub maximo ignis periculo.",https://observador.pt/2026/07/13/incendios-oito-concelhos-de-vila-real-e-braganca-em-perigo-maximo/,https://wm.observador.pt/wm/l/https%3A%2F%2Fbordalo.observador.pt%2Fv2%2Frs%3Afill%3A770%3A403%2Fc%3A2000%3A1122%3Anowe%3A0%3A196%2Fq%3A70%2Ff%3Awebp%2Fplain%2Fhttps%3A%2F%2Fs3.observador.pt%2Fwp-content%2Fuploads%2F2026%2F07%2F02190225%2F47394693.jpg?layer=obstop:T,,"Oito concelhos dos distritos de Vila Real e Bragança estão esta segunda-feira em perigo máximo de incêndio rural, segundo o Instituto Português do Mar e da Atmosfera (IPMA).
Em causa estão os concel… [+1371 chars]",,2026-07-15 16:40:23+00:00,wmo,Portugal,MED,Europe
1178ab7ae786d5d7b458d7cfc604efe4,2026-07-14T07:07:50Z,Drought,período de seca na França,observador.pt,pt,0.3,"Acht Gemeinden mit maximaler Brandgefahr. Miranda do Douro, Figueira de Castelo Rodrigo und Penamacor sind einige der Gemeinden, die von der IPMA-Warnung vor maximaler Gefahr betroffen sind. 60 Gemeinden mit hoher Brandgefahr auf dem Land.",Oito concelhos em perigo máximo de incêndio,"Miranda do Douro, Figueira de Castelo Rodrigo e Penamacor são alguns dos concelhos afetados pelo aviso de perigo máximo do IPMA. 60 concelhos em perigo elevado de incêndio rural.","Eight municipalities at maximum fire danger. Miranda do Douro, Figueira de Castelo Rodrigo and Penamacor are some of the municipalities affected by the IPMA maximum danger warning. 60 municipalities at high risk of rural fire.","Octo municipia maximum incendium periculum est. Miranda do Douro, Figueira de Castelo Rodrigo et Penamacor sunt quaedam ex municipiis ab IPMA maximo periculo affecti monentes. 60 Municipia in magno periculo ruris incendia.",https://observador.pt/2026/07/14/incendios-oito-concelhos-de-tres-distritos-em-perigo-maximo/,https://wm.observador.pt/wm/l/https%3A%2F%2Fbordalo.observador.pt%2Fv2%2Frs%3Afill%3A770%3A403%2Fc%3A2000%3A1124%3Anowe%3A0%3A104%2Fq%3A70%2Ff%3Awebp%2Fplain%2Fhttps%3A%2F%2Fs3.observador.pt%2Fwp-content%2Fuploads%2F2025%2F08%2F11165622%2F45465334.jpg?layer=obstop:T,,"Oito concelhos dos distritos de Bragança, Guarda e Castelo Branco estão esta terça-feira em perigo máximo de incêndio rural, segundo o Instituto Português do Mar e da Atmosfera (IPMA).
Em causa estã… [+1451 chars]",,2026-07-15 16:40:23+00:00,edo,France,WCE,Europe
c8a115eacb7a5b90c8ee366af9c4b7a4,2026-07-10T22:01:57Z,Precipitation,chuva forte,observador.pt,pt,0.7,"Starker Regen auf den Azoren an diesem Samstag und Sonntag. IPMA gibt gelbe Warnung für Flores, Corvo, Pico, Faial, São Jorge, Terceira und Graciosa aus. Die Warnungen gelten zwischen Samstagnachmittag und Sonntagmorgen.",Chuva forte nos Açores este sábado e domingo,"IPMA emite aviso amarelo para Flores, Corvo, Pico, Faial, São Jorge, Terceira e Graciosa. Alertas vigoram entre sábado à tarde e domingo de manhã.","Heavy rain in the Azores this Saturday and Sunday. IPMA issues yellow warning for Flores, Corvo, Pico, Faial, São Jorge, Terceira and Graciosa. Alerts are in effect between Saturday afternoon and Sunday morning.","Imber gravis in Azore hoc Saturni et Solis. IPMA flavum monitum pro Flore, Corvo, Pico, Faial, Sao Jorge, Terceira et Graciosa prodit. Erecti valent inter meridiem et diem Saturni mane.",https://observador.pt/2026/07/10/acores-sob-aviso-amarelo-este-fim-de-semana-chuva-forte-esperada-nos-grupos-ocidental-e-central/,https://wm.observador.pt/wm/l/https%3A%2F%2Fbordalo.observador.pt%2Fv2%2Frs%3Afill%3A770%3A403%2Fc%3A1440%3A809%3Anowe%3A0%3A75%2Fq%3A70%2Ff%3Awebp%2Fplain%2Fhttps%3A%2F%2Fs3.observador.pt%2Fwp-content%2Fuploads%2F2025%2F09%2F15232518%2Fchuvas-acores.jpg?layer=obstop:T,,"As ilhas dos grupos Ocidental e Central dos Açores vão estar sob aviso amarelo no sábado e no domingo devido às previsões de chuva forte, informou esta sexta-feira o Instituto Português do Mar e da A… [+604 chars]",,2026-07-15 16:40:23+00:00,random,,,
aee4c5e7668c92132e4f4a829a732ce1,2026-07-12T18:00:44Z,Snow&Ice,granizo,guiadoestudante.abril.com.br,pt,0.9,"Frost, Schnee und Hagel: Kennen Sie den Unterschied? Verstehen Sie die Phänomene, die in der Wettervorhersage auftauchen und möglicherweise auch bei der Aufnahmeprüfung auftauchen","Geada, neve e granizo: você sabe a diferença?",Entenda os fenômenos que aparecem na previsão do tempo e também podem cair no vestibular,"Frost, snow and hail: do you know the difference?. Understand the phenomena that appear in the weather forecast and may also appear on the entrance exam","Pruina, nix, grando: scisne differentiam? Phaenomena intellege quae in tempestatibus praesagio apparent et etiam in introitu exam apparent",https://guiadoestudante.abril.com.br/coluna/duvidas-portugues/geada-neve-e-granizo-voce-sabe-a-diferenca/#blogposting,"https://guiadoestudante.abril.com.br/wp-content/uploads/sites/4/2026/07/geada-neve-granizo.jpg?quality=70&strip=info&resize=1080,565&crop=1",,"Oferta Relâmpago: Assine por apenas 1,99
 (Canva/Reprodução)
Continua após publicidade
Quando o inverno chega, é comum ouvir notícias sobre geada, granizo e até neve – que é rara no Brasil, mas já… [+5128 chars]",,2026-07-15 16:40:23+00:00,random,,,
7263895ebafb493db78eb704a17e91db,2026-07-13T20:00:10Z,Snow&Ice,geada,veja.abril.com.br,pt,0.9,"Wettervorhersage für diesen Dienstag, den 14.: In São Paulo kehrt erneut Nieselregen ein und im Süden droht Frost. Laut Climatempo wird es in der Hauptstadt São Paulo eine Höchsttemperatur von 18°C ​​geben; An der Nordostküste kann es zu heftigen Regenfällen kommen","Previsão do tempo nesta terça, 14: garoa volta a São Paulo e geada ameaça o Sul","Segundo o Climatempo, capital paulista terá máxima de 18°C; litoral do Nordeste pode registrar chuva forte","Weather forecast this Tuesday, 14th: drizzle returns to São Paulo and frost threatens the South. According to Climatempo, the capital of São Paulo will have a maximum temperature of 18°C; Northeast coast may record heavy rain","Tempestas hanc Martis, 14th: Proin redit ad São Paulo et gelu Austri minatur. Iuxta Climatempo, caput São Paulo, maximam temperiem 18°C ​​habebit; Orientem oram potest recordarentur pluviae",https://veja.abril.com.br/agenda-verde/previsao-do-tempo-nesta-terca-14-garoa-volta-a-sao-paulo-e-geada-ameaca-o-sul/,"https://veja.abril.com.br/wp-content/uploads/2023/11/Chuva_3290991747.jpg?quality=70&strip=info&resize=1080,565&crop=1",,"Pular para o conteúdo
Oferta Relâmpago: Assine por apenas 9,90 (Gabriel Fernandes/Wikimedia Commons)
Continua após publicidade
<ul><li>A terça-feira, 14 de julho, será de frio persistente no Centr… [+5114 chars]",,2026-07-15 16:40:23+00:00,random,,,
08666d68e46be75307ba2b4a33443cb5,2026-07-05T18:00:34Z,Iceberg,desintegração de uma geleira,guiadoestudante.abril.com.br,pt,0.3,"Verstehen Sie, warum es in Brasilien keine Nordlichter wie in Norwegen gibt. Der Erdmagnetismus und die Wechselwirkungen mit der Atmosphäre ermöglichen es, Lichter am Nachthimmel bestimmter Länder zu sehen","Entenda por que o Brasil não tem auroras boreais, como a Noruega",O magnetismo terrestre e as interações com a atmosfera permitem que as luzes sejam vistas no céu noturno de certos países,"Understand why Brazil doesn't have northern lights, like Norway. Earth magnetism and interactions with the atmosphere allow lights to be seen in the night sky of certain countries","Intellige cur Brasilia septentrionalia lumina non habet, sicut Norvegia. Magnesmus Terrae et interactiones cum atmosphaerae sinunt luminaria quarundam terrarum in caelo nocturno cerni",https://guiadoestudante.abril.com.br/estudo/entenda-por-que-o-brasil-nao-tem-auroras-boreais-como-a-noruega/,"https://guiadoestudante.abril.com.br/wp-content/uploads/sites/4/2026/07/capas-3.jpg?quality=70&strip=info&resize=1080,565&crop=1",,"Oferta Relâmpago: Assine por apenas 1,99 (Canva/Reprodução)
Continua após publicidade
É um fenômeno que deixa o céu luminoso, colorido e que até marcou presença nas telonas, a exemplo da animação “… [+5225 chars]",,2026-07-16 03:27:51+00:00,random,,,
696c29370bb79b400004621121c93085,2026-07-06T03:23:02Z,Snow Avalanche,avalanche de neve,www.terra.com.br,pt,0.3,"England hält dem Druck stand, frustriert die Mexikaner gegen Azteca und trifft im Viertelfinale auf Norwegen. Bellingham, zweimal, und Harry Kane punkten beim 3:2-Sieg der Engländer, mit einem Spieler weniger","Inglaterra suporta pressão, frustra mexicanos em volta ao Azteca e encara a Noruega nas quartas","Bellingham, duas vezes, e Harry Kane marcam na vitória por 3 a 2 dos ingleses, com um jogador a menos","England withstands pressure, frustrates Mexicans against Azteca and faces Norway in the quarterfinals. Bellingham, twice, and Harry Kane score in the English 3-2 victory, with one player less","Anglia pressionem sustinet, Mexicanos contra Aztecam dissipat et Norvegiam in quarterfinalibus respicit. Bellingham bis et Harrius Kane in victoria Anglica 3-2, uno minus lusore","https://www.terra.com.br/esportes/futebol/inglaterra-suporta-pressao-frustra-mexicanos-em-volta-ao-azteca-e-encara-a-noruega-nas-quartas,0149980ca50e7d913f36a12930ac0c06ul5ws7n9.html",https://p2.trrsf.com/image/fget/cf/1200/630/middle/images.terra.com/2026/07/06/gettyimages-2284817765-s1dy4jilfuxt.jpg,,"Para quem acordou no domingo confiante em um grande jogo do Brasil, curou a frustração com espetacular duelo entre México e Inglaterra logo após a queda verde e amarela. De volta ao Estádio Azteca 40… [+4763 chars]",,2026-07-16 03:27:51+00:00,random,,,
5997edbf1bc39da7d323d5a7ff19f0be,2026-07-09T00:12:51Z,Precipitation,chuva torrencial brasil,www.metropoles.com,pt,0.3,"Der Lehrer verlässt die Großstadt und baut in den Bergen ein Lehmhaus. Nachdem sie ihre Karriere aufgegeben hatte, baute eine argentinische Lehrerin ein 30 m² großes Haus in den Bergen. Heute hilft sie Familien beim Bau nachhaltiger Häuser",Professora deixa cidade grande e constrói casa de barro nas montanhas,"Após deixar carreira, professora argentina construiu casa de 30 m² nas montanhas. Hoje, ela ajuda famílias a erguerem moradias sustentáveis","Teacher leaves the big city and builds a mud house in the mountains. After leaving her career, an Argentine teacher built a 30 m² house in the mountains. Today, she helps families build sustainable homes","Magister magnam urbem relinquit et in montibus domum lutam aedificat. Post curriculo suo relicto, magister Argentinus 30 m² domum in montibus aedificavit. Hodie familias adiuvat sustinendas domos aedificare",https://www.metropoles.com/vida-e-estilo/professora-deixa-cidade-grande-e-constroi-casa-de-barro-nas-montanhas,https://i.metroimg.com/aGwyo5JPmlC-V5kHp0mFbplr08aC1tZ6bvd0apd9Yo8/rs:fill:1200:800:1/g:no/q:85/f:webp/plain/https://images.metroimg.com/2026/07/jessica-belleti.jpg,,"Uma professora argentina decidiu trocar a sala de aula por uma vida pacata nas montanhas e hoje vive a tranquilidade que muitos almejam ter. Jéssica Belleti, de 42 anos, saiu de Buenos Aires para con… [+4085 chars]",,2026-07-16 03:27:51+00:00,wmo,Brazil,SAM,South-America
e3764963bbc9f606a9bcb52e81dd3685,2026-07-15T02:58:51Z,Earthquake,terremoto georgetown,catracalivre.com.br,pt,0.3,"Auf der Suche nach frischer Luft zogen sie in eine Stadt in Salta und heißen nun das ganze Jahr über Reisende willkommen. Entdecken Sie Casa Andina in Molinos und entdecken Sie, wie ein Paar ein Lehmhaus in eine Unterkunft verwandelte, die mit der lokalen Kultur verbunden ist.
Der Beitrag Auf der Suche nach frischer Luft zogen sie in eine Stadt in Salta und heißen nun das ganze Jahr über Reisende willkommen. erschien zuerst...",Eles se mudaram para uma cidade em Salta em busca de ar puro e agora recebem viajantes durante todo o ano.,"Conheça a Casa Andina em Molinos e descubra como um casal transformou uma casa de adobe em uma hospedagem ligada à cultura local.
O post Eles se mudaram para uma cidade em Salta em busca de ar puro e agora recebem viajantes durante todo o ano. apareceu primei…","They moved to a city in Salta in search of fresh air and now welcome travelers all year round. Discover Casa Andina in Molinos and discover how a couple transformed an adobe house into accommodation linked to local culture.
The post They moved to a town in Salta in search of fresh air and now welcome travelers all year round. appeared first...","Illi ad urbem Salta novam aerem quaerendum ac peregrinos per totum annum nunc excipiendum. Casa Andina in Molinos detegite et quomodo duo adobe domum in accommodationem cum cultura locali coniunctam inveniant.
Praestatio ad oppidum Salta ad novum aerem quaerendum et peregrinos per totum annum excipiendum est. primum apparuit...",https://catracalivre.com.br/noticias/eles-se-mudaram-para-uma-cidade-em-salta-em-busca-de-ar-puro-e-agora-recebem-viajantes-durante-todo-o-ano/,https://catracalivre.com.br/i/yFvQhx9mTd2ggKpBcV6l32laTwnMfK7Jn1PukWxJceo/rs:fill:1200:630:1/g:sm/q:80/bG9jYWw6Ly8vMjAyNi8wNy9jYXNhLWRlLWFkb2JlLXJlc3RhdXJhZGEtZW0tMjAyNjA3MTMxMDMzLmpwZWc,,"Lucía e Mateo se mudaram para Molinos, em Salta, em busca de ar puro, silêncio e uma rotina menos acelerada. Na pequena cidade argentina, eles transformaram uma casa de adobe em hospedagem, passaram … [+3457 chars]",,2026-07-16 03:27:51+00:00,usgs,Saint Helena,EAO,Atlantic Ocean
792878c24057fb407ae6ca155a6a5ccb,2026-07-04T22:33:03Z,Storm,tempestade,www.diariodocentrodomundo.com.br,pt,0.9,Temporäre Abstürze im argentinischen Training aufgrund körperlicher Erschöpfung und Scalonis Beschwerden. Das argentinische Team war nach einem Gewitter in Florida ohne Aktivität auf dem Spielfeld und hatte vor dem Spiel gegen Ägypten mit körperlichen Problemen zu kämpfen.,Temporal derruba treino da Argentina em meio a desgaste físico e queixa de Scaloni,Seleção argentina ficou sem atividade em campo na Flórida após tempestade elétrica e convive com preocupação física antes de enfrentar o Egito.,Temporal crashes Argentina's training amid physical exhaustion and Scaloni's complaint. The Argentine team was left without activity on the field in Florida after an electrical storm and is dealing with physical concerns before facing Egypt.,Temporalis disciplina Argentinae inruerit inter lassitudinem corporis et querelam Scaloni. Turma Argentina sine actione in Florida post tempestatem electricam relicta est et agit de rebus naturalibus ante Aegyptum spectantibus.,https://www.diariodocentrodomundo.com.br/temporal-derruba-treino-da-argentina-em-meio-a-desgaste-fisico-e-queixa-de-scaloni/,https://www.diariodocentrodomundo.com.br/wp-content/uploads/2026/07/captura-de-tela-2026-07-04-as-19-28-39.png,,"Chuva sobre o centro de treinamento usado pela seleção argentina na Flórida. Foto: Reprodução
A Argentina cancelou o treino em campo neste sábado (04) na Flórida depois que uma tempestade elétrica a… [+3070 chars]",,2026-07-16 21:12:06+00:00,random,,,
ba225bec8971225622e02754b08b60d2,2026-07-02T12:13:22Z,Heat Wave,onda de calor,www.terra.com.br,pt,0.9,"Feuerwehrleute bekämpfen Brände im Süden Frankreichs inmitten einer Hitzewelle in Europa. Feuerwehrleute kämpften am Donnerstag gegen mehrere Waldbrände, die durch starken Wind verursacht wurden...",Bombeiros combatem incêndios no sul da França em meio a onda de calor na Europa,Bombeiros ‌combatiam na quinta-feira vários incêndios florestais impulsionados por ventos fortes ...,Firefighters battle fires in the south of France amid a heat wave in Europe. Firefighters were battling several forest fires on Thursday driven by strong winds...,Firefighters Ignes pugna in Gallia meridionali inter fluctus aestus in Europa sunt. Firefighters complures ignes silvae in Iovis validis ventis confligebant...,"https://www.terra.com.br/noticias/mundo/bombeiros-combatem-incendios-no-sul-da-franca-em-meio-a-onda-de-calor-na-europa,328079612198a58bd98ae194fabed570lxtai3np.html",https://s1.trrsf.com/update-1698692222/fe/zaz-mod-t360-icons/svg/logos/terra-16x9-borda.png,,"Bombeiros ‌combatiam na quinta-feira vários incêndios florestais impulsionados por ventos fortes no sul da França, enquanto o país enfrentava condições de seca após a recente onda de calor na Europa.… [+1781 chars]",,2026-07-17 11:27:37+00:00,random,,,
05ff7af7d749164173358d7c2f7270c6,2026-07-03T08:10:06Z,Heat Wave,onda de calor,www.terra.com.br,pt,0.9,"Hitzewellentote in Frankreich verdoppeln sich und übersteigen 2.000 in einer Woche; Im Süden des Landes kommt es zu Bränden. Die Zahl der Todesfälle stieg in Frankreich in der Woche vom 22. bis 29. Juni, dem Höhepunkt der außergewöhnlichen Hitzewelle, die das Land heimsuchte, um fast 30 %, teilte die Agentur Santé Publique France am Freitag mit (3). Die Mehrzahl der Todesfälle, 62 %, ereignete sich im Pa…",Mortes por onda de calor na França dobram e passam de 2 mil em uma semana; incêndios afetam sul do país,"O número de mortes aumentou quase 30% na França durante a semana de 22 a 29 de junho, o auge da onda de calor excepcional que atingiu o país, anunciou na sexta-feira (3) a agência Santé Publique France. A maioria dos falecimentos, 62%, ocorreu na região de Pa…","Heat wave deaths in France double and exceed 2,000 in one week; fires affect the south of the country. The number of deaths increased by almost 30% in France during the week of June 22 to 29, the height of the exceptional heat wave that hit the country, the agency Santé Publique France announced on Friday (3). The majority of deaths, 62%, occurred in the Pa…","Calor fluctus in Gallia mortes duplices et 2,000 in una septimana excedunt; ignes meridianam regionem attingunt. Numerus funerum auctus per 30% fere in Gallia per hebdomadem 22 Iunii ad 29, altitudinem aestus eximiae undae, quae patriam pulsabat, procurante Santé Publique Franco die Veneris nuntiata est (3). Plures funera, 62%, facta sunt in Pa ...","https://www.terra.com.br/noticias/mundo/europa/mortes-por-onda-de-calor-na-franca-dobram-e-passam-de-2-mil-em-uma-semana-incendios-afetam-sul-do-pais,c3a0a540ac3503ee6ddfc17baa9933a0mo4xnkn8.html",https://p2.trrsf.com/image/fget/cf/1200/630/middle/images.terra.com/2026/07/03/1315145042-ap26175600523875.jpg,,"Em um relatório atualizado, a agência de saúde pública registrou ""um aumento de 29,1%, correspondendo a 2.025 mortes adicionais em comparação com a semana anterior"". A entidade ressalta que esse núme… [+3686 chars]",,2026-07-17 11:27:37+00:00,random,,,
d82033dac5214f3c28411d96f67b1b77,2026-07-03T22:55:53Z,Heat Wave,onda de calor,www.terra.com.br,pt,0.9,Hitzewelle stört die Ereignisse am 4. Juli im Osten der USA. Eine gefährliche Hitzewelle störte die Feierlichkeiten zum 4. Juli in weiten Teilen des Zentrums ...,Onda de calor atrapalha eventos do 4 de Julho em todo o leste dos EUA,Uma perigosa ‌onda de calor atrapalhou as comemorações do 4 de Julho em vastas regiões do centro ...,Heat wave disrupts 4th of July events across eastern US. A dangerous heat wave disrupted 4th of July celebrations in vast regions of the center...,Calor fluctus disrumpit 4 mensis Iulii eventus per orientem US. Periculosus calor fluctus celebrationum disrupit die 4 mensis Iulii in vastis centri regionibus.,"https://www.terra.com.br/noticias/mundo/onda-de-calor-atrapalha-eventos-do-4-de-julho-em-todo-o-leste-dos-eua,120b7a6674b7ec6fa58a2c3cdb5f49641t0mpik1.html",https://s1.trrsf.com/update-1698692222/fe/zaz-mod-t360-icons/svg/logos/terra-16x9-borda.png,,"Uma perigosa ‌onda de calor atrapalhou as comemorações do 4 de Julho em vastas regiões do centro e do leste dos EUA nesta sexta-feira, forçando as autoridades da capital do país e de outras regiões a… [+2463 chars]",,2026-07-17 11:27:37+00:00,random,,,
5ece6d988062c0cf1b422751ed9c4dc5,2026-07-04T06:34:02Z,Heat Wave,calor,olhardigital.com.br,pt,0.9,"USA: Aufgrund der extremen Hitzewelle werden Paraden, Shows und Feuerwerke an Feiertagen abgesagt. Hohe Temperaturen belasteten auch die Stromnetze, verursachten Stromausfälle und veranlassten die Behörden, mehr als die Hälfte der Bevölkerung zu warnen.
Der Beitrag USA: Extreme Hitzewelle sagt Paraden, Shows und Verbrennungen von… ab","EUA: onda de calor extrema cancela desfiles, shows e queima de fogos em feriado","Altas temperaturas também colocaram pressão sobre redes elétricas, provocaram interrupções no fornecimento de energia e levaram autoridades a emitir alertas para mais da metade da população
O post EUA: onda de calor extrema cancela desfiles, shows e queima de…","USA: extreme heat wave cancels parades, shows and fireworks on public holidays. High temperatures also put pressure on power grids, caused power outages and prompted authorities to issue warnings to more than half the population.
The post USA: extreme heat wave cancels parades, shows and burning of…","USA: aestus nimius fluctus pompas elidit, spectacula et pompa in festis publicis. Maximum temperaturae etiam impressionem potestatis gridis imposuit, potestatem outages et auctoritates suasit ut plus quam dimidium hominum moneret.
Post USA: extrema caloris fluctus pompas elidit, ostendit et incendia…",https://olhardigital.com.br/2026/07/04/ciencia-e-espaco/eua-onda-de-calor-extrema-cancela-desfiles-shows-e-queima-de-fogos-em-feriado/,https://olhardigital.com.br/wp-content/uploads/2026/07/temperatura.jpg,,"Uma intensa onda de calor atingiu amplas regiões do centro e do leste dos Estados Unidos e provocou o cancelamento ou adiamento de dezenas de eventos das celebrações do feriado de 4 de Julho, data da… [+4590 chars]",,2026-07-17 11:27:37+00:00,random,,,
cf896fa396e551565bf2473b245e9971,2026-07-04T21:12:02Z,Heat Wave,calor,www.metropoles.com,pt,0.9,"Mit gefühlten 46°C erleben die USA am Unabhängigkeitstag eine Hitzewelle. Das Wetter zwang die Behörden, Messen und Shows anlässlich des 250. Jahrestages der Unabhängigkeit der Vereinigten Staaten abzusagen","Com sensação de 46°C, EUA têm onda de calor no Dia da Independência",Clima forçou autoridades a cancelaram feiras e shows das comemorações pelos 250 anos da Independência dos Estados Unidos,"With a feeling of 46°C, the USA has a heat wave on Independence Day. The weather forced authorities to cancel fairs and shows celebrating the 250th anniversary of the Independence of the United States","Cum affectu 46°C, USA calorem in Die Libertatis habet. Tempestas auctoritates coactus est ut nundinas deleret et ostendit celebrans 250th anniversarium independentiae Civitatum Foederatarum",https://www.metropoles.com/mundo/com-sensacao-de-46c-eua-tem-onda-de-calor-no-dia-da-independencia,https://i.metroimg.com/qdUqlc-GJsE44tqOnIgqPtsADsyQkJZIly3e7UTs3gE/rs:fill:1200:800:1/g:no/q:85/f:webp/plain/https://images.metroimg.com/2026/06/calor-extremos-eua-1.jpg,,"A forte onda de calor nos Estados Unidos deixou milhões de pessoas em estado de alerta e pressionou a rede elétrica do país. O fenômeno, inclusive, atrapalhou eventos em todo o leste dos EUA do feria… [+1969 chars]",,2026-07-17 11:27:37+00:00,random,,,
e815795d2d3f8f7953bbadd14e8ef351,2026-07-07T19:13:05Z,Heat Wave,calor,www.terra.com.br,pt,0.9,Frankreich steht in wenigen Wochen vor der dritten Hitzewelle; Fast das ganze Land ist in Alarmbereitschaft. Zum dritten Mal in ebenso vielen Wochen steht Frankreich vor einer heftigen Hitzewelle. Fast das gesamte Land steht an diesem Mittwoch (8) in Alarmbereitschaft.,França enfrenta terceira onda de calor em poucas semanas; quase todo o país entra em alerta,"Pela terceira vez em poucas semanas, a França enfrenta uma onda de calor intenso. Quase todo o país estará sob alerta laranja nesta quarta-feira (8).","France faces third heat wave in a few weeks; almost the entire country is on alert. For the third time in as many weeks, France is facing an intense heat wave. Almost the entire country will be under orange alert this Wednesday (8).",Gallia respicit tertium aestus fluctus in paucis septimanis; tota fere terra vigilat. Tertium tot hebdomades Gallia contra aestus aestus intensus est. Fere tota terra sub aurantiaco die Mercurii erecta erit (8).,"https://www.terra.com.br/noticias/mundo/europa/franca-enfrenta-terceira-onda-de-calor-em-poucas-semanas-quase-todo-o-pais-entra-em-alerta,82860d7bbd08846521cab69e3472b2bcp5vwbg6v.html",https://p2.trrsf.com/image/fget/cf/1200/630/middle/images.terra.com/2026/07/07/1609242455-000-b8p96nq.jpg,,"A nova onda de calor começou na segunda-feira (6). Segundo a agência meteorológica Météo-France, um sistema de alta pressão, combinado com a chegada de uma massa de ar cada vez mais quente vinda do s… [+4581 chars]",,2026-07-17 11:27:37+00:00,random,,,
523cd19ab88b0c65f85a18f448b13483,2026-07-13T14:40:13Z,Heat Wave,calor,observador.pt,pt,0.9,Die Hitzewelle in Großbritannien tötete täglich 440 Menschen. Nordwesteuropa wird weiterhin von hohen Temperaturen heimgesucht. Im Juni verzeichnete der Kontinent seine größte und heftigste Hitzewelle aller Zeiten.,Onda de calor no Reino Unido matou 440 pessoas por dia,"As elevadas temperaturas continuam a assolar o noroeste da Europa. Em junho, o continente registou a sua maior e mais intensa onda de calor de sempre.","UK heat wave killed 440 people a day. High temperatures continue to plague northwest Europe. In June, the continent recorded its biggest and most intense heatwave ever.","Uk aestus 440 fluctus hominum diem interemit. Altae temperaturae pestem Europae septentrionalem pergunt. Mense Iunio, continentes eius maxima et intensissima aestus semper exposita sunt.",https://observador.pt/2026/07/13/onda-de-calor-no-reino-unido-fez-440-vitimas-mortais-por-dia-segundo-dados-do-imperial-college/,https://wm.observador.pt/wm/l/https%3A%2F%2Fbordalo.observador.pt%2Fv2%2Frs%3Afill%3A770%3A403%2Fc%3A2000%3A1124%3Anowe%3A0%3A105%2Fq%3A70%2Ff%3Awebp%2Fplain%2Fhttps%3A%2F%2Fs3.observador.pt%2Fwp-content%2Fuploads%2F2026%2F05%2F26210329%2F47180804.jpg?layer=obstop:T,,"A onda de calor que afetou o território inglês e do País de Gales, matou cerca de 440 pessoas por dia, segundo estimativas que constam na análise feita pelo Imperial College London. Entre os meses de… [+2405 chars]",,2026-07-17 11:27:37+00:00,random,,,
371c5c9fe2da440f7452d8f65df69d96,2026-07-08T16:00:00Z,Storm,tempestade nova zelândia,www.archdaily.com.br,pt,0.3,"Kontinuumshaus / Inverses Projekt. Anstatt den höchsten Punkt des Geländes einzunehmen, löst sich Casa Continuum im Hang auf und verwandelt einen steilen tropischen Hang in ein kontinuierliches architektonisches Erlebnis, das von Landschaftsgestaltung, Klima und Horizont geprägt ist. Im tropischen Regenwald gelegen…",Casa Continuum / Inverse Project,"Em vez de ocupar o ponto mais alto do terreno, a Casa Continuum se dissolve na encosta, transformando um declive tropical acentuado em uma experiência arquitetônica contínua moldada pelo paisagismo, pelo clima e pelo horizonte. Localizada na floresta tropical…","Continuum House / Inverse Project. Rather than occupying the highest point on the site, Casa Continuum dissolves into the hillside, transforming a steep tropical slope into a continuous architectural experience shaped by landscaping, climate and horizon. Located in the tropical rainforest…","Continua Domus / Inversa Project. Quam summum situm occupans, Casa Continuum in clivum dissolvit, ardua tropica transmutans in experientiam architecturae continuam, quae landcaping, climata et horizonta conformat. Sita in tropicis rainforest...",https://www.archdaily.com.br/br/1042895/casa-continuum-inverse-project,https://images.adsttc.com/media/images/6a3d/3f2f/8385/1500/01fa/e36c/large_jpg/Casa-Continuum-Inverse-Project-Costa-Rica-Alvaro-Fonseca-Depth-Lens-Drone-2.jpg?1782399084,,"© Alvaro Fonseca Depth Lens
+ 22
Curadoria de Valentina Díaz
<ul><li></li><li>Arquitetos Líderes: Richard Hammond, Rudy Schalger
</li><li>Equipe De Projeto: Camila Arce Chagnon, Zetty Alonzo
</l… [+1005 chars]",,2026-07-18 03:19:12+00:00,wmo,New Zealand,NZ,Oceania
fc1dac5064a5c8b6d93be2d89484a4d8,2026-07-03T15:13:44Z,Heat Wave,calor,observador.pt,pt,0.9,In Europa waren 410 Millionen Menschen von der Hitzewelle betroffen. 410 Millionen Europäer lebten zwischen dem 15. und 30. Juni mindestens einen Tag über 35 °C. In Portugal gilt derzeit in 12 Bezirken die rote Warnung mit Höchsttemperaturen von bis zu 44°C.,Onda de calor afetou 410 milhões de pessoas na Europa,"410 milhões de europeus viveram pelo menos um dia acima dos 35°C entre 15 e 30 de junho. Em Portugal, 12 distritos estão hoje em aviso vermelho com máximas até 44°C.","Heat wave affected 410 million people in Europe. 410 million Europeans lived at least one day above 35°C between June 15th and 30th. In Portugal, 12 districts are currently on red warning with maximum temperatures of up to 44°C.","Calor fluctus 410 milionum hominum in Europa affectus est. 410 miliones Europaei uno saltem die supra XXXV°C habitabant inter XV Iunii et XXX. In Portugallia, 12 districtus nunc sunt in monitione rubra cum temperaturis maximis usque ad 44°C.",https://observador.pt/2026/07/03/onda-de-calor-de-junho-afetou-410-milhoes-de-pessoas-na-europa/,https://wm.observador.pt/wm/l/https%3A%2F%2Fbordalo.observador.pt%2Fv2%2Frs%3Afill%3A770%3A403%2Fc%3A2000%3A1123%3Anowe%3A0%3A155%2Fq%3A70%2Ff%3Awebp%2Fplain%2Fhttps%3A%2F%2Fs3.observador.pt%2Fwp-content%2Fuploads%2F2026%2F07%2F03115226%2F47393246.jpg?layer=obstop:T,,"Cerca de 410 milhões de europeus, dois terços da população, estiveram sob temperaturas acima dos 35°C pelo menos uma vez durante a onda de calor entre 15 e 30 de junho, segundo uma análise da Agência… [+2393 chars]",,2026-07-18 11:12:32+00:00,random,,,
9f5fd77472c9920342f9887ca2a0735d,2026-07-04T19:20:04Z,Heat Wave,calor,www.terra.com.br,pt,0.9,"Weltmeisterschaft. Tage 27, 28, 29 und 30. Keine Touren mehr. Mangelndes Licht, unerbittliche Hitze und bürokratischer Aufwand beim Wäschewaschen rauben die Geduld. Corruptela von Ozzy Osbourne arbeitet in den USA","Copa do Mundo. Dias 27, 28, 29 e 30. No more tours","Falta de luz, calor implacável e burocracia para lavar a roupa minam a paciência. Corruptela de Ozzy Osbourne funciona nos EUA","World cup. Days 27, 28, 29 and 30. No more tours. Lack of light, relentless heat and bureaucracy to wash clothes sap patience. Ozzy Osbourne's Corruptela works in the USA","Poculum mundi. Dies 27, 28, 29 et 30. Nec plura explicatae. Lucis carentia, Implacabilis ardor et burocratia Ad lavandum vestes robur patientiae. Ozzy Osbourne's Corruptela operatur in USA","https://www.terra.com.br/esportes/futebol/copa-2026/copa-do-mundo-dias-27-28-29-e-30-no-more-tours,3293c0743b707017128d2a71e774d5dbnktbc29v.html",https://p2.trrsf.com/image/fget/cf/1200/630/middle/images.terra.com/2026/07/04/458447241-ozzy-03-610x400.jpg,,"Impiedoso, o verão chegou para ficar nos Estados Unidos, às vésperas do feriado do ""4 de julho"", data que marca a independência do país. Convidado pelo Donaldo para os festejos, o diabo viajou até o … [+2632 chars]",,2026-07-18 16:03:57+00:00,random,,,
57af23f63c107f7cb183149baa154ca5,2026-07-01T21:03:40Z,Snow&Ice,neve brasil,veja.abril.com.br,pt,0.7,Die Brasilianer intensivieren den Wintertourismus und die Ausgaben in den Schneedestinationen weltweit steigen sprunghaft an. Laut einer Analyse des Zahlungsverkehrssektors geben Brasilianer in schneereichen Regionen auf der ganzen Welt immer mehr Geld aus,Brasileiros intensificam turismo de inverno e gastos disparam em destinos globais de neve,"Brasileiros têm gastado cada vez mais em regiões com neve por todo o mundo, de acordo com análise do setor de pagamentos","Brazilians intensify winter tourism and spending soars in global snow destinations. Brazilians have been spending increasingly more in snowy regions around the world, according to payments sector analysis","Brazilians voluptuaria similesve hiberna auget et in loca nix globali volatilia expendit. Braziliani magis magisque in nivalibus regionibus circum orbem terrarum consumpti sunt, secundum solutiones analysis sectoris",https://veja.abril.com.br/comportamento/brasileiros-intensificam-turismo-de-inverno-e-gastos-disparam-em-destinos-globais-de-neve/,"https://veja.abril.com.br/wp-content/uploads/2026/07/GettyImages-137053303.jpg?quality=70&strip=info&resize=1080,565&crop=1",,"Pular para o conteúdo
Oferta Hexa: Assine por apenas 7,99Cortina d'Ampezzo é um dos famosos destinos de inverno, na Itália (Sebastian Wasek/Getty Images)
Continua após publicidade
<ul><li>Brasilei… [+2551 chars]",,2026-07-19 07:32:48+00:00,wmo,Brazil,SAM,South-America
b51d63e797dc78f147eab8f250f8b349,2026-07-14T13:39:49Z,Snow&Ice,neve chile,www.metropoles.com,pt,0.7,"Atmosphärischer Fluss versetzt Chile in Alarmbereitschaft mit extremen Regenfällen und starkem Schneefall. Es wird erwartet, dass El Niño den atmosphärischen Fluss, der diese Woche Chile treffen wird, verstärken wird. Santiago kann von aufeinanderfolgenden Regentagen betroffen sein",Rio atmosférico deixa Chile em alerta com chuva extrema e neve intensa,El Niño deve intensificar o rio atmosférico que afetará o Chile nesta semana. Santiago pode ser afetado por dias seguidos de chuva,Atmospheric river leaves Chile on alert with extreme rain and intense snow. El Niño is expected to intensify the atmospheric river that will affect Chile this week. Santiago may be affected by consecutive days of rain,Flumen atmosphaericum Chilem relinquit in summis imbribus et nivis intensissimis erectis. El Niño expectatur augere flumen atmosphaericum qui hac septimana accidet Chile. Santiago affici potest per continuos dies pluviae,https://www.metropoles.com/mundo/rio-atmosferico-deixa-chile-em-alerta-com-chuva-extrema-e-neve-intensa,https://i.metroimg.com/1GjTRFnfzJ4cgw2WViFXI6SKMPCcslPx3ZtBvoQaE9I/rs:fill:1200:800:1/g:no/q:85/f:webp/plain/https://images.metroimg.com/2025/12/01175006/GettyImages-1301259657.jpg,,"Um rio atmosférico que se aproxima da América do Sul atingirá o Chile nesta semana e pode provocar uma das instabilidades meteorológicas mais significativas dos últimos tempos no país. Chuva extrema,… [+2356 chars]",,2026-07-19 07:32:48+00:00,wmo,Chile,SWS,South-America
ade296ce9a5da5289ae6803bd38e6cb3,2026-07-16T13:39:09Z,Precipitation,chuva forte,olhardigital.com.br,pt,0.9,"Was sind atmosphärische Flüsse? RS gibt Warnung zu neuer Wettervorhersage heraus. Der Staat prognostiziert bis zu 150 mm Regen, starke Winde und Hagelgefahr während einer Zeit größerer Instabilität im Süden des Landes
Der Beitrag Was sind atmosphärische Flüsse? RS-Warnung in neuer Wettervorhersage erschien zuerst auf Olhar Digital.",O que são rios atmosféricos? RS emite alerta em nova previsão do tempo,"Estado prevê até 150 mm de chuva, ventos fortes e risco de granizo durante período de maior instabilidade no Sul do país
O post O que são rios atmosféricos? RS emite alerta em nova previsão do tempo apareceu primeiro em Olhar Digital.","What are atmospheric rivers? RS issues alert on new weather forecast. State predicts up to 150 mm of rain, strong winds and risk of hail during a period of greater instability in the south of the country
The post What are atmospheric rivers? RS issues warning in new weather forecast appeared first on Olhar Digital.","Quae sunt flumina atmosphaerica? RS quaestiones intenti novas tempestates praenuntiant. Publica praedicit usque ad 150 mm pluviam, ventos validos et periculum grandinis per periodum maioris instabilitatis in regione australi.
Post- Quid sunt flumina atmosphaerica? RS monens quaestiones in nova tempestate prospicere primum in Olhar Digital apparuit.",https://olhardigital.com.br/2026/07/16/ciencia-e-espaco/o-que-sao-rios-atmosfericos-rs-emite-alerta-em-nova-previsao-do-tempo/,https://olhardigital.com.br/wp-content/uploads/2024/12/rio_atmosferico_2-e1734701556512.jpg,,"A Defesa Civil do Rio Grande do Sul emitiu alerta para a ocorrência de temporais no Estado entre quinta-feira (16) e sábado (18), com previsão de chuva intensa, rajadas de vento e possibilidade de gr… [+5351 chars]",,2026-07-19 07:32:48+00:00,random,,,
20c22eb72647963db98f4b8f6e88b59d,2026-07-17T11:38:01Z,Storm,nevasca,turismo.ig.com.br,pt,0.9,"Sturm sperrt Straßen in Chile und Touristen sitzen fest. Starke Schneefälle blockieren Straßen, führen zu Annullierungen und verhindern, dass Touristen nach Brasilien zurückkehren können",Temporal fecha estradas no Chile e turistas ficam presos,"Fortes nevascas fecham estradas, provocam cancelamentos e deixam turistas sem previsão de retorno ao Brasil","Storm closes roads in Chile and tourists are left stranded. Heavy snowfalls close roads, cause cancellations and leave tourists unable to return to Brazil","Tempestas claudit itinera in Chile et peregrinatores destituuntur. Gravis nix prope vias, cancellations causa, et peregrinatores relinquere nequeunt redire ad Brazil",https://turismo.ig.com.br/colunas/vitor-vianna/2026-07-17/temporal-fecha-estradas-no-chile-e-turistas-ficam-presos.html,https://i0.statig.com.br/bancodeimagens/9b/bb/df/9bbbdfhidyoaqgf3mhx99kwzd.jpg,,"O Chile enfrenta um dos sistemas frontais mais intensos deste inverno, com chuvas fortes, ventos, neve em áreas de montanha, risco de alagamentos, deslizamentos e interrupções em estradas e serviços.… [+5884 chars]",,2026-07-19 07:32:48+00:00,random,,,
24a47e7c1ee9895bdcafc66681b01f51,2026-07-17T17:26:55Z,Storm,tempestade marlborough ao sul de Clarence,gente.ig.com.br,pt,0.3,"Fernanda Lima spricht über den Kampf mit Argentinien: „Unsere Repression?“ Der Moderator dachte über die Rivalität zwischen den beiden Ländern nach und fragte, warum so viele Brasilianer ihre Nachbarn unterstützen","Fernanda Lima fala sobre briga com a Argentina: ""Recalque nosso?""",Apresentadora refletiu sobre a rivalidade entre os dois países e questionou por que tantos brasileiros torcem contra os vizinhos,"Fernanda Lima talks about the fight with Argentina: ""Our repression?"" Presenter reflected on the rivalry between the two countries and questioned why so many Brazilians support their neighbors","Fernanda Lima de pugna cum Argentina loquitur: ""Repressio nostra?"" Relator de certatione inter duas terras consideravit et quaesivit cur tot Braziliani proximos sustineant?",https://gente.ig.com.br/celebridades/2026-07-17/fernanda-lima-fala-sobre-briga-com-a-argentina---recalque-nosso--.html,https://i0.statig.com.br/bancodeimagens/4m/ld/bq/4mldbqzdtdo3ykq9f4j5ev863.jpg,,"Fernanda Lima, 49 anos, resolveu usar a conta nas redes sociais na última quinta-feira (16) para compartilhar uma sequência de vídeos enquanto estava em sua propriedade no interior. A apresentadora c… [+3823 chars]",,2026-07-19 11:17:08+00:00,wmo,New Zealand,NZ,Oceania
f97740bf04928e2c0d425e1f9527522d,2026-07-15T11:22:04Z,Snow&Ice,geada,www.terra.com.br,pt,0.9,"An diesem Mittwoch herrscht Kälte, es wird jedoch mit steigenden Temperaturen gerechnet; siehe Prognose. Auch am Morgen dieses Mittwochs, dem 15., bleibt die Kälte in weiten Teilen Brasiliens bestehen. Nach dem Durchzug der Kaltfront, die in den letzten Tagen zu einem Temperaturabfall geführt hatte, brachen in den Städten im Süden, Südosten und Mittelwesten niedrige Thermometerwerte und Frost an …","Frio predomina nesta quarta-feira, mas temperaturas devem subir; veja previsão","O frio continua dando as caras na manhã desta quarta-feira, 15, em boa parte do Brasil. Depois da passagem da frente fria que derrubou as temperaturas nos últimos dias, cidades das regiões Sul, Sudeste e Centro-Oeste amanheceram com termômetros baixos, geada …","Cold prevails this Wednesday, but temperatures are expected to rise; see forecast. The cold continues to appear on the morning of this Wednesday, 15th, in much of Brazil. After the passage of the cold front that dropped temperatures in recent days, cities in the South, Southeast and Central-West regions dawned with low thermometers, frost…","Frigus Mercurii hoc obtinet, sed temperaturas oriri expectat; see auguror. Frigidum pergit mane huius Mercurii, XV, in multa Brasilia. Post transitum frontis frigidae, quae temperaturis in diebus proximis omissae sunt, civitates in regiones Australes, Southeast et Central-Occidentales orta sunt humilibus thermometris, pruinis...","https://www.terra.com.br/planeta/frio-predomina-nesta-quarta-feira-mas-temperaturas-devem-subir-veja-previsao,08687b0171c8751efc79827beb7bdd7854tyc89f.html",https://p2.trrsf.com/image/fget/cf/1200/630/middle/images.terra.com/2026/07/15/frio-em-sao-paulo-u7umblxevfw7.jpg,,"O frio continua dando as caras na manhã desta quarta-feira, 15, em boa parte do Brasil. Depois da passagem da frente fria que derrubou as temperaturas nos últimos dias, cidades das regiões Sul, Sudes… [+3826 chars]",,2026-07-19 11:17:08+00:00,random,,,
ca7c9528b3959a26c36db424a34e639b,2026-07-17T11:34:09Z,Snow&Ice,granizo,olhardigital.com.br,pt,0.9,"Starker Regen oder trockenes Wetter? Sehen Sie, wie die einzelnen Regionen aussehen werden. In Brasilien wird es starke Winde geben, die in den kommenden Tagen Regen, Hagel, Kälte und trockene Luft über das Land bringen könnten
Der Beitrag Starker Regen oder trockenes Wetter? Sehen Sie, wie die einzelnen Regionen aussehen werden, die zuerst auf Olhar Digital erschienen sind.",Chuva forte ou tempo seco? Veja como ficará cada região,"Brasil terá ventos fortes que podem levar chuvas, granizo, frio e períodos de ar seco nos próximos dias pelo país
O post Chuva forte ou tempo seco? Veja como ficará cada região apareceu primeiro em Olhar Digital.","Heavy rain or dry weather? See what each region will look like. Brazil will have strong winds that could bring rain, hail, cold and periods of dry air across the country in the coming days
The post Heavy rain or dry weather? See what each region will look like appeared first on Olhar Digital.","Gravis pluvia vel siccitatem? Vide quid singulae regiones videant. Brazil ventos validos habebunt qui pluviam, grandinem, frigus et tempora aeris sicci per regionem in diebus venientibus afferent
Post pluviam gravem vel siccitatem? Vide quid unaquaeque regio tamquam primum in Olhar Digital apparuerit.",https://olhardigital.com.br/2026/07/17/ciencia-e-espaco/chuva-forte-ou-tempo-seco-veja-como-ficara-cada-regiao/,https://olhardigital.com.br/wp-content/uploads/2025/12/previsao-do-tempo-chuva.jpg,,"O tempo muda nos próximos dias em diferentes partes do Brasil. O Rio Grande do Sul concentra a atenção devido ao risco de tempestades e granizo, enquanto outras regiões enfrentam chuva, ventos fortes… [+2782 chars]",,2026-07-19 11:17:08+00:00,random,,,
c394a6e6e485110757187eb0e9fd7bc5,2026-07-17T12:49:38Z,Heat Wave,onda de calor no Canadá,www.terra.com.br,pt,0.3,"Wälder sind unerlässlich, um das Leben auf dem Planeten zu gewährleisten. Wälder sind komplexe und dynamische Ökosysteme, die eine immense Vielfalt an Lebensformen beherbergen, die mit Boden, Wasser und Klima interagieren.",Florestas são essenciais para garantir a vida no planeta,"As florestas são ecossistemas complexos e dinâmicos que abrigam uma imensa variedade de formas de vida que interagem com o solo, a água e o clima.","Forests are essential to guarantee life on the planet. Forests are complex and dynamic ecosystems that are home to an immense variety of life forms that interact with soil, water and climate.","Sylvae essentiales sunt ad vitam praestandam in planeta. Silvae sunt implicatae et dynamicae oecosystematis quae domi sunt cum immensa vitae varietate formarum quae penitus cum solo, aqua et caelo sunt.","https://www.terra.com.br/noticias/florestas-sao-essenciais-para-garantir-a-vida-no-planeta,9c68fdf163f8501e8dc4499af8cec790ycncsk0x.html",https://p2.trrsf.com/image/fget/cf/1200/630/middle/images.terra.com/2026/07/17/1276360989-8fe8ce25-9376-49a0-8160-5e7c63948dd3.jpg,,"O Dia de Proteção às Florestas é comemorado no dia 17 de julho. As florestas exercem um papel muito importante na natureza. Em cada bioma, elas sustentam a infraestrutura hídrica, influenciam a dinâm… [+2504 chars]",,2026-07-19 16:03:58+00:00,wmo,Canada,NEN,North-America
0ac9a3eeb22be415f5ba7952e16309ad,2026-07-11T11:50:38Z,Tropical Cyclone,tufão,www.terra.com.br,pt,0.7,"Taifun Bavi: Mehr als 2 Millionen Menschen verlassen ihre Heimat in China. Hunderttausende wurden vorsorglich aus ihren Häusern in Taiwan und China evakuiert, da ...",Tufão Bavi: mais de 2 milhões deixam seus lares na China,"Centenas de milhares foram retirados de suas casas em Taiwan e na China como precaução, diante ...","Typhoon Bavi: more than 2 million leave their homes in China. Hundreds of thousands have been evacuated from their homes in Taiwan and China as a precaution, given...","Typhoon Bavi: plus quam 2 miliones domos suas in Sinis relinquunt. Centum milium e sedibus suis in Taiwan et Sinis ad cautelam excesserunt, datis...","https://www.terra.com.br/noticias/tufao-bavi-mais-de-2-milhoes-deixam-seus-lares-na-china,1168581c7e201b3693b994b370d2953bijkr6lif.html",https://s1.trrsf.com/update-1698692222/fe/zaz-mod-t360-icons/svg/logos/terra-16x9-borda.png,,"Centenas de milhares foram retirados de suas casas em Taiwan e na China como precaução, diante da aproximação do Bavi, que gerou cheias, deslizamentos e mortes nas Filipinas.O número de mortos em dec… [+3890 chars]",,2026-07-19 21:03:22+00:00,random,,,
aab5525e856cdfaace0e71a9004c2648,2026-07-07T22:17:37Z,Storm,tempestade,observador.pt,pt,0.9,"Super-Taifun Bavi. Was ernährt so ein Monster? Es könnte stärker werden als Katrina, es hat bereits eine der Marianeninseln zerstört und auf dem Weg nach Taiwan, Japan und China hat es wieder an Stärke gewonnen. Stehen wir vor immer stärkeren Stürmen?",Super Tufão Bavi. O que alimenta um monstro como este?,"Pode tornar-se mais forte que o Katrina, já destruiu uma das ilhas das Marianas, e voltou a ganhar força a caminho de Taiwan, Japão e China. Estamos perante tempestades cada vez mais fortes?","Super Typhoon Bavi. What feeds a monster like this? It could become stronger than Katrina, it has already destroyed one of the Mariana Islands, and it has gained strength again on its way to Taiwan, Japan and China. Are we facing increasingly stronger storms?","Super Typhoon Bavi. Quid tale monstrum alit? Potentior fieri potest quam Katrina, unam ex insulis Marianis iam delevit et iterum in itinere ad Taiwan, Iaponiam et Sinas convaluit. Obtinemus magis magisque validiores procellas?",https://observador.pt/2026/07/07/super-tufao-bavi-o-que-alimenta-um-dos-fenomenos-mais-violentos-do-planeta-que-se-esta-a-dirigir-para-o-japao-e-a-china/,https://wm.observador.pt/wm/l/https%3A%2F%2Fbordalo.observador.pt%2Fv2%2Frs%3Afill%3A770%3A403%2Fc%3A4096%3A2303%3Anowe%3A0%3A213%2Fq%3A70%2Ff%3Awebp%2Fplain%2Fhttps%3A%2F%2Fs3.observador.pt%2Fwp-content%2Fuploads%2F2026%2F07%2F07220730%2Fgettyimages-2284438483-scaled.jpg?layer=obstop:T,,"Já atingiu as Ilhas Marianas com ventos equivalentes aos de um furacão de categoria 5, deixou meio destruída uma pequena ilha do Pacífico e segue agora em direção ao Japão, Taiwan e China. O Super Tu… [+8781 chars]",,2026-07-19 21:03:22+00:00,random,,,
699c2fb75eec972acb156cf41c3f3937,2026-07-09T15:38:08Z,Storm,tornado,observador.pt,pt,0.9,"Es kommt zu Gewittern und in wenigen Städten wird die Temperatur 30 °C überschreiten. Zusätzlich zu den Wetterumschwüngen im Land kommt es auf der anderen Seite der Welt zu seltenen Tornados, die China verwüsten, das auf den Supertaifun Bavi wartet. Und gestern um 12:15 Uhr befand sich fast die gesamte Menschheit im Sonnenlicht.",Vão chegar as trovoadas e poucas cidades passam dos 30ºC,"Além da mudança de tempo no país, do outro lado do mundo há raros tornados a devastar a China, que espera o super tufão Bavi. E ontem quase toda a humanidade esteve debaixo da luz do Sol às 12h15.","Thunderstorms will arrive and few cities will exceed 30ºC. In addition to the change in weather in the country, on the other side of the world there are rare tornadoes devastating China, which is awaiting super typhoon Bavi. And yesterday almost all of humanity was under the sunlight at 12:15 pm.","Tonitruum venient et paucae civitates 30ºC superabunt. Praeter mutationem tempestatum in regione, in altera parte mundi rara sunt turbines Sinarum vastantes, quae eximius typhon Bavi exspectant. Et heri fere omnis humanitas sub sole erat ad 12:15 pm.",https://observador.pt/programas/quente-e-frio/vao-chegar-as-trovoadas-e-poucas-cidades-passam-dos-30oc/,https://bordalo.observador.pt/v2/rs:fill:770:403/c:770:433:nowe:0:0/q:70/f:webp/plain/https://s3.observador.pt/wp-content/uploads/2026/07/02151502/770-podcast.jpg,,"Artigo oferecido com sucesso 
Ainda tem para partilhar este mês.
O seu amigo vai receber, nos próximos minutos, um e-mail com uma ligação para ler este artigo gratuitamente.",,2026-07-19 21:03:22+00:00,random,,,
b9fd84a1dee2c2a5d10cf8e8b13620b8,2026-07-10T12:05:07Z,Tropical Cyclone,tufão,www.metropoles.com,pt,0.9,"Der Supertaifun Bavi nähert sich Japan mit Windgeschwindigkeiten von bis zu 162 km/h. Der Zyklon zog durch den Nordpazifik und Taiwan, verursachte Todesfälle auf den Philippinen und erreicht Japan. China bereitet sich auf das Phänomen vor",Supertufão Bavi se aproxima do Japão com ventos de até 162 km/h,"Ciclone passou pelo Pacífico Norte e Taiwan, causou mortes nas Filipinas e está chegando ao Japão. China se prepara para enfrentar fenômeno","Supertyphoon Bavi approaches Japan with winds of up to 162 km/h. Cyclone passed through the North Pacific and Taiwan, caused deaths in the Philippines and is reaching Japan. China prepares to face phenomenon","Supertyphoon Bavi appropinquat Iaponiam cum ventis usque ad 162 km/h. Cyclone per Pacificum Septentrionalem et Taiwan transivit, mortes in Philippinis fecit et Iaponiam attingit. Sina ad faciem phaenomenon prepares",https://www.metropoles.com/mundo/supertufao-bavi-se-aproxima-do-japao-com-ventos-de-ate-162-km-h,https://i.metroimg.com/2ilUVgT9vR8lIEEcla5eSUGg5jbqjjyt7vnRbZDz9fI/rs:fill:1200:800:1/g:no/q:85/f:webp/plain/https://images.metroimg.com/2026/07/supertufao-bavi.jpeg,,"O supertufão Bavi começou a se aproximar, nesta sexta-feira (10/7), ds ilhas de Sakishima, no sudoeste do Japão, próximo de Taiwan. As autoridades emitiram alertas para ventos fortes, que podem chega… [+2209 chars]",,2026-07-19 21:03:22+00:00,random,,,
45092672c00f721bc810b9c2355dbb9c,2026-07-11T15:00:00Z,Precipitation,chuva forte,obutecodanet.ig.com.br,pt,0.9,"Überschwemmung befreit 800 Schlangen aus Brutgebieten und lässt Bewohner in China zurück. Bewohner eines Dorfes in der südchinesischen Region Guangxi stehen vor einer ungewöhnlichen Situation, nachdem während einer großen Überschwemmung Hunderte Schlangen aus einem Brutplatz entkommen sind. Heftige Regenfälle im Zusammenhang mit dem Taifun Maysak überschwemmten das Gebiet und…",Enchente libera 800 cobras de criadouro e deixa moradores na China,"Moradores de um vilarejo na região de Guangxi, no sul da China, estão enfrentando uma situação inusitada após centenas de cobras escaparem de um criadouro durante uma grande enchente. As fortes chuvas associadas à passagem do tufão Maysak inundaram a área e d…",Flood releases 800 snakes from breeding grounds and leaves residents in China. Residents of a village in the Guangxi region of southern China are facing an unusual situation after hundreds of snakes escaped from a breeding site during a major flood. Heavy rains associated with Typhoon Maysak flooded the area and…,Diluvium 800 angues emittit e creaturis et foliis in Sinis habitantibus. Incolae pagi in Guangxi regione Sinarum meridionalis contra insolitam condicionem spectantes postquam centum angues e situ nocivo in maiore diluvio evaserunt. Imbres consociata cum Typhoon Maysak inundata aream et ...,https://obutecodanet.ig.com.br/enchente-libera-800-cobras-de-criadouro-e-deixa-moradores-na-china/,https://obutecodanet.ig.com.br/wp-content/uploads/2026/07/image-163.jpg,,"Moradores de um vilarejo na região de Guangxi, no sul da China, estão enfrentando uma situação inusitada após centenas de cobras escaparem de um criadouro durante uma grande enchente. As fortes chuva… [+1004 chars]",,2026-07-19 21:03:22+00:00,random,,,
7597b871170ad90a32577ae5c4d81272,2026-07-11T15:28:21Z,Tropical Cyclone,tufão,www.terra.com.br,pt,0.9,"China evakuiert mehr als eine Million Menschen, als sich der Taifun Bavi nähert. China hat an diesem Samstag mehr als 1,8 Millionen Menschen evakuiert, als der Taifun Bavi in ​​... vorrückte.",China evacua mais de um milhão de pessoas com aproximação do tufão Bavi,"A China evacuou mais de 1,8 milhão de ​pessoas neste sábado, enquanto ​o tufão Bavi avançava em ...",China evacuates more than a million people as Typhoon Bavi approaches. China evacuated more than 1.8 million people this Saturday as Typhoon Bavi advanced in...,Sinae plus quam decies centena milia hominum in Typhoon Bavi evacuant. Sina plus quam 1.8 decies centena milia hominum hac Saturni tamquam Typhoon Bavi progressi sunt.,"https://www.terra.com.br/noticias/mundo/china-evacua-mais-de-um-milhao-de-pessoas-com-aproximacao-do-tufao-bavi,fc75d43bc7438a7c1c690b8681e203e7dwraiuab.html",https://s1.trrsf.com/update-1698692222/fe/zaz-mod-t360-icons/svg/logos/terra-16x9-borda.png,,"A China evacuou mais de 1,8 milhão de pessoas neste sábado, enquanto o tufão Bavi avançava em direção à importante cidade de Wenzhou, no leste do país, após atingir com chuvas ‌intensas e ventos viol… [+1283 chars]",,2026-07-19 21:03:22+00:00,random,,,
6fa5df5f80892c21f807b23bf2ca65be,2026-07-14T21:10:44Z,Thunderstorm,tempo severo Índia,www.mdig.com.br,pt,0.3,"Dieser seltsame Fisch kann fast so hoch springen wie du. Der Schlammspringer (Periophthalmus), auch Marquita genannt, ist, gelinde gesagt, ein seltsamer Amphibienfisch. Sie können nicht nur an Land laufen, sondern gehen lieber an Land, weil sie in ihren Kiemenkammern Wasser für mehrere Stunden speichern können. DER…",Este peixe esquisitão consegue saltar quase tão alto quanto você,"O saltador-da-lama (Periophthalmus), também conhecido como mariquita, é um peixe anfíbio esquisito, para dizer o mínimo. Ele não apenas pode, mas prefere andar em terra, porque têm capacidade de armazenamento de água nas câmaras branquiais por várias horas. A…","This weird fish can jump almost as high as you. The mudskipper (Periophthalmus), also known as the marquita, is a strange amphibious fish, to say the least. It not only can, but prefers to walk on land because they have the capacity to store water in their gill chambers for several hours. THE…","Piscis hic fatum potest salire fere usque ad summum. Mundus (Periophthalmus), qui marquita cognominatus est, est piscis amphibius minimus, ut minimus. Hoc non solum potest, sed mavult in terra ambulare quod facultatem habent aquam in cubiculis suis in ebore per aliquot horas reponendi. THE...",https://www.mdig.com.br/index.php?itemid=61306,https://imagens.mdig.com.br/bichos/peixe_mariquita.jpg,,"<table><tr><td></td><td>O saltador-da-lama (Periophthalmus), também conhecido como mariquita, é um peixe anfíbio esquisito, para dizer o mínimo. Ele não apenas pode, mas prefere andar em terra, porqu… [+4017 chars]",,2026-07-20 03:54:23+00:00,wmo,India,SAS,Asia
b0b3465dfdb49c97698721ca48f07ba7,2026-07-18T20:05:25Z,Precipitation,chuva forte,ultimosegundo.ig.com.br,pt,0.8,Erdrutsch hinterlässt Tote und 34 Vermisste; siehe Video. Der Rutsch am Hang des Wujiang-Flusses ereignete sich nach heftigen Regenfällen. Mehr als 800 Retter wurden vor Ort mobilisiert,Deslizamento de terra deixa mortos e 34 desaparecidos; veja vídeo,O deslizamento na encosta do rio Wujiang ocorreu após as fortes chuvas. Mais de 800 socorristas foram mobilizados para o local,Landslide leaves dead and 34 missing; see video. The slide on the slope of the Wujiang River occurred after heavy rains. More than 800 rescuers were mobilized to the scene,"Landslide leaves dead and 34 missing; video, video. Lapsus in clivo Wujiang Fluminis post imbribus gravibus occurrit. Plus quam DCCC salvatores recensuit ad scaenam",https://ultimosegundo.ig.com.br/mundo/2026-07-18/deslizamento-de-terra-deixa-mortos-e-34-desaparecidos--veja-video.html,https://i0.statig.com.br/bancodeimagens/9c/7l/88/9c7l880n0o54ysibo9x3sky7x.jpg,,"Um deslizamento de terra na encosta do rio Wujiang,  no condado de Pengshui, em Chongqing, na China, deixou oito mortos e 34 desaparecidos. O desabamento ocorreu após as fortes chuvas registradas na … [+1199 chars]",,2026-07-20 03:54:23+00:00,random,,,
c5c63351de23c24aed36909cbcddd00c,2026-07-01T17:39:30Z,Heat Wave,calor,observador.pt,pt,0.9,"Hitze: Montenegro garantiert der Regierung, „alles zu tun“. Montenegro räumte ein, dass die Hitzewelle „Besorgnis erregen“ werde, versicherte jedoch, dass vorbeugende Maßnahmen ergriffen würden, damit es dann „in der Verantwortung liege, darauf zu reagieren“.","Calor: Montenegro garante Governo ""a fazer tudo""","Montenegro admitiu que vaga de calor vai causar ""preocupação"", mas assegurou que estão a ser tomadas medidas de prevenção para, depois, se estar à ""altura da responsabilidade de acudir"".","Heat: Montenegro guarantees Government “to do everything”. Montenegro admitted that the heatwave will cause ""concern"", but assured that preventive measures are being taken so that it can then be ""up to the responsibility of responding"".","Calor: Montenegro gubernationem praestat ""omnia facere"". Montenegro confessus est aestus ""cura"" causaturum esse, sed certo certius cautiones praecavendas esse ut tunc ""usque ad responsabilitatem respondendi"" esse possit.",https://observador.pt/2026/07/01/onda-de-calor-montenegro-diz-que-governo-esta-a-fazer-tudo-para-proteger-servicos-de-saude/,https://wm.observador.pt/wm/l/https%3A%2F%2Fbordalo.observador.pt%2Fv2%2Frs%3Afill%3A770%3A403%2Fc%3A3834%3A2151%3Anowe%3A0%3A0%2Fq%3A70%2Ff%3Awebp%2Fplain%2Fhttps%3A%2F%2Fs3.observador.pt%2Fwp-content%2Fuploads%2F2026%2F06%2F20202215%2Fjporfirio-congresso-psd-anadia-dia1-20-06-19-9.jpg?layer=obstop:T,,"Acompanhe o nosso artigo em direto sobre a atualidade política
O primeiro-ministro afirmou esta quarta-feira que o Governo está “a fazer tudo” para prevenir e, depois, responder ao previsível aument… [+2596 chars]",,2026-07-20 16:40:12+00:00,random,,,
774dccff10473cc70a3b047c5057467b,2026-07-03T19:04:41Z,Heat Wave,calor,www.terra.com.br,pt,0.9,"Angesichts der extremen Hitze wendet sich Portugal an die Europäische Union, um die Brandbekämpfung zu verstärken. Portugal wurde von einer heftigen Hitzewelle heimgesucht und beschloss an diesem Freitag (3), zusätzlich zu seinen bilateralen Abkommen mit den Nachbarländern Spanien und Marokko den europäischen Katastrophenschutzmechanismus zu aktivieren, um Verstärkung für die Bekämpfung von Waldbränden zu erhalten. Der…","Sob calor extremo, Portugal recorre à União Europeia para reforçar o combate aos incêndios","Atingido por uma intensa onda de calor, Portugal decidiu, nesta sexta-feira (3), acionar o mecanismo europeu de proteção civil, além de seus acordos bilaterais com a vizinha Espanha e com o Marrocos, para obter reforços no combate aos incêndios florestais. A …","Under extreme heat, Portugal turns to the European Union to reinforce firefighting. Hit by an intense heat wave, Portugal decided, this Friday (3), to activate the European civil protection mechanism, in addition to its bilateral agreements with neighboring Spain and Morocco, to obtain reinforcements to combat forest fires. The…","Sub nimio calore Portugallia ad Unionem Europaeam ad confirmandas pugnas vertit. Intenso aestu fluctuante Portugallia, hoc Veneris die, statuit, mechanismum civilem Europaeum movere, praeter pacta bilateralia cum vicinis Hispaniae et Mauritania, ut auxilia ad pugnandum incendia silvestria obtineant. The…","https://www.terra.com.br/noticias/mundo/europa/sob-calor-extremo-portugal-recorre-a-uniao-europeia-para-reforcar-o-combate-aos-incendios,f8e797c664f9312f06c914ed80da3a24ul1k7i82.html",https://s1.trrsf.com/update-1698692222/fe/zaz-mod-t360-icons/svg/logos/terra-16x9-borda.png,,"""Decidimos, neste momento, acionar o mecanismo europeu de proteção civil, bem como os acordos bilaterais com a Espanha e com o Marrocos. Não porque nossas capacidades já estejam esgotadas, mas porque… [+2882 chars]",,2026-07-20 16:40:12+00:00,random,,,
c5531f8a24881536186a743b6c6a9fef,2026-07-04T10:09:21Z,Heat Wave,calor,observador.pt,pt,0.9,"Ist Fußball wichtiger als Feuerwerk? Die Reise der Regierung nach Kanada, um das Team während einer Hitzewelle und Bränden in Portugal zu unterstützen, zeigt eine übermäßige Konzentration auf den Sport zu Lasten des politischen Managements.",O futebol é mais prioritário que os fogos?,A deslocação do Governo ao Canadá para apoiar a seleção durante uma vaga de calor e incêndios em Portugal mostra uma colagem excessiva ao desporto em prejuízo da gestão política.,Is football more of a priority than fireworks? The Government's trip to Canada to support the team during a heat wave and fires in Portugal shows an excessive focus on sport to the detriment of political management.,"Estne pediludium pluris prioritatis quam pompa? Iter gubernationis in Canada est ut turmas in aestu aestu et incendiis sustineat, in Portugallia nimiam focum risum ostendit cum detrimento administrationis politicae.",https://observador.pt/programas/e-o-vencedor-e/o-futebol-e-mais-prioritario-que-os-fogos/,https://bordalo.observador.pt/v2/rs:fill:770:403/c:770:433:nowe:0:0/q:70/f:webp/plain/https://s3.observador.pt/wp-content/uploads/2021/04/13110132/770-podcast-e-o-vencedor-e.jpg,,"Esta transcrição foi gerada automaticamente por Inteligência Artificial e pode conter erros ou imprecisões.Agora com tempo e espaço para notas no Iuvens Tore, edição de sábado, nas manhãs 360 de fim … [+19490 chars]",,2026-07-20 16:40:12+00:00,random,,,
2622b3005d2c1facb69900921757a536,2026-07-04T08:42:24Z,Storm,tempestade região amazônica,www.terra.com.br,pt,0.3,"Paraguays Verteidigung versucht, den überwältigenden Angriff Frankreichs zu stoppen, um einen weiteren Favoriten bei der Weltmeisterschaft zu entthronen. Nach dem Ausscheiden Deutschlands muss das paraguayische Team Wege finden, die Entwicklung von Mbappé, Dembélé und Co. zu unterbrechen",Defesa do Paraguai busca parar ataque avassalador da França para destronar mais um favorito na Copa,"Depois de eliminar a Alemanha, seleção paraguaia terá de encontrar meios para interromper trajetória de Mbappé, Dembélé e companhia","Paraguay's defense seeks to stop France's overwhelming attack to dethrone another favorite in the World Cup. After eliminating Germany, the Paraguayan team will have to find ways to interrupt the trajectory of Mbappé, Dembélé and company","Paraguay defensionis Francogalliae oppugnationem nimiam prohibere quaerit ut alium ventus in World Cup detrudat. Post Germaniam remotis, turmae Paraguayanae vias invenire debebunt ut trajectoriam Mbappé, Dembélé et comitatus interrumpant.","https://www.terra.com.br/esportes/futebol/defesa-do-paraguai-busca-parar-ataque-avassalador-da-franca-para-destronar-mais-um-favorito-na-copa,5a3e4657fb88a51284640182dd4e07cdd0312rlh.html",https://s1.trrsf.com/update-1698692222/fe/zaz-mod-t360-icons/svg/logos/terra-16x9-borda.png,,"Foram necessários 28 anos para que França e Paraguai voltassem a cruzar seus caminhos em uma fase eliminatória de Copa do Mundo. Neste sábado, às 18h, no Lincoln Financial Field, na Filadélfia, as se… [+4073 chars]",,2026-07-20 21:18:55+00:00,wmo,Ecuador,NWS,South-America
ea894e35a01a08d556ea09f70ab8235a,2026-07-13T14:10:23Z,Heat Wave,onda de calor,www.terra.com.br,pt,0.9,"In Europa gab es während der Hitzewelle 10.000 weitere Todesfälle. Die überwiegende Mehrheit der Todesfälle während der extremen Hitzewelle, die Westeuropa im Juni heimsuchte...",Europa teve 10 mil mortes a mais durante onda de calor,Grande maioria das mortes durante onda de calor extremo que castigou Europa Ocidental em junho ...,"Europe had 10,000 more deaths during heat wave. The vast majority of deaths during the extreme heat wave that hit Western Europe in June...",Europa plus mille mortes in unda aestus habuit. Magna pars funerum in aestu nimio fluctu qui Occidentalem Europam mense Iunio feriat...,"https://www.terra.com.br/noticias/europa-teve-10-mil-mortes-a-mais-durante-onda-de-calor,83c216519b4c85f0e2c842ad9c436a1csa630zf9.html",https://s1.trrsf.com/update-1698692222/fe/zaz-mod-t360-icons/svg/logos/terra-16x9-borda.png,,Grande maioria das mortes durante onda de calor extremo que castigou Europa Ocidental em junho envolveu pessoas com 65 anos ou mais.A onda de calor extremo que castigou a Europa Ocidental na segunda … [+3805 chars],,2026-07-20 21:18:55+00:00,random,,,
89af566c291b52367eb6ce5d3e7200e2,2026-07-17T14:49:31Z,Precipitation,tempestade,www.terra.com.br,pt,0.9,"Waldbrände, Dürren und Stürme verwüsten Europa auch nach dem Ende der Hitzewelle. Feuerwehrleute, unterstützt von 30 Flugzeugen, versuchten diesen Freitag, einen Waldbrand in ... einzudämmen.","Incêndios florestais, seca e tempestades continuam a assolar Europa mesmo com fim da onda de calor",Bombeiros apoiados por 30 aeronaves tentavam nesta sexta-feira conter um incêndio florestal no ...,"Forest fires, drought and storms continue to ravage Europe even after the heat wave ends. Firefighters supported by 30 aircraft tried this Friday to contain a forest fire in ...","Silvae incendia, siccitas et procellae pergunt depopulari Europam etiam postquam aestus finitur. Firefighters XXX elit subnixus conatus Veneris hanc silvam in ignem continere ...","https://www.terra.com.br/noticias/mundo/incendios-florestais-seca-e-tempestades-continuam-a-assolar-europa-mesmo-com-fim-da-onda-de-calor,f4302809bc02511d251ed499a75cf8bdqb6hjfwr.html",https://s1.trrsf.com/update-1698692222/fe/zaz-mod-t360-icons/svg/logos/terra-16x9-borda.png,,"Bombeiros apoiados por 30 aeronaves tentavam nesta sexta-feira conter um incêndio florestal no nordeste da Espanha que devastou uma área do tamanho de San Francisco, forçando a retirada de mais de 1.… [+2367 chars]",,2026-07-20 21:18:55+00:00,random,,,
c41075ea4cc88c5e9919a10c064bbc52,2026-07-17T16:54:28Z,Heat Wave,onda de calor,veja.abril.com.br,pt,0.9,"Die Todesfälle in Paris haben sich im Juni während der extremen Hitzewelle mehr als verdoppelt. Die Region Île-de-France verzeichnete zwischen dem 22. und 28. Juni rund 3.000 Todesfälle, ein Anstieg von 1.565 Todesfällen im Vergleich zum Vorjahr",Mortes em Paris mais que dobram em junho durante onda de calor extremo,"Região de Île-de-France registrou cerca de 3.000 mortes entre 22 e 28 de junho, um aumento de 1.565 óbitos na comparação com o ano passado","Deaths in Paris more than double in June during extreme heat wave. The Île-de-France region recorded around 3,000 deaths between June 22 and 28, an increase of 1,565 deaths compared to last year","Lutetiae Parisius plures quam geminae mense Iunio durante aestu nimio fluctuantur. In regione Franciae le-de-de-de-quadringes 3 000 inter Iunii 22 et 28 inter commemoratur, incrementa mortum 1,565 proximo anno comparata.",https://veja.abril.com.br/mundo/mortes-em-paris-mais-que-dobram-em-junho-durante-onda-de-calor-extremo/,"https://veja.abril.com.br/wp-content/uploads/2026/06/gettyimages-2281963335-594x594-1.jpg?quality=70&strip=info&resize=1080,565&crop=1",,"A onda de calor recorde que atingiu a Europa nas últimas semanas fez o número de mortes na região de Paris mais que dobrar no mês de junho, de acordo com um relatório publicado nesta sexta-feira, 17,… [+1905 chars]",,2026-07-20 21:18:55+00:00,random,,,
9d30e607b69c41d4fd5805d6cb1b4bab,2026-07-03T19:04:52Z,Earthquake,terremoto,www.bbc.com,pt,0.9,"3 Gründe, warum bei den Erdbeben in Venezuela so viele Gebäude einstürzen. Das Doppelbeben war verheerend. Aber warum sind so viele Gebäude eingestürzt? Experten nennen die Hauptfaktoren",3 razões para tantos prédios desabarem nos terremotos da Venezuela,O terremoto duplo foi devastador. Mas por que tantos edifícios desabaram? Especialistas apontam os principais fatores,3 reasons why so many buildings collapse in Venezuela's earthquakes. The double earthquake was devastating. But why did so many buildings collapse? Experts point out the main factors,3 Causae cur tot aedificia terrae motu in Venetiola corruerint. Duplex terrae motus vastabatur. Sed cur tot aedificia corruerunt? Periti designandum factores,https://www.bbc.com/portuguese/articles/czj8wzdwrgro,https://p2.trrsf.com/image/fget/cf/1200/630/middle/images.terra.com/2026/07/03/469344769-e9a1e570-7579-11f1-9db8-97a620cd9604.jpg,,"Famílias inteiras ficaram soterradas sob escombros.
A devastação provocada pelos dois terremotos, de magnitude 7,2 e 7,5, que atingiram a Venezuela em 24/6 foi tão grande que muitos passaram a se pe… [+8302 chars]",,2026-07-21 03:34:20+00:00,random,,,
404e2248aac4017491d46456894e5f8c,2026-07-13T15:23:06Z,Heat Wave,calor,observador.pt,pt,0.9,"Ab Freitag wird es wieder heiß, aber es ist nur Sommerhitze. Die Küste bei 30 °C, das Landesinnere bei fast 40 °C und die Rückkehr tropischer Nächte, aber nichts Erstickendes. Durch die Erdbeben bewegte sich Venezuela um 60 cm und in Trinidad und Tobago stieg ein Strand in Sekundenschnelle um 6 m an.","A partir de sexta aquece de novo, mas é só calor de verão","Litoral com 30ºC, interior quase nos 40ºC e o regresso das noites tropicais, mas nada de sufocante. Com os sismos, a Venezuela deslocou-se 60cm e em Trinidad e Tobago uma praia subiu 6m em segundos.","From Friday it gets hot again, but it's just summer heat. Coastline at 30ºC, interior at almost 40ºC and the return of tropical nights, but nothing suffocating. With the earthquakes, Venezuela moved 60cm and in Trinidad and Tobago a beach rose 6m in seconds.","A Veneris iterum calescit, sed calor aestivus iustus est. Coastline ad 30ºC, intimis fere 40ºC ac noctibus tropicis reditum, sed nihil suffocans. Motibus terrae, Venezuela 60 cm movetur et in Trinidad et Tobago litus 6m in secundis resurrexit.",https://observador.pt/programas/quente-e-frio/a-partir-de-sexta-aquece-de-novo-mas-e-so-calor-de-verao/,https://bordalo.observador.pt/v2/rs:fill:770:403/c:770:433:nowe:0:0/q:70/f:webp/plain/https://s3.observador.pt/wp-content/uploads/2026/07/02151502/770-podcast.jpg,,"Esta transcrição foi gerada automaticamente por Inteligência Artificial e pode conter erros ou imprecisões.Quente ou frio, vamos saber como vai estar o tempo durante os próximos dias com a Filomena M… [+6318 chars]",,2026-07-22 03:33:04+00:00,random,,,
f67813739afeb0a90fece650b5de72e2,2026-07-08T09:00:00Z,Precipitation,chuva torrencial porto,olhardigital.com.br,pt,0.3,"Die Auswirkungen von El Niño können Ihren Teller (und Ihre Tasche) erreichen. Veränderungen im asiatischen Monsun und mögliche Verluste in Rio Grande do Sul haben die Reisproduktion in Alarmbereitschaft versetzt
Der Beitrag „Die Auswirkungen von El Niño könnten Ihren Teller (und Ihre Tasche) erreichen“ erschien zuerst auf Olhar Digital.",Efeitos do El Niño podem chegar no seu prato (e no seu bolso),"Mudanças nas monções asiáticas e possíveis perdas no Rio Grande do Sul colocam em alerta a produção de arroz
O post Efeitos do El Niño podem chegar no seu prato (e no seu bolso) apareceu primeiro em Olhar Digital.","Effects of El Niño can reach your plate (and your pocket). Changes in the Asian monsoon and possible losses in Rio Grande do Sul put rice production on alert
The post Effects of El Niño could reach your plate (and your pocket) appeared first on Olhar Digital.","Effectus El Niño laminam tuam (et sinum tuum attingere possunt). Mutationes in monsoon Asianae et damna fieri possunt in Rio Grande do Sul productio oryzae erecta
Post Effectus El Niño laminam tuam (et sinum tuum) primum in Digital Olhar apparuit.",https://olhardigital.com.br/2026/07/08/ciencia-e-espaco/efeitos-do-el-nino-podem-chegar-no-seu-prato-e-no-seu-bolso/,https://img.odcdn.com.br/wp-content/uploads/2024/07/arroz.jpg,,"O El Niño não é novidade para a ciência, mas seus efeitos podem ser cada vez mais extremos em um planeta que bate recordes de aquecimento. O fenômeno climático, que se desenvolve no Oceano Pacífico, … [+3528 chars]",,2026-07-22 11:56:37+00:00,wmo,Portugal,MED,Europe
a33c8cee22a311a3601a22a8a9eb21ac,2026-07-09T17:25:42Z,Heat Wave,onda de calor,observador.pt,pt,0.9,"Die Meerestemperatur vor Faro erreichte 26,1 °C. Die erste Meereshitzewelle wurde als moderat eingestuft und erreichte einen Tageshöchstwert von 23,3 °C. Und der zweite wurde mit einem Tageshöchstwert von 24,8°C als stark eingestuft.","Temperatura do mar ao largo de Faro atingiu 26,1ºC","A primeira onda de calor marinha foi classificada como moderada, tendo atingido um máximo diário de 23,3°C. E a segunda foi classificada como forte, com um máximo diário de 24,8°C.","Sea temperature off Faro reached 26.1ºC. The first marine heat wave was classified as moderate, reaching a daily maximum of 23.3°C. And the second was classified as strong, with a daily maximum of 24.8°C.","Temperatus maris off Faro attigit 26.1ºC. Prima unda marina caloris moderata classe facta est, maximam cotidie partem 23.3°C attingens. Et secundus dabatur validus, maximo quotidie 24.8°C.",https://observador.pt/2026/07/09/duas-ondas-de-calor-marinho-no-algarve-temperatura-do-mar-ao-largo-de-faro-atingiu-261oc/,https://wm.observador.pt/wm/l/https%3A%2F%2Fbordalo.observador.pt%2Fv2%2Frs%3Afill%3A770%3A403%2Fc%3A2000%3A1124%3Anowe%3A0%3A104%2Fq%3A70%2Ff%3Awebp%2Fplain%2Fhttps%3A%2F%2Fs3.observador.pt%2Fwp-content%2Fuploads%2F2014%2F06%2F16507715.jpg?layer=obstop:T,,"A Marinha Portuguesa revelou ter registado duas ondas de calor marinhas ao largo de Faro, uma moderada e outra forte, com temperaturas da superfície do mar até 26,1 graus Celsius (°C).
Segundo um co… [+1711 chars]",,2026-07-22 16:27:56+00:00,random,,,
05f1b5f87e4830ddef0a92fbec56de29,2026-07-14T15:39:23Z,Snow&Ice,Brasil congelante,observador.pt,pt,0.3,"Tropische Nächte kehren zurück: wie uns der irritierende Norden sagt. Ab diesem Mittwoch steigen die Temperaturen, aber erst am Wochenende werden wir im Süden und in Binnen- und Tropennächten wieder 40 °C erreichen. Aufgrund des ungemütlichen Nordens ist die Küste kühler.",Voltam as noites tropicais: como a irritante nortada conta,"As temperaturas sobem a partir desta quarta-feira, mas só no fim de semana voltaremos a ter o sul e interior com 40ºC e noites tropicais. O litoral fica mais fresco devido à incómoda nortada.","Tropical nights return: as the irritating north tells us. Temperatures rise from this Wednesday, but only at the weekend will we return to 40ºC in the south and interior and tropical nights. The coast is cooler due to the uncomfortable north.","Noctes tropicae redeunt: sicut refert Aquilo vexo. Temperaturae ab hac Mercurii oriuntur, sed in sola volutpat revertemur ad 40ºC noctes meridionales et interiores et tropicas. Litus frigidior est propter incommoditatem septentrionis.",https://observador.pt/programas/quente-e-frio/voltam-as-noites-tropicais-como-a-irritante-nortada-conta/,https://bordalo.observador.pt/v2/rs:fill:770:403/c:770:433:nowe:0:0/q:70/f:webp/plain/https://s3.observador.pt/wp-content/uploads/2026/07/02151502/770-podcast.jpg,,"Esta transcrição foi gerada automaticamente por Inteligência Artificial e pode conter erros ou imprecisões.Filomena Martins, que já cá está para mais uma edição do ""Quente e Frio"", esta de terça-feir… [+5942 chars]",,2026-07-22 21:18:37+00:00,wmo,Brazil,SAM,South-America
563f85c811f31ca638ef9c9ad62a7969,2026-07-08T15:40:06Z,Heat Wave,calor,observador.pt,pt,0.9,"Der Donnerstag ist bereits sehr kühl und ein DANA, der Regen bringen könnte. Die atmosphärische Situation wird sich aufgrund eines Höhentiefs (DANA) oder Kälteabfalls ändern, der die Hitze nach Frankreich drängt und uns frische Luft, Regen und Gewitter beschert.",Quinta-feira já bem fresca e uma DANA que pode trazer chuva,"A situação atmosférica vai mudar por causa de uma depressão em altitude, ou DANA, ou gota fria, que vai empurrar o calor para França e trazer-nos ar fresco, chuva e trovoadas.","Thursday is already very cool and a DANA that could bring rain. The atmospheric situation will change because of an altitude depression, or DANA, or cold drop, which will push the heat towards France and bring us fresh air, rain and thunderstorms.","Iovis iam frigidissima est et Dana quae pluviam afferre potuit. Situs atmosphaericus propter altitudinem depressionis, vel DANA, vel guttam frigidam mutabit, quae calorem in Galliam impellet et recentes aerem, pluviam et tonitrua nobis afferet.",https://observador.pt/programas/quente-e-frio/quinta-feira-ja-bem-fresca-e-uma-dana-que-pode-trazer-chuva/,https://bordalo.observador.pt/v2/rs:fill:770:403/c:770:433:nowe:0:0/q:70/f:webp/plain/https://s3.observador.pt/wp-content/uploads/2026/07/02151502/770-podcast.jpg,,"Esta transcrição foi gerada automaticamente por Inteligência Artificial e pode conter erros ou imprecisões.Já tenho aqui comigo a Filomena Martins para a edição desta quarta-feira de ""Quente e Frio"".… [+5906 chars]",,2026-07-22 21:18:37+00:00,random,,,
318e38b8a0fa807154710c62481b7abe,2026-07-15T15:30:03Z,Heat Wave,calor,observador.pt,pt,0.9,"Die Hitze kommt an der Algarve in voller Stärke zum Vorschein: 40 °C tagsüber, 25 °C nachts. Die Hitze wird mit voller Kraft eintreffen, allerdings erst ab Sonntag und nur im Landesinneren. Und es bringt Staub mit sich: Der ist zwar gesundheitsschädlich, düngt aber den Amazonas und unsere Weinberge. Und es gibt ein neues Tier namens Vozinha(i).","O calor chega em força ao Algarve: 40ºC de dia, 25ºC à noite","O calor vai chegar em força, mas só a partir de domingo e só ao interior. E traz poeiras: que fazem mal à saúde, mas fertilizam a Amazónia e as nossas vinhas. E há um novo bicho chamado Vozinha(i).","The heat arrives in force in the Algarve: 40ºC during the day, 25ºC at night. The heat will arrive in force, but only from Sunday and only inland. And it brings dust: which is bad for your health, but fertilizes the Amazon and our vineyards. And there is a new animal called Vozinha(i).","Calor viget in Algarbia: 40ºC interdiu, 25ºC in nocte. Calor viget, sed solum a Solis et solum mediterraneis. Et facit pulverem: quod est saluti tuae malum, sed fecundat Amazonem et vineas nostras. Et est novum animal quod vocatur Vozinha(i).",https://observador.pt/programas/quente-e-frio/o-calor-chega-em-forca-ao-algarve-40oc-de-dia-25oc-a-noite/,https://bordalo.observador.pt/v2/rs:fill:770:403/c:770:433:nowe:0:0/q:70/f:webp/plain/https://s3.observador.pt/wp-content/uploads/2026/07/02151502/770-podcast.jpg,,"Esta transcrição foi gerada automaticamente por Inteligência Artificial e pode conter erros ou imprecisões.Está na hora do ""Quente e Frio"" com a Filomena Martins. Sabemos a partir de agora como vai e… [+6296 chars]",,2026-07-22 21:18:37+00:00,random,,,
aacae9bac43e2375a42c79541d257f47,2026-07-19T08:41:28Z,Thunderstorm,trovoada roménia,www.terra.com.br,pt,0.3,"Spanien und Argentinien definieren die Weltmeisterschaft zwischen spanischem Pragmatismus und Scalonetas Siegerchaos. Eine Entscheidung, die das verschobene Finale reproduziert, verspricht einen Zusammenstoß zwischen einem kollektiven Spiel und einer Mannschaft, die für Lionel Messi antritt",Espanha e Argentina definem Copa do Mundo entre pragmatismo espanhol e caos vencedor da Scaloneta,Decisão que reproduz Finalíssima adiada promete embate entre jogo coletivo e um time que corre para Lionel Messi,Spain and Argentina define the World Cup between Spanish pragmatism and Scaloneta's winning chaos. Decision that reproduces the postponed Final promises a clash between a collective game and a team that runs for Lionel Messi,Hispania et Argentina Mundus Calicem definiunt inter pragmatismum Hispanicum et Scalonetam chaos conciliantem. Sententia quae dilatationem finalem exprimit crepitum inter ludum collectivum et turmas quae pro Leonello Messi currit.,"https://www.terra.com.br/esportes/futebol/espanha-e-argentina-definem-copa-do-mundo-entre-pragmatismo-espanhol-e-caos-vencedor-da-scaloneta,4097cf289dc66bee040d48ff4e3d08361ogzmo8j.html",https://s1.trrsf.com/update-1698692222/fe/zaz-mod-t360-icons/svg/logos/terra-16x9-borda.png,,"NOVA JERSEY - A Espanha teve confrontos chamados de ""finais antecipadas"" no mata-mata da Copa do Mundo, mas reverteu a lógica e foi soberana. A Argentina encontrou um caminho, na teoria, mais fácil, … [+6091 chars]",,2026-07-23 03:37:34+00:00,wmo,Romania,WCE,Europe
eaaf94c6a36716ee2d076eb512c36e19,2026-07-03T11:13:23Z,Drought,período de seca na Áustria,observador.pt,pt,0.3,"Die bis Sonntag geltende rote Warnung wurde auf 12 Bezirke ausgeweitet. Rote Warnungen wurden auf 12 Bezirke ausgeweitet. Die Regierung verbot landwirtschaftliche Maschinen, die DGS riet den Kommunen, Kühlzonen zu öffnen, und Krankenhäuser aktivierten Notfallpläne.",Aviso vermelho em vigor até doming alargado a 12 distritos,"Avisos vermelhos alargados a 12 distritos. Governo proibiu maquinaria agrícola, DGS aconselhou municípios a abrir zonas de arrefecimento e hospitais ativaram planos de contingência.","Red warning in force until Sunday extended to 12 districts. Red warnings extended to 12 districts. Government banned agricultural machinery, DGS advised municipalities to open cooling zones and hospitals activated contingency plans.","Rubrica monitio in vi usque ad diem dominicam ad 12 regiones extenditur. Monitiones rubrae ad 12 regiones extenditur. Regimen machinis agriculturae interdictum, municipiis DGS monebat ut zonas refrigerandas et hospitalia contingentia consilia retractarent.",https://observador.pt/2026/07/03/calor-aviso-vermelho-em-vigor-ate-domingo-alargado-a-12-distritos/,https://wm.observador.pt/wm/l/https%3A%2F%2Fbordalo.observador.pt%2Fv2%2Frs%3Afill%3A770%3A403%2Fc%3A2000%3A1123%3Anowe%3A0%3A181%2Fq%3A70%2Ff%3Awebp%2Fplain%2Fhttps%3A%2F%2Fs3.observador.pt%2Fwp-content%2Fuploads%2F2026%2F07%2F03095706%2F47392886.jpg?layer=obstop:T,,"Acompanhe o nosso liveblog sobre onda de calor em Portugal
O Instituto Português do Mar e da Atmosfera (IPMA) elevou esta sexta-feira de 10 para 12 o número de distritos de Portugal continental que … [+2380 chars]",,2026-07-25 03:31:44+00:00,edo,Austria,WCE,Europe
aa0153bb046b865064139bdbf1f94183,2026-07-02T10:40:54Z,Heat Wave,calor,greensavers.sapo.pt,pt,0.7,"Hitze: Faro bietet klimatisierte Orte, um der gefährdeten Bevölkerung Schutz zu bieten. In einer Erklärung teilte die Gemeinde mit, dass die Räume von heute bis zum 10. Juli in der Stadtbibliothek am Montag von 14:30 bis 19:30 Uhr und von Dienstag bis Freitag von 9:30 bis 19:30 Uhr geöffnet sein werden. In kommunalen Schwimmbädern gelten die Öffnungszeiten…",Calor: Faro disponibiliza locais climatizados para abrigo da população vulnerável,"Em comunicado, o município indicou que os espaços vão funcionar, entre hoje e 10 de julho, na biblioteca municipal, na segunda-feira, entre as 14:30 e as 19:30, e de terça a sexta-feira, entre as 09:30 e as 19:30. Nas piscinas municipais, o horário de funcion…","Heat: Faro provides air-conditioned places to shelter the vulnerable population. In a statement, the municipality indicated that the spaces will operate, between today and July 10, at the municipal library, on Monday, between 2:30 pm and 7:30 pm, and from Tuesday to Friday, between 9:30 am and 7:30 pm. In municipal swimming pools, opening hours…","Calor: Faro loca caeli condiciones praebet ut multitudinem vulnerabilem protegant. In enunciatione, municipium significavit spatia operari, inter hodie et die 10 iulii, in bibliotheca municipali, die Lunae, inter 2:30 post meridiem et 7:30 post meridiem, et a die Martis ad Veneris, inter 9:30 am et 7:30 post meridiem. In municipiis lacus natandi, horas aperiendi.",https://greensavers.sapo.pt/calor-faro-disponibiliza-locais-climatizados-para-abrigo-da-populacao-vulneravel/,https://greensavers.sapo.pt/wp-content/uploads/2024/10/Calor-1024x520.jpg,,A Câmara de Faro vai disponibilizar a partir de hoje equipamentos municipais para servirem como abrigos temporários climatizados para proteger a população mais vulnerável face à onda de calor extremo… [+1843 chars],,2026-07-25 03:31:44+00:00,random,,,
8cf8c7a26133d2d8b84d7b11ff25442c,2026-07-02T09:17:22Z,Wildfire,incêndio florestal na região de Saratov,observador.pt,pt,0.3,Die 10-Uhr-Nachrichten. Feuer hat zwei aktive Fronten. Außerdem in dieser Zeitung der Bericht von Rádio Observador in Toronto: die heutige Etappe Portugal – Kroatien.,As notícias das 10h,"Fogo tem duas frentes ativas. Ainda neste jornal, a reportagem da Rádio Observador em Toronto: palco do Portugal - Croácia desta noite.","The 10am news. Fire has two active fronts. Also in this newspaper, the report from Rádio Observador in Toronto: tonight's Portugal - Croatia stage.","The 10am news. Ignis duas frontes activas habet. Etiam in hoc ephemeride, relatio de Rádio Observador in Toronto: hac nocte Portugallia – Croatia scaena.",https://observador.pt/programas/noticiario/as-noticias-das-10h-2394/,https://bordalo.observador.pt/v2/rs:fill:770:403/c:770:433:nowe:0:0/q:70/f:webp/plain/https://s3.observador.pt/wp-content/uploads/2026/06/15153459/770-podcast-noticiario.png,,Esta transcrição foi gerada automaticamente por Inteligência Artificial e pode conter erros ou imprecisões.Porção 10:1. Jornal das 10 com Carla Jorge Carvalho. As autarquias continuam a preparar-se p… [+10610 chars],,2026-07-25 11:19:37+00:00,wmo,Russia,ESB,Europe
dc4831584fd5adf82e55015b55e1ccdb,2026-07-02T09:36:27Z,Heat Wave,calor,observador.pt,pt,0.9,"Hitze. „Waldschutz liegt uns am Herzen.“ Die lokalen Behörden bereiten sich weiterhin auf die Hitzewelle vor, die das Land bereits heimsucht. In diesem Erklärer erklären die Bürgermeister von Braga, Leiria und Entroncamento, was getan wird.","Calor. ""A proteção florestal é o que preocupa mais""","As autarquias continuam a preparar-se para a vaga de calor que já atinge o país. Neste Explicador, os autarcas de Braga, Leiria e do Entroncamento, explicam o que está a ser feito.","Heat. ""Forest protection is what concerns us most."" Local authorities continue to prepare for the heat wave that is already hitting the country. In this Explainer, the mayors of Braga, Leiria and Entroncamento explain what is being done.","Caloris. ""Praesidium silvae est quod maxime ad nos pertinet."" Loci auctoritates ad calorem praeparandum pergunt, qui iam regionem ferendi sunt. In hoc Explicatore, maiores Bracarensis, Leiria et Entroncamento quid agitur, explicant.",https://observador.pt/programas/explicador/calor-a-protecao-florestal-e-o-que-preocupa-mais/,https://bordalo.observador.pt/v2/rs:fill:770:403/c:770:433:nowe:0:0/q:70/f:webp/plain/https://s3.observador.pt/wp-content/uploads/2019/09/24112758/770-podcast-explicador.png,,Esta transcrição foi gerada automaticamente por Inteligência Artificial e pode conter erros ou imprecisões.Começa agora o Explicador das manhãs 360. Vamos tentar perceber como é que as autarquias se … [+19209 chars],,2026-07-25 21:03:36+00:00,random,,,
beb31b41f1ea9c0905d016f48473c771,2026-07-10T23:10:25Z,Earthquake,terremoto lospalos,observador.pt,pt,0.3,"Feuer in Gerês. GNR identifizierte während des Alarms 47 Personen. 47 wurden in Sete Lagoas, in Montalegre, im PNPG gefunden. Die bis Donnerstag verlängerte Warnung verbietet den Zutritt und Aufenthalt in Waldgebieten.",Incêndio no Gerês. GNR identificou 47 pessoas durante alerta,"47 foram encontrados nas Sete Lagoas, em Montalegre, no PNPG. O alerta, prorrogado até quinta-feira, proíbe acesso e permanência em espaços florestais.","Fire in Gerês. GNR identified 47 people during alert. 47 were found in Sete Lagoas, in Montalegre, in the PNPG. The alert, extended until Thursday, prohibits access and stay in forest areas.","Ignis in Geres. GNR identified 47 homines in intenti. 47 repertae Sete Lagoas Montalegre in PNPG. Intentus, usque ad Iovis diem extensus, aditum vetat et in locis saltibus manere.",https://observador.pt/2026/07/11/gnr-identificou-47-pessoas-no-geres-durante-situacao-de-alerta/,https://wm.observador.pt/wm/l/https%3A%2F%2Fbordalo.observador.pt%2Fv2%2Frs%3Afill%3A770%3A403%2Fc%3A2000%3A1121%3Anowe%3A0%3A0%2Fq%3A70%2Ff%3Awebp%2Fplain%2Fhttps%3A%2F%2Fs3.observador.pt%2Fwp-content%2Fuploads%2F2025%2F09%2F16065906%2F45615902.jpg?layer=obstop:T,,"A GNR de Vila Real identificou 47 pessoas na zona do Gerês, em Montalegre, e uma em Sabrosa por permanecerem em espaço florestal que é proibido durante o período de situação de alerta, disse esta sex… [+1749 chars]",,2026-07-26 21:06:38+00:00,usgs,Timor Leste,SEA,Asia
b13ed732104d1493e7bd86a228002a56,2026-07-19T16:16:17Z,Earthquake,terremoto portugal,observador.pt,pt,0.3,Die 17-Uhr-Nachrichten. Nachrichten auf Radio Observador. Was auch immer passiert.,As notícias das 17h,As notícias na Rádio Observador. Aconteça o que acontecer.,The 5pm news. News on Radio Observador. Whatever happens.,5pm nuntium. Nuntii in Radio Observatore. Quicquid fit.,https://observador.pt/programas/noticiario/as-noticias-das-17h-2245/,https://bordalo.observador.pt/v2/rs:fill:770:403/c:770:433:nowe:0:0/q:70/f:webp/plain/https://s3.observador.pt/wp-content/uploads/2026/06/15153459/770-podcast-noticiario.png,,"Esta transcrição foi gerada automaticamente por Inteligência Artificial e pode conter erros ou imprecisões.Atualizar a informação. Jornal das cinco com o José Rafael Lopes. José, a Associação Naciona… [+8980 chars]",,2026-07-26 21:06:38+00:00,usgs,Portugal,NAO,Atlantic Ocean
49c6908adbf31ab83a8f99e94186d77d,2026-07-10T23:25:32Z,Thunderstorm,tempo severo,turismo.ig.com.br,pt,0.3,"Der größte Skikomplex Südamerikas eröffnet die Saison 2026. Cerro Catedral beginnt die Wintersaison mit frühem Schnee, einer allmählichen Öffnung der Pisten und der Erwartung eines der besten Jahre",Maior complexo de esqui da América do Sul abre temporada 2026,"Cerro Catedral inicia a temporada de inverno com neve antecipada, abertura gradual das pistas e expectativa de um dos melhores anos","The largest ski complex in South America opens the 2026 season. Cerro Catedral begins the winter season with early snow, gradual opening of the slopes and expectations of one of the best years","Maxima ski complexus in America Meridiana 2026 tempus aperit. Cerro Catedral hibernale tempus cum primis nivibus incipit, sensim apertura clivi et exspectatio optimi annorum",https://turismo.ig.com.br/colunas/vitor-vianna/2026-07-10/maior-complexo-de-esqui-da-america-do-sul-abre-temporada-2026.html,https://i0.statig.com.br/bancodeimagens/e4/cr/8p/e4cr8pte5ft0ekshjr8wo9nh3.jpg,,"O Cerro Catedral, maior complexo de esqui da América do Sul, abriu nesta segunda-feira (6) a temporada de inverno 2026 em Bariloche, na Argentina. A abertura acontece em um ano de expectativa especia… [+2631 chars]",,2026-07-27 13:17:12+00:00,random,,,
ec243ce15676b7480e005e14dd2b306c,2026-07-20T01:28:05Z,Drought,período de seca na República Tcheca,www.diariodocentrodomundo.com.br,pt,0.3,"Milei kündigt einen Feiertag zur Feier Argentiniens an, gerät jedoch in ein Laster und es wird zu einem Witz. Eine dem Profil von Javier Milei zugeschriebene Nachricht kündigte einen Feiertag an, um Argentinien nach seiner Niederlage gegen Spanien im WM-Finale zu feiern.","Milei anuncia feriado para celebrar Argentina, mas fica com vice e vira piada",Mensagem atribuída ao perfil de Javier Milei anunciou feriado para celebrar a Argentina após derrota para a Espanha na final da Copa.,"Milei announces a holiday to celebrate Argentina, but ends up with vice and it becomes a joke. Message attributed to Javier Milei's profile announced a holiday to celebrate Argentina after its defeat to Spain in the World Cup final.","Milei ferias nuntiat ut Argentinam celebret, sed cum vitiis desinit et fit iocus. Nuntius Javier Milei attributus ferias denuntiavit ut Argentina post cladem suam in Hispania in World Cup finalem ferias nuntiaret.",https://www.diariodocentrodomundo.com.br/milei-anuncia-feriado-argentina-vice-piada-redes/,https://www.diariodocentrodomundo.com.br/wp-content/uploads/2026/07/imagem-principal-milei-anuncia-feriado-argentina-vice-piada-redes-javier-milei-presidente-da-argentina-e-contra-a-proposta-de-taxacao.jpg,,"Javier Milei, presidente da Argentina. Foto: Reprodução 
Após a disputa de final de Copa do Mundo, o presidente argentino Javier Milei viralizou após designar um futuro feriado nacional para celebra… [+2964 chars]",,2026-07-27 13:17:12+00:00,edo,Czechia,WCE,Europe
ca4122440715382b61d18992e78fda73,2026-07-25T20:00:55Z,Storm,tempestade todas as águas,veja.abril.com.br,pt,0.3,"Wettervorhersage für Sonntag: In São Paulo hört der Regen auf, aber im Süden ziehen Stürme auf. Die Kaltfront bewegt sich vom Südosten weg und macht Platz für Sonne und höhere Temperaturen in der Hauptstadt São Paulo","Previsão do tempo no domingo: chuva termina em São Paulo, mas temporais atingem o Sul",Frente fria se afasta do Sudeste e abre espaço para sol e temperaturas mais altas na capital paulista,"Weather forecast on Sunday: rain ends in São Paulo, but storms hit the South. Cold front moves away from the Southeast and makes room for sun and higher temperatures in the capital of São Paulo","Tempestas die Dominico praecognoscet: pluviae in São Paulo desinunt, sed tempestates Australes feriunt. Frons frigida ab Africo recedit et locum soli et superiores temperaturas in capite Sancti Pauli facit",https://veja.abril.com.br/agenda-verde/previsao-do-tempo-no-domingo-chuva-termina-em-sao-paulo-mas-temporais-atingem-o-sul/,"https://veja.abril.com.br/wp-content/uploads/2025/02/anhangabau_chuva_05.jpg?quality=70&strip=info&resize=1080,565&crop=1",,"Pular para o conteúdo
Oferta Dia dos Pais: Receba 4 Revistas em casa por 32,90Oferta Dia dos Pais: Receba 4 Revistas em casa por 32,90
 (Paulo Pinto/Agência Brasil)
Continua após publicidade
<ul>… [+4538 chars]",,2026-07-27 13:17:12+00:00,wmo,Solomon Islands,EPO,Oceania
be8bb84c4fb984fa57bdad56b04080d8,2026-07-01T12:35:10Z,Storm,tempestade,ultimosegundo.ig.com.br,pt,0.9,"Über der Südregion hält die Sturmwelle an
diesen Mittwoch (1.). Die Instabilität verstärkt sich mit der Gefahr großer Ansammlungen, Stürme, Windböen und Starkregen; Hagel traf mehrere Teile von SC","Onda de tempestades segue sobre região Sul
nesta quarta (1º)","Instabilidade ganha força com risco de acúmulos elevados, temporais, rajadas de vento e chuva forte; granizo atingiu vários pontos de SC","Wave of storms continues over the South region
this Wednesday (1st). Instability gains strength with the risk of high accumulations, storms, gusts of wind and heavy rain; hail hit several parts of SC","Unda procellarum pergit in regione Australi
this Wednesday (1st). Cum periculo magnarum coacervationum instabilitas vires adquirit, procellas, ventorum procellas et pluviae graves; salvete plures partes SC ledo",https://ultimosegundo.ig.com.br/2026-07-01/onda-de-temporais-cobre-regiao-sul-nesta-quarta-rs-sc-pr.html,https://i0.statig.com.br/bancodeimagens/71/ma/6r/71ma6rajxjn35f8jegbmqzn81.jpg,,"A quarta-feira (1º) será marcada por mais tempestades na Região Sul. Uma frente fria se encontra estacionada sobre a região, onde uma combinação de calor e umidade vindos da Floresta Amazônica favore… [+2470 chars]",,2026-07-27 13:17:12+00:00,random,,,
bd12af1bc5fe9cf53d6ea64cfb874a11,2026-07-10T08:00:00Z,Snow&Ice,granizo,ultimosegundo.ig.com.br,pt,0.9,"Wettervorhersage: Die Kälte lässt nach, aber Regen gibt erneut Anlass zur Sorge. In abgelegenen Gebieten des Landes kommt es erneut zu Niederschlägen, obwohl die kalte Luftmasse abwandert; Im Süden prognostiziert INMET starke Winde und Hagel","Previsão do tempo: frio perde força, mas chuva volta a preocupar","Precipitação em áreas isoladas do país retornam, apesar de massa de ar frio se distanciar; no Sul, o INMET prevê ventos fortes e granizo","Weather forecast: cold weakens, but rain is once again a concern. Precipitation in isolated areas of the country returns, despite the cold air mass moving away; in the South, INMET predicts strong winds and hail","Tempestas praenuntiet: frigus languet, sed pluvia sollicitudo iterum est. Praecipitatio in locis solitariis patrie redit, quamquam massa aeris frigoris recedat; in Austro, INME ventos validos et grandines praedicat",https://ultimosegundo.ig.com.br/brasil/2026-07-10/previsao-do-tempo--frio-perde-forca--mas-chuva-volta-a-preocupar.html,https://i0.statig.com.br/bancodeimagens/8k/kp/sr/8kkpsr8a0afv0khvfvk62luy4.jpg,,"Após uma semana de temperaturas baixas no Brasil, o frio começa a diminuir em algumas regiões do do país entre sexta-feira (10) e sábado (11). Mesmo assim, o amanhecer ainda será frio no Sul, Sudeste… [+2927 chars]",,2026-07-27 13:17:12+00:00,random,,,
56775460bd1957f00d02977ff1436be7,2026-07-15T09:15:20Z,Thunderstorm,tempestade de granizo,www.bbc.com,pt,0.9,"„Atmosphärische Flüsse“: Welches Phänomen versetzt Südbrasilien am Wochenende in Alarmbereitschaft vor Stürmen? Part of the southern region of Brazil is expected to suffer from Thursday with storms, the possibility of hail and wind gusts between 60 and 100 km/h.",'Rios atmosféricos': o que é o fenômeno que coloca o Sul do Brasil em alerta para tempestades no fim de semana,"Parte da região Sul do Brasil deve sofrer a partir de quinta-feira com tempestades, possibilidade de granizo e rajadas de vento entre 60 e 100 km/h.","'Atmospheric rivers': what is the phenomenon that puts southern Brazil on alert for storms over the weekend. Part of the southern region of Brazil is expected to suffer from Thursday with storms, the possibility of hail and wind gusts between 60 and 100 km/h.","'Flumina atmosphaerica': id quod est phaenomenon quod Brasilia meridionalis in procellosis super weekend intentus ponit. Pars regionis Brasiliae meridionalis expectatur a Iovis cum procellis laborare, possibilitas grandinis et ventorum inter 60 et 100 km/h.",https://www.bbc.com/portuguese/articles/cr7x7kpznego,https://ichef.bbci.co.uk/news/1200/branded_portuguese/c1e2/live/81488750-8027-11f1-926f-c90d1bcfbc84.jpg,,"Crédito, Getty Images
Legenda da foto, Região Sul pode sofrer com fortes chuvas no fim de semana
Parte da região Sul do Brasil deve enfrentar a partir de quinta-feira (16/07) com tempestades, possi… [+8678 chars]",,2026-07-27 13:17:12+00:00,random,,,
4e0418108a398b86acd85a801508bc0d,2026-07-05T15:22:10Z,Storm,tempestade trinidad e tobago,quatrorodas.abril.com.br,pt,0.3,"Verkehrsverstöße: Fahrgewohnheiten, die Bußgelder nach sich ziehen und von denen Sie es nicht wussten. Das brasilianische Handbuch zur Verkehrsinspektion beschreibt alltägliche Verhaltensweisen, die Punkte auf dem Führerschein einbringen und den Geldbeutel des Fahrers schwer belasten.",Infrações de trânsito: os hábitos ao volante que geram multas e você não sabia,Manual Brasileiro de Fiscalização de Trânsito detalha atitudes cotidianas que rendem pontos na CNH e pesam no bolso do motorista.,Traffic violations: driving habits that generate fines and you didn't know. Brazilian Traffic Inspection Manual details everyday attitudes that earn points on the driver's license and weigh heavily on the driver's pocket.,Negotiationis violationes: habitus pulsis qui multas generant et nescisti. Brasilianae Traffic Inspectionis Manuale singularia agendi quotidie agendi quae in licentia aurigae puncta merentur et in sinum aurigae gravant.,https://quatrorodas.abril.com.br/noticias/infracoes-de-transito-os-habitos-ao-volante-que-geram-multas-e-voce-nao-sabia/,"https://quatrorodas.abril.com.br/wp-content/uploads/2025/02/WhatsAppImage20240228at13.57.12-1.jpeg?quality=70&strip=info&resize=1080,565&crop=1",,"No clima da Copa: Assine por apenas 7,99 (Gov.BR/Divulgação)
Continua após publicidade
<ul><li><ul><li>Direção sem atenção: procurar objetos, conversar distraidamente e até comer/beber ao volante.<… [+8933 chars]",,2026-07-27 21:20:15+00:00,wmo,Trinidad and Tobago,NSA,North-America
99c8179bf110d502bdb5c51dbdb27e89,2026-07-10T15:24:59Z,Flood,inundação Victoria,veja.abril.com.br,pt,0.3,"Galvão Bueno und Everaldo Marques sprengen die WM-Übertragungsstruktur in den USA. Erzähler beschwerten sich über das Stadion, in dem Frankreich und Marokko an diesem Donnerstag aufeinandertrafen",Galvão Bueno e Everaldo Marques detonam estrutura de transmissão da Copa nos EUA,Narradores reclamaram de estádio onde França e Marrocos de enfrentaram nesta quinta-feira,Galvão Bueno and Everaldo Marques detonate the World Cup broadcast structure in the USA. Narrators complained about the stadium where France and Morocco faced this Thursday,Galvão Bueno et Everaldo Marques mundi Calicem iaci structuram in USA detonant. Narratores conquesti sunt de stadio ubi Gallia et Mauritania huic Iovis obversa sunt,https://veja.abril.com.br/cultura/galvao-bueno-e-everaldo-marques-detonam-estrutura-de-transmissao-da-copa-nos-eua/,"https://veja.abril.com.br/wp-content/uploads/2026/07/sbt-galvao-bueno-globo-everaldo-marques.jpg?quality=70&strip=info&resize=1080,565&crop=1",,"Pular para o conteúdo
Oferta Relâmpago: Assine por apenas 7,99Galvão Bueno, do SBT, e Everaldo Marques, da Globo (SBT/Globo/Divulgação)
Continua após publicidade
Narradores da Globo e do SBT, Ever… [+1358 chars]",,2026-07-27 21:20:15+00:00,acwe,Australia,SAU,Oceania
1714fe62cb3815da300ee7497084891b,2026-07-12T11:20:48Z,Heat Wave,onda de calor região leste,observador.pt,pt,0.3,"Beeinträchtigen aufeinanderfolgende Schiedsverfahren die Weltmeisterschaft? Zwei Verlängerungen, Spiele mit hitzigen Kontroversen auf und neben dem Spielfeld, die ihren Höhepunkt im Halbfinale zwischen England und Argentinien finden. Palhinha ist Marco Silvas begehrteste Verstärkung, aber ist das möglich?",Sucessivos casos de arbitragem estão a manchar o Mundial?,"Dois prolongamentos, jogos com polémicas acesas dentro e fora de campo e que culminam com Inglaterra e Argentina nas meias-finais. Palhinha é o reforço mais desejado por Marco Silva, mas é possível?","Are successive arbitration cases tarnishing the World Cup? Two extra times, games with heated controversy on and off the field and which culminate with England and Argentina in the semi-finals. Palhinha is Marco Silva's most desired reinforcement, but is it possible?","Suntne successivae causae arbitrium corrumpendi Mundi Calicem? Duo extra tempora, ludi cum lis calefactis interdum in campo et qui cum Anglia et Argentina in semi- finalibus desinunt. Palhinha est Marco Silva auxilium desideratissimum, sed estne possibile?",https://observador.pt/programas/e-o-campeao-e/sucessivos-casos-de-arbitragem-estao-a-manchar-o-mundial/,https://bordalo.observador.pt/v2/rs:fill:770:403/c:770:433:nowe:0:0/q:70/f:webp/plain/https://s3.observador.pt/wp-content/uploads/2025/05/26101208/770-podcast-e-o-campeao-e-betclic-1.jpg,,"Esta transcrição foi gerada automaticamente por Inteligência Artificial e pode conter erros ou imprecisões.Dois gigantes sobreviveram após 120 minutos de puro sofrimento: a Inglaterra, de Jude Bellin… [+24236 chars]",,2026-07-27 21:20:15+00:00,wmo,North Macedonia,MED,Europe
023d8ead630996c104ca458b82faec67,2026-07-16T10:47:10Z,Snow&Ice,geada,veja.abril.com.br,pt,0.3,"Wie ist es, in einem KI-gesteuerten Auto zu fahren? Ich habe es getestet und verrate es euch hier. In Brasilien fahren die Fahrzeuge noch nicht, aber sie sind bereits auf den Straßen nordamerikanischer Städte wie San Francisco, Orlando, Los Angeles und Austin unterwegs",Como é andar num carro guiado por IA? Testei e conto para você aqui,"Veículos ainda não rodam no Brasil, mas já ganharam as ruas de cidades norte-americanas como São Francisco, Orlando, Los Angeles e Austin","What's it like to ride in an AI-driven car? I tested it and I'll tell you here. Vehicles do not yet run in Brazil, but they have already taken to the streets of North American cities such as San Francisco, Orlando, Los Angeles and Austin","Quid simile est in curru AI agitatae vehi? Probavi et dicam hic. Vehicula nondum in Brasilia currunt, sed iam ad vias civitatum Americae Septentrionalis sicut San Francisco, Orlando, Los Angeles et Austin.",https://veja.abril.com.br/coluna/planeta-ia/como-e-andar-num-carro-guiado-por-ia-testei-e-conto-para-voce-aqui/#blogposting,"https://veja.abril.com.br/wp-content/uploads/2025/09/GettyImages-2211808835.jpg?quality=70&strip=info&resize=1080,565&crop=1",,"Pular para o conteúdo
Oferta Relâmpago: Veja por 7,99
Carro da Waymo: veículos guiados por IA rodam apenas por cidades dos EUA, mas devem chegar à Inglaterra e ao Japão (iStock/Getty Images)
Conti… [+7142 chars]",,2026-07-27 21:20:15+00:00,random,,,
9e2e460191ec25b4e7921627e2d03218,2026-07-19T10:37:46Z,Storm,tempestade em todas as águas,www1.folha.uol.com.br,pt,0.3,"Keiner. Die Rückkehr des Klimaphänomens, das im Norden des Landes normalerweise zu Dürren führt, schärft das Bewusstsein",,Volta do fenômeno climático que costuma provocar estiagem no Norte do país acende alerta,None. Return of the climate phenomenon that usually causes drought in the north of the country raises awareness,"Nulli. Reditus phaenomenon climatis quod plerumque siccitatem in regione septentrionali affert, conscientiam movet",https://www1.folha.uol.com.br/ambiente/2026/07/amazonia-pode-nao-se-recuperar-de-seca-do-ultimo-el-nino-mesmo-apos-sete-anos-diz-estudo.shtml,https://f.i.uol.com.br/fotografia/2023/11/17/17002624326557f220beb4b_1700262432_3x2_rt.jpg,,"Dois anos após as secas históricas na amazônia, um novo El Niño volta a ameaçar a floresta. A mata não teve tempo de se regenerar, mas, em junho, a Noaa (Administração Nacional Oceânica e Atmosférica… [+5553 chars]",,2026-07-27 21:20:15+00:00,wmo,Solomon Islands,EPO,Oceania
ffe56daf0b01ca9f68ad85fe5daea210,2026-07-23T14:54:03Z,Tropical Cyclone,ciclone,valor.globo.com,pt,0.3,"Kinder aus dem legalen Amazonas seien stärker Umweltrisiken ausgesetzt, betont Unicef. Kinder, die in Gemeinden im legalen Amazonasgebiet, insbesondere in der Nordregion, leben, sind stärker Umwelt- und Klimarisiken wie Dürren, Luftverschmutzung, starken Regenfällen und mangelnder sanitärer Grundversorgung ausgesetzt. Ein an diesem Donnerstag (23) veröffentlichtes Panel zeigt…","Crianças da Amazônia Legal estão mais expostas a riscos ambientais, aponta Unicef","Crianças que vivem em municípios da Amazônia Legal, especialmente na Região Norte, estão mais expostas a riscos ambientais e climáticos, como secas, poluição do ar, chuvas intensas e falta de saneamento básico. Um painel divulgado nesta quinta-feira (23) most…","Children from the Legal Amazon are more exposed to environmental risks, points out Unicef. Children who live in municipalities in the Legal Amazon, especially in the North Region, are more exposed to environmental and climate risks, such as droughts, air pollution, heavy rains and lack of basic sanitation. A panel released this Thursday (23) shows…","Pueri ex Legal Amazon magis periculis obnoxii sunt, indicat Unicef. Pueri qui in municipiis in Legal Amazon, praesertim in regione septentrionali, magis obnoxii sunt periculis environmental et climatis, sicut siccitates, pollutio aeris, imbribus gravibus et sanitationis fundamentalis defectus. Tabula hanc Iovis (23) ostendit…",https://valor.globo.com/brasil/noticia/2026/07/23/crianas-da-amaznia-legal-esto-mais-expostas-a-riscos-ambientais-aponta-unicef.ghtml,https://s2-valor.glbimg.com/EV8MDBNSD71N__aFPeXYU9KcvtM=/1200x/smart/filters:cover():strip_icc()/i.s3.glbimg.com/v1/AUTH_63b422c2caee4269b8b34177e8876b93/internal_photos/bs/2026/a/1/PlZoGlT8ShNECa6oYxSQ/image.png,,"Crianças que vivem em municípios da Amazônia Legal, especialmente na Região Norte, estão mais expostas a riscos ambientais e climáticos, como secas, poluição do ar, chuvas intensas e falta de saneame… [+6410 chars]",,2026-07-27 21:20:15+00:00,random,,,
794fccc186df8cd06c7b681a44671e95,2026-07-09T23:45:57Z,Heat Wave,calor,www.diariodocentrodomundo.com.br,pt,0.9,"VIDEO – Globo-Erzähler kritisiert FIFA für ihre Struktur in den USA: „Wir braten“. Globos Erzähler beklagte sich über die 32°C-Hitze und die mangelnde Berichterstattung in den Kabinen bei Frankreich x Marokko, bei der Weltmeisterschaft in Boston.",VÍDEO – Narrador da Globo detona Fifa por estrutura nos EUA: “Estamos fritando”,"Narrador da Globo reclamou do calor de 32°C e da falta de cobertura nas cabines em França x Marrocos, pela Copa, em Boston.","VIDEO – Globo narrator criticizes FIFA for its structure in the USA: “We are frying”. Globo's narrator complained about the 32°C heat and the lack of coverage in the booths at France x Morocco, in the World Cup, in Boston.","VIDEO – Globo narrator FIFA reprehendit de eius structura in USA: “Primat nos”. Narrator Globoe conquestus est de 32°C calore ac defectu coverage in scenis in Gallia x Mauritania, in Trophaeo Mundi, in Boston.",https://www.diariodocentrodomundo.com.br/everaldo-marques-critica-fifa-cabines-copa/,https://www.diariodocentrodomundo.com.br/wp-content/uploads/2026/07/captura-de-tela-2026-07-09-203859.png,,"Everaldo Marques na cobertura da Copa do Mundo pela Globo. Foto: Reprodução
Everaldo Marques criticou a Fifa ao vivo nesta quinta-feira (9) durante a transmissão de França x Marrocos, pelas quartas … [+2077 chars]",,2026-07-27 21:20:15+00:00,random,,,
78fe54365db49d614b2e1ac33480c8c4,2026-07-12T07:30:28Z,Heat Wave,calor,www.metropoles.com,pt,0.9,"Das Größte des Jahrhunderts: In Brasilien steigt die Gefahr eines Super-El-Niño und es kommt zu Alarmen. El Niño kann Überschwemmungen, Stürme, Dürren und extreme Hitze verursachen, mit unterschiedlichen Auswirkungen in jeder Region Brasiliens",Maior do século: risco de super El Niño cresce e liga alerta no Brasil,"El Niño pode provocar enchentes, tempestades, secas e calor extremo, com impactos diferentes em cada região do Brasil","Biggest of the century: risk of super El Niño grows and alerts in Brazil. El Niño can cause floods, storms, droughts and extreme heat, with different impacts in each region of Brazil","Maximus saeculi: periculum super El Niño crescit et summis in Brasilia crescit. El Niño potest inundationes, procellas, siccitates et caloris nimii causare cum diversis impactibus in unaquaque regione Brasiliae.",https://www.metropoles.com/brasil/risco-super-el-nino-alerta-brasil,https://i.metroimg.com/GTFOlLDbrWyoWsHTwfyozKJP_CoXuIabVmosr6__mFU/rs:fill:1200:800:1/g:no/q:85/f:webp/plain/https://images.metroimg.com/2024/07/31162005/310724-BE-100-dias-sem-chuva174-min.jpg,,"O Brasil pode enfrentar, nos próximos meses, um dos episódios de El Niño mais intensos já registrados no século. Segundo o Centro de Previsão Climática (CPC), da Administração Nacional Oceânica e Atm… [+6192 chars]",,2026-07-27 21:20:15+00:00,random,,,
603dadac80b2c7f81bec1cc934b23bd4,2026-07-19T17:37:02Z,Storm,tempestade,www1.folha.uol.com.br,pt,0.9,"Keiner. Die Studie analysierte fast 60.000 Aufzeichnungen von Überschwemmungen, Dürren, Stürmen und Erdrutschen zwischen 1991 und 2024",,"Estudo analisou quase 60 mil registros de inundações, secas, tempestades e deslizamentos entre 1991 e 2024","None. Study analyzed almost 60 thousand records of floods, droughts, storms and landslides between 1991 and 2024","Nulli. Studium enucleatum fere 60 milia monumentorum inundationum, siccitatum, tempestatum et ruinarum inter 1991 et 2024",https://www1.folha.uol.com.br/cotidiano/2026/07/9-em-cada-10-cidades-brasileiras-ja-enfrentaram-desastres-climaticos-nas-ultimas-tres-decadas.shtml,https://f.i.uol.com.br/fotografia/2026/07/19/17844735166a5ce7acec9d0_1784473516_3x2_rt.jpg,,"Cada vez mais frequentes e severos, os eventos climáticos extremos, como secas e inundações, têm causado impactos ambientais, econômicos e sociais significativos no Brasil, demandando políticas públi… [+8169 chars]",,2026-07-27 21:20:15+00:00,wmo,Bahrain,ARP,Asia
76ebac977b8c27148e596627fef35a5f,2026-07-01T05:44:13Z,Flood,surto de lago glaciar,observador.pt,pt,0.3,"Sporting wird 120 und bereitet Geschenke für Mitglieder vor. 120 der Geschichte des Löwenkönigreichs. Sporting bereitet ein besonderes Trikot für seine Mitglieder vor (es gibt 1906 Ausgaben) und präsentiert heute das neue Emblem. Bei der WM kommen Mexiko, Frankreich und Norwegen weiter.",Sporting faz 120 anos e prepara presentes para os sócios,"120 de história do Reino do Leão. O Sporting prepara uma camisola especial para os sócios (há 1906 edições) e apresenta hoje o novo emblema. No Mundial, México, França e Noruega seguem em frente.","Sporting turns 120 and prepares gifts for members. 120 of the history of the Lion Kingdom. Sporting is preparing a special shirt for its members (there are 1906 editions) and today presents the new emblem. At the World Cup, Mexico, France and Norway advance.","120 ludicra volvitur et munera membris parat. 120 Historiae regni Leonis. Ludens peculiarem tunicam suis membris parat (sunt 1906 editiones) et hodie novum emblema exhibet. In Trophaeum Mundi, Mexici, Franciae et Norvegiae progressus est.",https://observador.pt/programas/vamos-a-bola/sporting-faz-anos-e-prepara-dois-presentes-para-os-socios/,https://bordalo.observador.pt/v2/rs:fill:770:403/c:770:433:nowe:0:0/q:70/f:webp/plain/https://s3.observador.pt/wp-content/uploads/2021/04/13151342/770-podcast-vamos-a-bola.jpg,http://web.archive.org/web/20260702072739/https://observador.pt/programas/vamos-a-bola/sporting-faz-anos-e-prepara-dois-presentes-para-os-socios/,Esta transcrição foi gerada automaticamente por Inteligência Artificial e pode conter erros ou imprecisões.Touchdown! Unbelievable! O Jornal de Desporto da Rádio Observador começa agora com a edição … [+9684 chars],,2026-07-28 03:26:09+00:00,random,,,
d3816f872161c7235593fa1fc26b1b04,2026-07-01T07:17:15Z,Storm,tempestade nas águas costeiras do norte.,observador.pt,pt,0.3,"Frankreich im Dampfwalzenmodus und der „Zauber“ der Tuga-Zwillinge. Frankreich besiegte Schweden, Gakpo punktete mühsam und Norwegen schrieb Geschichte. Die Stars des Augenblicks sind jedoch portugiesische Fans, von denen das Internet schwört, sie seien das Werk künstlicher Intelligenz.","França em modo rolo compressor e ""feitiço"" das gémeas tugas","A França esmagou a Suécia, Gakpo marcou em sofrimento e a Noruega fez história. No entanto, as estrelas do momento são adeptas portuguesas que a internet jurava serem obra da inteligência artificial.","France in steamroller mode and the ""spell"" of the Tuga twins. France crushed Sweden, Gakpo scored in suffering and Norway made history. However, the stars of the moment are Portuguese fans who the internet swore were the work of artificial intelligence.","Gallia in modum steamroller et ""cantilla"" Tuga geminos. Gallia Sueciam oppressit, Gakpo in dolore laceravit et historiam Norvegiae fecit. Attamen stellae momentaneae sunt fans Lusitani qui penitus iuraverunt opus intelligentiae artificialis fuisse.",https://observador.pt/programas/tres-toques/franca-em-modo-rolo-compressor-e-o-feitico-das-gemeas-tugas/,https://bordalo.observador.pt/v2/rs:fill:770:403/c:770:433:nowe:0:0/q:70/f:webp/plain/https://s3.observador.pt/wp-content/uploads/2025/11/06151953/770-podcast-tres-toques-2025-v2.jpg,http://web.archive.org/web/20260702033504/https://observador.pt/programas/tres-toques/franca-em-modo-rolo-compressor-e-o-feitico-das-gemeas-tugas/,"Esta transcrição foi gerada automaticamente por Inteligência Artificial e pode conter erros ou imprecisões.O Três Toques, no fundo, agora só se fala de mundial. Já há sete equipas apuradas para os oi… [+6112 chars]",,2026-07-28 03:26:09+00:00,wmo,Vanuatu,SPO,Oceania
b25fd7b39c19527037b1b5be1857224a,2026-07-05T01:13:28Z,Storm,onda de tempestade,observador.pt,pt,0.3,Die 2-Uhr-Nachrichten. Nachrichten auf Radio Observador. Was auch immer passiert.,As notícias das 2h,As notícias na Rádio Observador. Aconteça o que acontecer.,The 2am news. News on Radio Observador. Whatever happens.,In 2am nuntio. Nuntii in Radio Observatore. Quicquid fit.,https://observador.pt/programas/noticiario/as-noticias-das-2h-2341/,https://bordalo.observador.pt/v2/rs:fill:770:403/c:770:433:nowe:0:0/q:70/f:webp/plain/https://s3.observador.pt/wp-content/uploads/2026/06/15153459/770-podcast-noticiario.png,http://web.archive.org/web/20260706120613/https://observador.pt/programas/noticiario/as-noticias-das-2h-2341/,"Esta transcrição foi gerada automaticamente por Inteligência Artificial e pode conter erros ou imprecisões.As notícias com Hugo Fortunato de Oliveira. A Seleção Nacional já está em Dallas, no Texas, … [+8610 chars]",,2026-07-28 03:26:09+00:00,random,,,
89c5da6d78edd68eb93b969f35e8d1fc,2026-07-06T18:57:03Z,Storm,tempestade مملكة البحرين والمناطق المحيطة بها,www.bbc.com,pt,0.3,„Die Seleção lebt in Verleugnung“: Was das Ausscheiden gegen Norwegen über das brasilianische Fußballmodell verrät. Die Niederlage im Achtelfinale markiert Brasiliens schlechteste WM-Saison seit 1990 und verlängert die WM-Dürre,'Seleção está vivendo em negação': o que a eliminação para a Noruega revela sobre o modelo do futebol brasileiro,Derrota nas oitavas de final marca a pior campanha do Brasil em Copas desde 1990 e amplia o jejum de títulos mundiais,'Seleção is living in denial': what the elimination to Norway reveals about the Brazilian football model. Defeat in the round of 16 marks Brazil's worst World Cup campaign since 1990 and extends the world title drought,"""Seleção in negatione vivit"": quod amotio Norvegiae circa exemplar eu Brasiliensium ostendit. Clades in gyro 16 notarum Brasiliae pessimam World Cup expeditionem cum 1990 et titulum siccitatis mundi extendit",https://www.bbc.com/portuguese/articles/c982220myylo,https://ichef.bbci.co.uk/news/1200/branded_portuguese/e69d/live/81cee960-7958-11f1-b461-8fc790ffbac8.jpg,,"Crédito, Getty Images
Article Information<ul><li><ul><li>Author, Giulia Granchi</li><li>Role, Da BBC News Brasil em Nova York (NY)</li></ul></li><li></li><li></li></ul>
A eliminação do Brasil na Co… [+11326 chars]",,2026-07-28 03:26:09+00:00,wmo,Bahrain,ARP,Asia
31ae7feb1fe18e232745c8445ffc7e31,2026-07-09T16:17:07Z,Heat Wave,onda de calor aveiro,www.bbc.com,pt,0.3,"Ist Frankreich bei der WM unschlagbar? Experten weisen auf „Schwachstellen“ der Spieler hin. Frankreich ist der große Favorit auf den Gewinn der Weltmeisterschaft 2026. In Nordamerika anwesende BBC-Journalisten suchen nach Schwachstellen im französischen Team, die ihren Gegnern zugute kommen könnten.",França é imbatível na Copa? Especialistas indicam 'pontos fracos' dos jogadores,A França é a grande favorita para vencer a Copa do Mundo de 2026. Jornalistas da BBC presentes na América do Norte procuram falhas na seleção francesa que possam favorecer seus adversários.,Is France unbeatable in the World Cup? Experts indicate players' 'weak points'. France is the big favorite to win the 2026 World Cup. BBC journalists present in North America are looking for flaws in the French team that could favor their opponents.,Estne Gallia vincens in Trophaeo Mundi? periti scaenicorum indicant 'punctiones infirma'. Gallia magna ventus est ad conciliandum 2026 Trophaeum Mundi. BBC diurnarii in America Septentrionali praesentes quaerunt vitia in turma Gallica quae adversariis favere possent.,https://www.bbc.com/portuguese/articles/czrxzp41d42o,https://ichef.bbci.co.uk/news/1200/branded_portuguese/01e7/live/bfa9a080-7a85-11f1-8fe6-3170c9816b23.jpg,,"Crédito, Getty Images
Legenda da foto, Kylian Mbappé chega às quartas de final como um dos vice-artilheiros da Copa, com sete gols
Article Information<ul><li><ul><li>Author, Andy Cryer</li><li>Role… [+9328 chars]",,2026-07-28 03:26:09+00:00,wmo,Portugal,MED,Europe
c3de59aa94cd6c46bc11158d4fb4ed56,2026-07-20T00:37:51Z,Storm,tempestade bay st. Jorge,observador.pt,pt,0.3,"Der Tag, an dem der Zauberer den Staffelstab an ein ganzes Team übergab. Die Weltmeisterschaft markierte den Abschied von Persönlichkeiten, die die letzten zwei Jahrzehnte geprägt hatten. Am Ende war einer gegen alle. Und alle, die zusammen spielen, haben Messi mit 39 Jahren daran gehindert, (noch mehr) das „Unmögliche“ zu tun.",O dia em que o Mago passou a batuta a toda uma equipa,"Mundial marcou adeus de figuras que marcaram as duas últimas décadas. No final, sobrou um contra todos. E todos, que jogam como um, impediram que Messi fizesse (ainda mais) o ""impossível"" aos 39 anos.","The day the Wizard passed the baton to an entire team. The World Cup marked goodbye to figures who marked the last two decades. In the end, there was one against all. And everyone, who plays as one, prevented Messi from doing (even more) the ""impossible"" at 39 years old.","Die veneficus baculum ad equos integros transiit. Trophaeum Mundi vale figuris notatum, qui duobus anteactis decenniis notavit. Ad extremum unus contra omnes fuit. Et omnes, qui una ludit, Messi «impossibile» 39 annos facere prohibuerunt.",https://observador.pt/especiais/o-dia-em-que-o-mago-passou-a-batuta-a-toda-uma-equipa-como-a-last-dance-de-messi-se-tornou-uma-ode-ao-futebol-da-espanha/,https://wm.observador.pt/wm/l/https%3A%2F%2Fbordalo.observador.pt%2Fv2%2Frs%3Afill%3A770%3A403%2Fc%3A1500%3A841%3Anowe%3A0%3A0%2Fq%3A70%2Ff%3Awebp%2Fplain%2Fhttps%3A%2F%2Fs3.observador.pt%2Fwp-content%2Fuploads%2F2026%2F07%2F20013033%2Flionel-messi.jpg?layer=obstop:T,,"De forma inevitável, este era uma espécie de Last Dance para alguns dos jogadores que marcaram as últimas duas décadas do futebol mundial. Aliás, este era até um capítulo que muitos achavam não ser p… [+10446 chars]",,2026-07-28 03:26:09+00:00,wmo,Canada,NEN,North-America
7108b9678873559793c1c2997b1e8e28,2026-07-04T20:15:23Z,Precipitation,chuva brasil,veja.abril.com.br,pt,0.7,Die Wettervorhersage in New Jersey für die Zeit des Spiels zwischen Brasilien und Norwegen. Aufgrund von Regen und Gewittern im Stadionbereich besteht die Gefahr einer Spielunterbrechung,A previsão do tempo em Nova Jersey para a hora da partida entre Brasil e Noruega,Há risco de o jogo ser interrompido por causa das chuvas e trovoadas na região do estádio,The weather forecast in New Jersey for the time of the match between Brazil and Norway. There is a risk of the game being interrupted due to rain and thunderstorms in the stadium area,Tempestas in Nova Jersey pro tempore par inter Brasiliam et Norvegiam praesagio. Periculum est ludi interrumpere propter imbres et tonitrua in amphitheatro stadii,https://veja.abril.com.br/esporte/a-previsao-do-tempo-em-nova-jersey-para-a-hora-da-partida-entre-brasil-e-noruega/,"https://veja.abril.com.br/wp-content/uploads/2026/07/GettyImages-2283180116.jpg?quality=70&strip=info&resize=1080,565&crop=1",,"Pular para o conteúdo
Oferta Inédita: Assine por apenas 7,99Parada para hidratação: tão criticada, será bem-vinda no domingo, contra a Noruega (Michael Reaves/Getty Images)
Continua após publicidad… [+2269 chars]",,2026-07-28 03:26:09+00:00,wmo,Brazil,SAM,South-America
1df2ace86f19ecb0236bc2c09bda52c0,2026-07-01T01:15:19Z,Storm,tempestade,observador.pt,pt,0.9,"Die 2-Uhr-Nachrichten. Das Spiel, das im mythischen Azteca-Stadion stattfindet, hat aufgrund drohender Unwetter einen verspäteten Start. Noch in dieser Ausgabe sagt André Ventura, dass der Staat José Sócrates keine Entschädigung zahlen sollte.",As notícias das 2h,"O jogo, que acontece no mítico Estádio Azteca, tem o início atrasado devido a uma ameaça de tempestade. Ainda nesta edição, André Ventura diz que o Estado não deve pagar indemnização a José Sócrates.","The 2am news. The game, which takes place at the mythical Azteca Stadium, has a delayed start due to a threat of storms. Still in this edition, André Ventura says that the State should not pay compensation to José Sócrates.","In 2am nuntio. Ludus, qui in stadio azteca fabuloso fit, initium morae habet propter procellas minas. Adhuc in hac editione, André Ventura dicit rem publicam satisfacere José Socrati non debere.",https://observador.pt/programas/noticiario/as-noticias-das-2h-2338/,https://bordalo.observador.pt/v2/rs:fill:770:403/c:770:433:nowe:0:0/q:70/f:webp/plain/https://s3.observador.pt/wp-content/uploads/2026/06/15153459/770-podcast-noticiario.png,,"Esta transcrição foi gerada automaticamente por Inteligência Artificial e pode conter erros ou imprecisões.Duas horas. As notícias com Ricardo Lopes.
Muito boa noite. As altas temperaturas vão se ma… [+8051 chars]",,2026-07-28 03:26:09+00:00,wmo,Bahrain,ARP,Asia
6689048c829a8d906eae7b55361ce456,2026-07-03T20:02:09Z,Heat Wave,calor,esporte.ig.com.br,pt,0.9,"Extreme Hitze droht Duell zwischen Frankreich und Paraguay; verstehen. Der Nationale Wetterdienst der Vereinigten Staaten prognostiziert eine Hitzewelle, die die Temperaturen an der Ostküste des Landes von 37,7 °C auf 46,11 °C ansteigen lassen könnte",Calor extremo ameaça duelo entre França e Paraguai; entenda,"Serviço Nacional de Meteorologia dos Estados Unidos prevê onda de calor que pode elevar temperaturas de 37,7 °C a 46,11 °C na costa leste do país",Extreme heat threatens duel between France and Paraguay; understand. United States National Weather Service predicts heat wave that could raise temperatures from 37.7 °C to 46.11 °C on the east coast of the country,Extremus calor duellum inter Galliam et Paraguaiam minatur; intellige. Iunctus Civitas National Tempestatem Service praedicat undam caloris qui ex 37.7 °C temperaturis ad 46.11 °C ad orientalem plagam regionis,https://esporte.ig.com.br/futebol/2026-07-03/calor-extremo-ameaca-duelo-entre-franca-paraguai-entenda.html,https://i0.statig.com.br/bancodeimagens/be/za/fm/bezafml3xgh0v51ecq2ncc934.jpg,,"A partida entre França e Paraguai, neste sábado (4), pelas oitavas de final da Copa do Mundo, corre risco de ser adiada pelo calor extremo na costa leste dos Estados Unidos. O duelo está marcado para… [+2226 chars]",,2026-07-28 03:26:09+00:00,random,,,
23215b2cc0e217ae8cd00633b7f50838,2026-07-19T09:17:43Z,Storm,nevasca,turismo.ig.com.br,pt,0.7,"Chile: Bei Schneefall sitzen brasilianische Touristen im Valle Nevado fest. Die Zufahrtsstraßen zur Region waren wetterbedingt gesperrt; Brasilianer meldet Befürchtungen, nach Brasilien zurückkehren zu können",Chile: Nevasca deixa turistas brasileiros presos no Valle Nevado,Estradas de acesso à região foram fechadas por causa das condições climáticas; brasileiro relata apreensão para conseguir retornar ao Brasil,Chile: Snowfall leaves Brazilian tourists stranded in Valle Nevado. Access roads to the region were closed due to weather conditions; Brazilian reports apprehension about being able to return to Brazil,Chile: Snowfall folia peregrinatores Brasiliensium in Valle Nevado destitutus. Obvius viae regionis clausae ob tempestatum; Narrationes Brasilianae apprehensionem in Brasiliam redire possunt,https://turismo.ig.com.br/colunas/vitor-vianna/2026-07-19/chile--nevasca-deixa-turistas-brasileiros-presos-no-valle-nevado.html,https://i0.statig.com.br/bancodeimagens/cg/nb/um/cgnbumwxqsafv0g1832xec0jx.jpg,,"A forte nevasca que atinge a região da Cordilheira dos Andes deixou turistas temporariamente presos em Valle Nevado, um dos destinos de inverno mais procurados pelos brasileiros no Chile. Com as estr… [+7272 chars]",,2026-07-28 12:04:21+00:00,random,,,
5791bd009c8db22a84bdaa1770e80ae0,2026-07-10T12:33:01Z,Earthquake,terremoto,www.terra.com.br,pt,0.9,"Die FIFA spendet 5 Millionen R$ an Erdbebenopfer in Venezuela. Der Betrag stammt aus dem humanitären Fonds, der von der Organisation eingerichtet wurde, um von Katastrophen betroffenen Menschen zu helfen. Die Zahl der Todesopfer durch die Erschütterungen erreichte fast 4.000",Fifa vai doar R$ 5 milhões às vítimas de terremoto na Venezuela,Quantia é oriunda de fundo humanitário criado pela entidade para ajudar pessoas afetadas por desastres; número de mortos em decorrência dos tremores chegou a quase 4 mil,"FIFA will donate R$5 million to earthquake victims in Venezuela. The amount comes from the humanitarian fund created by the entity to help people affected by disasters; The death toll from the tremors reached almost 4,000","FIFA victimas terrae motus in Venetiola donabit R$5 miliones. Copia ex fisco humanitario creato ab ente ad subveniendum hominibus calamitatibus affectis; Thelonei mortis ex tremoribus fere 4,000 . pervenerunt","https://www.terra.com.br/esportes/futebol/fifa-vai-doar-r-5-milhoes-as-vitimas-de-terremoto-na-venezuela,87f61252a9f540e80dda68b5b1989dbdbvzqpbk2.html",https://p2.trrsf.com/image/fget/cf/1200/630/middle/images.terra.com/2026/07/10/413623719-frvvwzagj5aptkncbupfuexori.jpg,,"A Fifa anunciou que irá destinar US$ 1 milhão (aproximadamente R$ 5 milhões) para as vítimas do terremoto na Venezuela. Segundo a entidade máxima do futebol, os recursos fornecerão assistência humani… [+2879 chars]",,2026-07-28 21:16:51+00:00,random,,,
e5f541084b30afae44b70df45fa66e01,2026-07-01T13:00:38Z,Earthquake,terremoto fais,super.abril.com.br,pt,0.3,"500 Jahre alte Chips? In Peru gibt es gefriergetrocknete Inka-Lebensmittel. Archäologen haben eine seltene Spur von Chuño gefunden, einer leichteren und haltbareren Trockenkartoffel, die von den Andenvölkern vor der Ankunft der Spanier produziert wurde",Batatinhas de 500 anos? Alimento inca liofilizado é encontrado no Peru,"Arqueólogos encontraram um raro vestígio do chuño, uma batata desidratada mais leve e durável, produzida pelos povos andinos antes da chegada dos espanhóis","500 year old chips? Freeze-dried Inca food is found in Peru. Archaeologists have found a rare trace of chuño, a lighter and more durable dried potato, produced by Andean peoples before the arrival of the Spanish","D annos natus xxxiii? Frigidus Incapax cibus in Peruvia invenitur. Archaeologi rarum vestigium chuño, levioris et durioris annui exsiccati, ab Andean populis ante adventum Hispanicorum productum invenere.",https://super.abril.com.br/historia/batatinhas-de-500-anos-alimento-inca-liofilizado-e-encontrado-no-peru/,"https://super.abril.com.br/wp-content/uploads/2026/06/0107-petiscos-deposito-inca-layout_site-CAPA.jpg?quality=70&strip=info&resize=1080,565&crop=1",,"No clima da Copa: Super por apenas 9,90 (L. M. Valdez via Journal of Field Archaeology/Divulgação)
Continua após publicidade
<ul><li>Descubra o chuño, a batata liofilizada criada pelos Incas na Cor… [+3447 chars]",,2026-07-29 03:27:53+00:00,usgs,Micronesia,NPO,Pacific Ocean
63559df0614424ccab05f89cbb666d2a,2026-07-01T13:42:28Z,Tropical Cyclone,tempestade tropical higos,www.metropoles.com,pt,0.3,In einer Inka-Lagerstätte in Peru werden 500 Jahre alte gefriergetrocknete Kartoffeln gefunden. Die gefriergetrockneten Kartoffeln wurden zusammen mit einem Stück Inka-Keramik und einem Werkzeug in einem im Boden vergrabenen Tontopf gefunden.,Batatas liofilizadas de 500 anos são achadas em depósito inca no Peru,"As batatas liofilizadas achadas estavam em vaso de barro enterrado no chão, junto de um pedaço de cerâmica inca e uma ferramenta","500-year-old freeze-dried potatoes are found in an Inca deposit in Peru. The freeze-dried potatoes were found in a clay pot buried in the ground, along with a piece of Inca pottery and a tool.","D potatoes in Incapa depositum in Peruviae annorum duratum siccatum reperiuntur. Tubera solani aridae in olla fictili humo defossa inventae sunt, una cum frustula incapax fictilis et instrumentum.",https://www.metropoles.com/ciencia/batatas-liofilizadas-no-peru,https://i.metroimg.com/ZgS1HYilk8o8XCcWbENjoIhDeAIYYEnZAt1-8iKDnEM/rs:fill:1200:800:1/g:no/q:85/f:webp/plain/https://images.metroimg.com/2026/07/batatas-lifiolizadas.jpg,,"Ao investigar um depósito inca, arqueólogos encontraram duas batatas liofilizadas datadas de cerca de 500 anos. O achado ocorreu em Tambo Viejo, um sítio arqueológico localizado no Peru, e, segundo o… [+1814 chars]",,2026-07-29 03:27:53+00:00,eonet,,NPO,Pacific Ocean
0cda3794da1446f0bc6fda467e6333c0,2026-07-09T12:29:18Z,Precipitation,precipitação portugal,valor.globo.com,pt,0.2,"Der Iran begräbt den bei einem Angriff getöteten Obersten Führer nach tagelangen Trauerfeierlichkeiten. Inmitten eskalierender Spannungen mit den Vereinigten Staaten hat Iran am Donnerstag seinen zu Beginn des Krieges getöteten obersten Führer, Ayatollah Ali Khamenei, im heiligsten Schrein des Landes beerdigt. Die Beerdigung in Mashhad erfolgt nach tagelangen Trauerfeiern und…",Irã enterra líder supremo morto em ataque após dias de celebrações fúnebres,"Em meio à escalada de tensões com os Estados Unidos, o Irã enterrou nesta quinta-feira seu líder supremo morto no início da guerra, o aiatolá Ali Khamenei, no mais sagrado santuário do país. O sepultamento em Mashhad ocorre após dias de celebrações fúnebres e…","Iran buries supreme leader killed in attack after days of funeral celebrations. Amid escalating tensions with the United States, Iran this Thursday buried its supreme leader killed at the start of the war, Ayatollah Ali Khamenei, in the country's holiest shrine. The burial in Mashhad comes after days of funeral celebrations and…","Irania summum ducem sepelit et post dies funebres in oppugnatione occisus est. Inter contentiones cum Civitatibus Americae Unitis evolutionis, Irania hoc Iovis summum ducem suum in initio belli occisum sepelivit, Ayatollah Ali Khamenei, in sacello patriae sanctissimo. Sepultura in Mashhad venit post dies exsequiarum et…",https://valor.globo.com/mundo/noticia/2026/07/09/ir-enterra-lder-supremo-morto-em-ataque-aps-dias-de-celebraes-fnebres.ghtml,https://s2-valor.glbimg.com/ezGFt11GgATilpnGWmI_sA4BacE=/1200x/smart/filters:cover():strip_icc()/i.s3.glbimg.com/v1/AUTH_63b422c2caee4269b8b34177e8876b93/internal_photos/bs/2026/S/x/WkBAJ3S46WATOQTzGbtg/2026-07-09t121802z-712753279-rc2bama8adma-rtrmadp-3-iran-crisis-khamenei.jpg,,"Em meio à escalada de tensões com os Estados Unidos, o Irã enterrou nesta quinta-feira seu líder supremo morto no início da guerra, o aiatolá Ali Khamenei, no mais sagrado santuário do país. O sepult… [+4596 chars]",,2026-07-30 16:43:30+00:00,wmo,Portugal,MED,Europe
80b228f3939378f885fbc697b9268850,2026-07-02T19:32:21Z,Heat Wave,calor,veja.abril.com.br,pt,0.9,"Wärmegefühl von 39 °C: Für das Spiel zwischen Brasilien und Norwegen sind hohe Temperaturen vorhergesagt. Die Stadt des Stadions, in dem die Mannschaften spielen werden, steht unter extremer Hitzewarnung",Sensação térmica de 39ºC: jogo Brasil x Noruega tem previsão de altas temperaturas,Cidade do estádio onde jogarão as seleções está sob alerta de calor extremo,Thermal sensation of 39ºC: Brazil x Norway game has high temperatures forecast. City of the stadium where the teams will play is under extreme heat alert,Sensus scelerisque 39ºC: Brazil x Norvegiae lusus altae temperaturae praenuntientur. Civitas stadii ubi iugis ludet sub nimio calore erectus est,https://veja.abril.com.br/esporte/sensacao-termica-de-39oc-jogo-brasil-x-noruega-tem-previsao-de-altas-temperaturas/,"https://veja.abril.com.br/wp-content/uploads/2026/07/GettyImages-2281410898.jpg?quality=70&strip=info&resize=1080,565&crop=1",,"Pular para o conteúdo
Oferta Inédita: Assine por apenas 7,99Brasil jogou no estádio de Nova York e Nova Jersey na estreia contra Marrocos e volta para enfrentar a Noruega nas oitavas de final (Rob N… [+2136 chars]",,2026-07-30 16:43:30+00:00,random,,,
7584e1219c9a0c4746bcf30fd0578b7c,2026-07-04T14:12:53Z,Heat Wave,calor,observador.pt,pt,0.9,"Bei 40°C, Tricks und Rechte für alle, die im Freien arbeiten. Wenn das Thermometer 40°C erreicht, gibt es Menschen, die der sengenden Hitze nicht entkommen können. Das Gesetz schützt Arbeitnehmer vor allgemeinen Risiken, legt jedoch keine meteorologischen Bedingungen fest. Die Produktivität sinkt letztendlich.","Com 40°C, truques e direitos de quem trabalha ao ar livre","Quando o termómetro bate nos 40º, há quem não possa fugir do calor escaldante. A lei protege trabalhadores de riscos gerais, mas não específica condições meteorológicas. Produtividade acaba a descer.","At 40°C, tricks and rights for those who work outdoors. When the thermometer hits 40º, there are those who cannot escape the scorching heat. The law protects workers from general risks, but does not specify meteorological conditions. Productivity ends up going down.","In XL°C, dolis et iuribus illis qui foris laborant. Cum thermometrum percusserit 40º, sunt qui ardorem ardorem effugere non possunt. Operarios lex a periculis communibus defendit, sed condiciones meteorologicas non definit. Uber descensus descendit.",https://observador.pt/especiais/os-direitos-e-truques-de-quem-nao-pode-fugir-dos-40o-a-trabalhar-lei-protege-pouco-das-ondas-de-calor-que-estao-para-ficar/,https://wm.observador.pt/wm/l/https%3A%2F%2Fbordalo.observador.pt%2Fv2%2Frs%3Afill%3A770%3A403%2Fc%3A4096%3A2297%3Anowe%3A0%3A0%2Fq%3A70%2Ff%3Awebp%2Fplain%2Fhttps%3A%2F%2Fs3.observador.pt%2Fwp-content%2Fuploads%2F2026%2F07%2F02190712%2Fgettyimages-2283725600-scaled.jpg?layer=obstop:T,,"Assim, quando a agência meteorológica estatal espanhola emite alertas laranja ou vermelho, os empregadores são obrigados a ajustar o horário para acautelar que trabalhadores que cumprem funções ao ar… [+6684 chars]",,2026-07-30 16:43:30+00:00,random,,,
426ac5ff75d49dd2d456d3b6cc6d7ea1,2026-07-07T11:00:01Z,Heat Wave,calor,super.abril.com.br,pt,0.9,"Je heißer es ist, desto weniger Karten: der merkwürdige Einfluss der Temperatur auf den Fußball. Eine Studie mit fast einer Million Spielen zeigt, dass extreme Hitze die Karten auf dem Spielfeld reduziert, im Gegensatz zu früheren Untersuchungen.","Quanto mais calor, menos cartões: o curioso efeito da temperatura no futebol","Estudo com quase 1 milhão de jogos revela que o calor extremo reduz os cartões em campo, contrariando o que pesquisas anteriores indicavam.","The hotter it is, the fewer cards: the curious effect of temperature on football. A study of almost 1 million games reveals that extreme heat reduces cards on the field, contrary to what previous research indicated.","Calidior est, chartarum pauciores: curiosus effectus eu tortor. Meditatio ludorum circiter 1 milium decies centena milia ostendit quod calor extremus chartas in campo minuit, contra quam antea investigationes indicaverunt.",https://super.abril.com.br/ciencia/quanto-mais-calor-menos-cartoes-o-curioso-efeito-da-temperatura-no-futebol/,"https://super.abril.com.br/wp-content/uploads/2026/07/0707-faltas-futebol-layout_site.jpg?quality=70&strip=info&resize=1080,565&crop=1",,"No clima da Copa: Super por apenas 9,90 (Dan Mullan/Getty Images)
Continua após publicidade
<ul><li>Uma nova pesquisa desafia a crença popular: dias quentes diminuem a agressividade em campo. Anali… [+3816 chars]",,2026-07-30 16:43:30+00:00,random,,,
afc3e38e5bc0301ccb6ba98caca010a0,2026-07-23T14:07:26Z,Heat Wave,calor,www.bbc.com,pt,0.9,"Auch sie kommen damit nicht zurecht: Afrikanische Kamele leiden unter der übermäßigen Hitze in der Wüste. Schäfer und Experten berichten der BBC, wie sich extreme Hitze auf Dromedare in Afrika auswirkt.",Nem eles aguentam: camelos africanos sofrem com calor excessivo no deserto,Pastores e especialistas contam à BBC como o calor extremo está afetando dromedários na África.,Even they can't handle it: African camels suffer from excessive heat in the desert. Shepherds and experts tell the BBC how extreme heat is affecting dromedaries in Africa.,Etiam tractare non possunt: ​​Africani cameli nimio calore in eremo laborant. Pastores et periti narrant BBC quomodo calor extremus dromedarios in Africa afficit.,https://www.bbc.com/portuguese/articles/c5yd7gye10yo,https://ichef.bbci.co.uk/news/1200/branded_portuguese/0d00/live/a41b6b40-85f8-11f1-b976-0b9c15b0ccfc.jpg,,"Crédito, Reuters
Legenda da foto, Ao longo dos anos, criadores de gado no Chifre da África e no Norte da África passaram a criar camelos por causa da resistência desses animais ao calor e à seca
Ar… [+10114 chars]",,2026-07-30 16:43:30+00:00,random,,,
faff6388e048fad61d90ae73feaa034a,2026-07-29T00:28:17Z,Storm,tornado,www.terra.com.br,pt,0.7,"VIDEO: Tornado verwüstet Gemeinden und hinterlässt Verletzte im Nordwesten von Rio Grande do Sul. Phänomen im Zusammenhang mit einem Supercell-Hit Giruá, Sete de Setembro und Senator Salgado Filho am späten Nachmittag dieses Dienstags",VÍDEO: Tornado devasta comunidades e deixa feridos no Noroeste do Rio Grande do Sul,"Fenômeno associado a uma supercélula atingiu Giruá, Sete de Setembro e Senador Salgado Filho no fim da tarde desta terça-feira","VIDEO: Tornado devastates communities and leaves injured in the Northwest of Rio Grande do Sul. Phenomenon associated with a supercell hit Giruá, Sete de Setembro and Senador Salgado Filho in the late afternoon of this Tuesday","VIDEO: Turbo Communitates vastat ac laesa relinquit in Rio Grande do Sul in circio circii. Phaenomenon cum supercello hit Giruá, Sete de Setembro et Senador Salgado Filho in sero post meridiem huius Martis","https://www.terra.com.br/noticias/previsao-do-tempo/video-tornado-devasta-comunidades-e-deixa-feridos-no-noroeste-do-rio-grande-do-sul,fa71b1f1a7e0e08495b335abdad967cah5ye03bk.html",https://p2.trrsf.com/image/fget/cf/1200/630/middle/images.terra.com/2026/07/29/392081714-tornado.jpg,,A passagem de um tornado causou rastro de destruição e mobilizou equipes de emergência na Região Noroeste do estado no fim da tarde desta terça-feira (28). O evento meteorológico extremo afetou diret… [+1174 chars],,2026-07-30 21:20:25+00:00,random,,,
8695b9c5038174c918e0b5e4612871ad,2026-07-29T00:56:43Z,Storm,tornado,olhardigital.com.br,pt,0.9,"Tornado trifft RS; Meteorologen warnen vor neuen Phänomenen. Das Phänomen ereignete sich inmitten einer Episode starker atmosphärischer Instabilität, die den Staat beeinträchtigt und in den kommenden Stunden noch zur Bildung neuer Tornados führen könnte.
Der Beitrag Tornado trifft RS; Meteorologen warnen vor neuen Phänomenen, die erstmals auf Olh auftraten …",Tornado atinge RS; meteorologistas alertam para novos fenômenos,"Fenômeno ocorreu em meio a episódio de forte instabilidade atmosférica que atinge o Estado e que ainda pode favorecer formação de novos tornados nas próximas horas
O post Tornado atinge RS; meteorologistas alertam para novos fenômenos apareceu primeiro em Olh…","Tornado hits RS; meteorologists warn of new phenomena. The phenomenon occurred in the midst of an episode of strong atmospheric instability that is affecting the state and which could still encourage the formation of new tornadoes in the coming hours.
The post Tornado hits RS; meteorologists warn of new phenomena appeared first on Olh…","Pollucis ferit RS; astrologi nova phaenomena monent. Phaenomenon inter evenit inter eventus fortissimae instabilitatis atmosphaericae quae statum afficit et quod adhuc fovere potuit formationes novorum turbines in adventus horae.
Post Pollucis ferit RS; astrologi monent phaenomena novarum primum apparuit in Olh…",https://olhardigital.com.br/2026/07/28/ciencia-e-espaco/tornado-atinge-rs-meteorologistas-alertam-para-novos-fenomenos/,https://olhardigital.com.br/wp-content/uploads/2026/07/tornado.jpg,,"Um tornado atingiu o município de Senador Salgado Filho, no Noroeste do Rio Grande do Sul, no início da noite desta terça-feira (28), provocando danos em diversas residências e mobilizando equipes da… [+3262 chars]",,2026-07-30 21:20:25+00:00,random,,,
301a777f1ff5984c34c1a6e00645d27e,2026-07-29T20:00:23Z,Cold Wave,queda de temperatura,veja.abril.com.br,pt,0.9,"Wettervorhersage: Kaltfront bringt am Donnerstag, den 30., Regen in Gebiete von São Paulo. In der Hauptstadt São Paulo wird es viele Wolken, einen Temperaturabfall und maximal 24°C geben","Previsão do tempo: frente fria leva chuva a áreas de São Paulo nesta quinta, 30","Capital paulista terá muitas nuvens, queda de temperatura e máxima de 24°C","Weather forecast: cold front brings rain to areas of São Paulo this Thursday, 30th. The capital of São Paulo will have many clouds, a drop in temperature and a maximum of 24°C","Tempestas praenuntiet: frons frigida locis São Paulo pluviam hanc die Iovis, XXX. Caput Sancti Pauli multas nubes habebit, guttam caliditatis et maximam 24°C",https://veja.abril.com.br/agenda-verde/previsao-do-tempo-frente-fria-leva-chuva-a-areas-de-sao-paulo-nesta-quinta-30/,"https://veja.abril.com.br/wp-content/uploads/2024/12/chuva_sp_1_1.webp?resize=1080,565&crop=1",,"Pular para o conteúdo
Oferta Dia dos Pais: Receba 4 Revistas em casa por 32,90Oferta Dia dos Pais: Receba 4 Revistas em casa por 32,90
 (Paulo Pinto/Agência Brasil)
Continua após publicidade
<ul>… [+6331 chars]",,2026-07-30 21:20:25+00:00,random,,,
decfcc5c7d2734860f7bc7d10731cee1,2026-07-22T17:48:31Z,Heat Wave,calor,valor.globo.com,pt,0.9,"Spanien und Frankreich bekämpfen Waldbrände, in Südeuropa herrscht starke Hitze. Feuerwehrleute, die Waldbrände in Spanien und Frankreich bekämpfen, sagten am Mittwoch, dass das Risiko neuer Ausbrüche in den kommenden Tagen weiterhin sehr hoch sei, obwohl ein Großbrand in der spanischen Provinz Guadalajara im Zentrum des Landes weiterhin besteht.","Espanha e França combatem incêndios florestais, e calor intenso atinge sul da Europa","Bombeiros que combatem incêndios florestais na Espanha e na França afirmaram nesta quarta-feira que o risco de novos focos nos próximos dias permanece muito elevado, embora um grande incêndio na província espanhola de Guadalajara, no centro do país, tenha per…","Spain and France are fighting forest fires, and intense heat hits southern Europe. Firefighters fighting forest fires in Spain and France said on Wednesday that the risk of new outbreaks in the coming days remains very high, although a large fire in the Spanish province of Guadalajara, in the center of the country, has remained…","Hispania et Gallia incendiis silvestribus pugnant, et aestus intensus Europam australem pervenit. Firefighters Incendia silvestria pugnantes in Hispania et Gallia die Mercurii dixit periculum novorum tumultuum in diebus adventus altissimum manere, quamvis magnus ignis in provincia Hispaniae Guadalaiaraensi in media regione permanserit….",https://valor.globo.com/mundo/noticia/2026/07/22/espanha-e-frana-combatem-incndios-florestais-e-calor-intenso-atinge-sul-da-europa.ghtml,https://s2-valor.glbimg.com/XxI4uMH-96pZ1aMN_3yRsfN1aQI=/1200x/smart/filters:cover():strip_icc()/i.s3.glbimg.com/v1/AUTH_63b422c2caee4269b8b34177e8876b93/internal_photos/bs/2026/9/w/oW8VijQomN4KmHtNVzgA/2026-07-21t190143z-1821655845-rc2fimansnam-rtrmadp-3-europe-weather-spain-wildfire.jpg,,"Bombeiros que combatem incêndios florestais na Espanha e na França afirmaram nesta quarta-feira que o risco de novos focos nos próximos dias permanece muito elevado, embora um grande incêndio na prov… [+5463 chars]",,2026-07-31 03:43:13+00:00,random,,,
03907b541f663db6ab2ebcc66583726d,2026-07-08T11:15:19Z,Storm,tempestade Nova Zelândia,observador.pt,pt,0.3,Die 12-Uhr-Nachrichten. Nachrichten auf Radio Observador. Was auch immer passiert.,As notícias das 12h,As notícias na Rádio Observador. Aconteça o que acontecer.,The 12pm news. News on Radio Observador. Whatever happens.,12pm nuntium. Nuntii in Radio Observatore. Quicquid fit.,https://observador.pt/programas/noticiario/as-noticias-das-12h-2380/,https://bordalo.observador.pt/v2/rs:fill:770:403/c:770:433:nowe:0:0/q:70/f:webp/plain/https://s3.observador.pt/wp-content/uploads/2026/06/15153459/770-podcast-noticiario.png,,"Esta transcrição foi gerada automaticamente por Inteligência Artificial e pode conter erros ou imprecisões.O Jornal do Meio-Dia. E abrimos este Jornal do Meio-Dia, que está em edição do Miguel Videra… [+9445 chars]",,2026-07-31 07:58:51+00:00,wmo,New Zealand,NZ,Oceania
e65f66548b5cd52c42aaddaac5d34fcc,2026-07-03T12:48:09Z,Insect Infestation,gafanhoto,observador.pt,pt,0.3,"Die Geschichte gegen diejenigen, die fliegen: die harte Konkurrenz von Pogacar. Die 113. Tour de France verspricht eine der engsten aller Zeiten zu werden ... von Anfang an. Pogacar strebt seinen fünften Sieg gegen einen Vingegaard auf dem Niveau seiner Bestzeiten an. Debüt von Seixas und Del Toro.",A história contra quem voa: a feroz concorrência de Pogacar,A 113.ª Volta a França promete ser das mais renhidas de sempre... à partida. Pogacar vai em busca da quinta vitória frente a um Vingegaard ao nível dos melhores tempos. Seixas e Del Toro estreiam-se.,The story against those who fly: the fierce competition of Pogacar. The 113th Tour de France promises to be one of the closest ever... from the start. Pogacar is looking for his fifth victory against a Vingegaard at the level of his best times. Seixas and Del Toro debut.,Historia contra eos qui volant: Pogacar certamen acerbum. CXIII Tour de France promittit se semper ab incepto unum artissimum esse. Pogacar quintam victoriam contra Vingegaard in gradu optimorum temporum quaerit. Seixas et Del Toro debut.,https://observador.pt/especiais/a-historia-a-frente-de-quem-vive-para-a-historia-o-canibal-que-esta-a-voar-e-o-miudo-maravilha-pogacar-com-concorrencia-feroz-no-tour/,https://wm.observador.pt/wm/l/https%3A%2F%2Fbordalo.observador.pt%2Fv2%2Frs%3Afill%3A770%3A403%2Fc%3A4096%3A2306%3Anowe%3A0%3A136%2Fq%3A70%2Ff%3Awebp%2Fplain%2Fhttps%3A%2F%2Fs3.observador.pt%2Fwp-content%2Fuploads%2F2026%2F06%2F30153836%2Fgettyimages-2227276466-scaled.jpg?layer=obstop:T,,"A Grand Départ transformou-se numa espécie de Gran Partida. Três anos depois, a Volta a França vai voltar a sair de Espanha, com a Catalunha a suceder a Bilbau na lista de partidas da Grande Boucle e… [+14823 chars]",,2026-08-01 03:42:12+00:00,random,,,
e97d115d5ad1720c655addc286503d58,2026-07-22T15:42:37Z,Heat Wave,verão mais quente,observador.pt,pt,0.9,"Das Mittelmeer ist wärmer als die Karibik und es gibt tropische Fische. Es mag zum Tauchen gut sein, aber diese Meereshitze ist keine gute Nachricht für Wissenschaftler. Der Sommer geht hier mit Schluckauf weiter: Hitze, Kälte und Hitze. Und die Donau versiegt.",Mediterrâneo mais quente que Caraíbas e com peixes tropicais,"Pode saber bem para os mergulhos, mas não é uma boa notícia para os cientistas este calor marinho. O Verão por cá, esse continua aos soluços: calor, frio e calor. E o Danúbio está a ficar seco.","Mediterranean warmer than Caribbean and with tropical fish. It may be good for diving, but this marine heat is not good news for scientists. Summer around here continues with hiccups: heat, cold and heat. And the Danube is running dry.","Mediterranei calidiores Caribici et tropici pisces. Bonum tribuo, sed hic calor marinus non est bonum nuntii docti. Aestas hic circa singultum prosequitur: calor, frigus et calor. et Danuvius siccus currit.",https://observador.pt/programas/quente-e-frio/mediterraneo-mais-quente-que-caraibas-e-com-peixes-tropicais/,https://bordalo.observador.pt/v2/rs:fill:770:403/c:770:433:nowe:0:0/q:70/f:webp/plain/https://s3.observador.pt/wp-content/uploads/2026/07/02151502/770-podcast.jpg,,"Esta transcrição foi gerada automaticamente por Inteligência Artificial e pode conter erros ou imprecisões.Olá, boa tarde, Filomena. Vamos então olhar para o tempo. Confirma-se mesmo o nome do progra… [+8872 chars]",,2026-08-01 03:42:12+00:00,random,,,
d78138f17161b5741c82327d6915287e,2026-07-02T12:57:43Z,Thunderstorm,granizo Sérvia,observador.pt,pt,0.3,"Portugal x Kroatien: Beginnt die Weltmeisterschaft in der K.-o.-Phase richtig? Nach einer schwierigen Gruppenphase steht das Team nun vor einer entscheidenden Prüfung. Reichen die veränderte Einstellung und die defensiven Anpassungen auf der linken Seite aus, um die kroatische Mannschaft zu schlagen?",Portugal x Croácia: o Mundial começa a sério no mata-mata?,"Após uma fase de grupos difícil, a seleção enfrenta agora um teste decisivo. A mudança de atitude e os ajustes defensivos no lado esquerdo chegam para vencer a equipa croata?","Portugal x Croatia: does the World Cup start in earnest in the knockout stage?. After a difficult group stage, the team now faces a decisive test. Are the change in attitude and defensive adjustments on the left side enough to beat the Croatian team?","Portugal x Croatia: an Mundus Calicem serio incipit in pulso pulso? Post scaenam coetus difficilis, turma nunc certae probationis spectat. Suntne mutatio habitus et accommodationes defensivae in latere sinistro satis ut turmam Croaticam percuterent?",https://observador.pt/programas/e-o-campeao-e/portugal-x-croacia-o-mundial-comeca-a-serio-no-mata-mata/,https://bordalo.observador.pt/v2/rs:fill:770:403/c:770:433:nowe:0:0/q:70/f:webp/plain/https://s3.observador.pt/wp-content/uploads/2025/05/26101208/770-podcast-e-o-campeao-e-betclic-1.jpg,,"Esta transcrição foi gerada automaticamente por Inteligência Artificial e pode conter erros ou imprecisões.Inglaterra, Bélgica e Estados Unidos seguem em frente no Mundial. Congo, Senegal e Bósnia re… [+15637 chars]",,2026-08-02 11:23:05+00:00,wmo,Serbia,MED,Europe
14569c2c29b89d9582f58c849c4d7a03,2026-07-20T23:20:11Z,Precipitation,chuva forte,www.terra.com.br,pt,0.7,Regenfälle führen zu Überschwemmungen und in den Straßen von Imbé werden Alligatoren gesichtet. Die an diesem Montag (20) registrierten starken Regenfälle verursachten einen Überlauf von...,Chuvas causam alagamentos e jacaré é avistado pelas ruas de Imbé,As fortes precipitações registradas nesta segunda-feira (20) provocaram o transbordamento de ...,Rains cause flooding and alligators are seen in the streets of Imbé. The heavy rainfall recorded this Monday (20) caused the overflow of...,Pluviis causa inundationes et alligatores in plateis Imbe apparent. Imbribus gravibus hanc Lunae (20) abundantiam commemoravit.,"https://www.terra.com.br/noticias/chuvas-causam-alagamentos-e-jacare-e-avistado-pelas-ruas-de-imbe,17b62165a4bcb6d90f66723106f113a6c6yx0gsp.html",https://p2.trrsf.com/image/fget/cf/1200/630/middle/images.terra.com/2026/07/20/2003253521-jacare.jpg,,"As fortes precipitações registradas nesta segunda-feira (20) provocaram o transbordamento de vias e alagamentos em diversos pontos do município de Imbé, no Litoral Norte do Rio Grande do Sul. Em meio… [+1188 chars]",,2026-08-02 21:04:20+00:00,random,,,
300e2f346d87ec1b07438886f178456d,2026-07-28T11:37:36Z,Precipitation,chuva forte,www.terra.com.br,pt,0.8,"Der Sturm zerstört rund 200 Häuser und wirft in Osório Masten und Bäume um. Der Zivilschutz verteilt Planen an die Bewohner, während die Gemeinde weiterhin vor starkem Regen und starkem Wind gewarnt wird.",Temporal destelha cerca de 200 casas e derruba postes e árvores em Osório,Defesa Civil distribui lonas aos moradores enquanto município segue sob alertas de chuva intensa e ventos fortes.,The storm destroys around 200 houses and knocks down poles and trees in Osório. Civil Defense distributes tarpaulins to residents while the municipality remains under warnings of intense rain and strong winds.,"Tempestas circa 200 domos destruit et polos et arbores in Osorio destruit. Civilis defensionis incolas tarpaulinos distribuit, dum municipium monitis ingentibus pluviae et ventis validis manet.","https://www.terra.com.br/noticias/previsao-do-tempo/temporal-destelha-cerca-de-200-casas-e-derruba-postes-e-arvores-em-osorio,7e2cb38fb41de1d48e207aae114fd1ebalal4yxh.html",https://p2.trrsf.com/image/fget/cf/1200/630/middle/images.terra.com/2026/07/28/55799085-osorio.jpeg,,"O temporal que atingiu Osório, no Litoral Norte do Rio Grande do Sul, entre a tarde e a noite de segunda-feira (27), deixou um rastro de destruição no município.
De acordo com a Defesa Civil, cerca … [+576 chars]",,2026-08-02 21:04:20+00:00,random,,,
09a16fba57db0c324186cdd42ae2b2ce,2026-07-28T13:40:14Z,Thunderstorm,granizo,olhardigital.com.br,pt,0.9,"Alarmstufe Rot: In Rio Grande do Sul könnte es mehr als 100 mm regnen. Inmet warnt vor starkem Regen, Hagel und Stürmen im Süden, während Gebiete in Brasilien in den kommenden Tagen mit Hitze und niedriger Luftfeuchtigkeit konfrontiert sind.
Der Beitrag Alarmstufe Rot: In Rio Grande do Sul könnte der Regen 100 mm überschreiten erschien zuerst auf Olhar Digital.",Alerta vermelho: chuva pode passar de 100 mm no Rio Grande do Sul,"Inmet alerta para chuva intensa, granizo e tempestades no Sul, enquanto áreas do Brasil enfrentam calor e baixa umidade nos próximos dias.
O post Alerta vermelho: chuva pode passar de 100 mm no Rio Grande do Sul apareceu primeiro em Olhar Digital.","Red alert: rain could exceed 100 mm in Rio Grande do Sul. Inmet warns of intense rain, hail and storms in the South, while areas of Brazil face heat and low humidity in the coming days.
The post Red alert: rain could exceed 100 mm in Rio Grande do Sul appeared first on Olhar Digital.","Rubrae erectae: pluvia 100 mm in Rio Grande do Sul superare potuit. Inmet admonet intensam pluviam, grandinem et procellas in australi parte, cum areas Brasiliae faciem caloris et humiditatis in diebus venientibus humilem faciat.
Post Rubrum intentum: pluvia 100 mm in Rio Grande do Sul excedere primum in Digital Olhar apparuit.",https://olhardigital.com.br/2026/07/28/ciencia-e-espaco/alerta-vermelho-chuva-pode-passar-de-100-mm-no-rio-grande-do-sul/,https://olhardigital.com.br/wp-content/uploads/2026/07/iStock-2071010545.jpg,,"O Inmet emitiu alertas para chuva forte, tempestades e baixa umidade em diferentes regiões do Brasil nesta terça-feira (28) e quarta-feira (29). O Rio Grande do Sul é o principal ponto de atenção, co… [+2682 chars]",,2026-08-02 21:04:20+00:00,random,,,
d839e6a2bc846bde65da97f5200e6d32,2026-07-29T16:52:45Z,Thunderstorm,granizo,www.terra.com.br,pt,0.9,"Sturmwarnung in Rio Grande do Sul: Wie ist das Wetter für Internacional x Flamengo? Der Staat besteht weiterhin mit der Möglichkeit von starkem Regen, Blitzen, Hagel und starken Winden an diesem Mittwoch (29). Der Zivilschutz gab eine Warnung heraus",Alerta tempestade no Rio Grande do Sul: como fica o clima para Internacional x Flamengo?,"Estado segue com possibilidade de chuva forte, raios, granizo e ventos intensos nesta quarta-feira (29); Defesa Civil emitiu aviso","Storm warning in Rio Grande do Sul: what is the weather like for Internacional x Flamengo?. The state continues with the possibility of heavy rain, lightning, hail and intense winds this Wednesday (29); Civil Defense issued warning","Tempestas admonitio in Rio Grande do Sul: quae tempestas est pro x Flamengo Internacional? Status pergit cum possibilitate pluviarum, fulgurum, grandinum et ventorum intensa die mercurii (29); Civilis defensionis monitionem","https://www.terra.com.br/esportes/flamengo/alerta-tempestade-no-rio-grande-do-sul-como-fica-o-clima-para-internacional-x-flamengo,e9388cb122a3111dbb83ddc9cd595525lxyxrbqe.html",https://p2.trrsf.com/image/fget/cf/1200/630/middle/images.terra.com/2026/07/29/359856184-54727725000f99d64f360o-610x400.jpg,,"O Rio Grande do Sul segue em alerta climático após o tornado que atingiu três cidades do Noroeste do estado devido à atuação de uma forte frente fria. Apesar dos riscos de temporais, Porto Alegre, qu… [+2824 chars]",,2026-08-02 21:04:20+00:00,random,,,
a62944344e401d90f8967d6108139383,2026-07-29T23:46:20Z,Thunderstorm,granizo,www.terra.com.br,pt,0.9,"Der Wind in SP übersteigt 120 km/h und fordert zwei Tote an der Küste und im Landesinneren. Der Zivilschutz warnte vor starken Winden, Sturmfluten an der Küste und Hagelstürmen, die auf den Durchzug einer Kaltfront hindeuteten",Vento em SP supera 120 km/h e deixa dois mortos no litoral e no interior,"Defesa Civil disparou alerta sobre a ventania, ressacas no litoral e chuva de granizo, reflexo da passagem de uma frente fria","Wind in SP exceeds 120 km/h and leaves two dead on the coast and inland. Civil Defense issued an alert about strong winds, storm surges on the coast and hailstorms, reflecting the passage of a cold front","Ventus in SP excedit 120 km/h et relinquit duos mortuos in litore et mediterraneo. Civilis defensio elata est circa ventos validos, aestuat tempestas maritima et grandines, frigoris frontem reputans transitum.","https://www.terra.com.br/noticias/vento-em-sp-supera-120-kmh-e-deixa-dois-mortos-no-litoral-e-no-interior,f23cbc1556e79222b1b76d537bf84207zkhvn1f1.html",https://p2.trrsf.com/image/fget/cf/1200/630/middle/images.terra.com/2026/07/29/ato20260729053-1ji7qud8xi9mb.jpg,,"Duas pessoas morreram durante os fortes ventos que atingiram o Estado de São Paulo nesta quarta-feira, 29. A informação foi confirmada pela Defesa Civil, que disparou alerta sobre a ventania, ressaca… [+3667 chars]",,2026-08-02 21:04:20+00:00,random,,,
7d07dfd0ec3b2f9a72765dc2497a724e,2026-07-30T11:32:15Z,Storm,tempestade,www.terra.com.br,pt,0.9,"Nach Windgeschwindigkeiten von mehr als 100 km/h und 5 Todesopfern lassen die Regenfälle im Süden nach, in den Regionen besteht jedoch weiterhin Sturmgefahr. In der Mitte und im Süden breiten sich Gebiete mit Instabilität aus, während niedrige Luftfeuchtigkeit und starke Winde andere Regionen beeinträchtigen. siehe Prognose","Após ventos de mais de 100 km/h e 5 mortes, chuvas perdem força no Sul, mas regiões ainda têm risco de tempestades","Áreas de instabilidade avançam pelo Centro-Sul, enquanto baixa umidade e ventos fortes atingem outras regiões; veja a previsão","After winds of more than 100 km/h and 5 deaths, rains lose strength in the South, but regions still have a risk of storms. Areas of instability advance through the Center-South, while low humidity and strong winds affect other regions; see the forecast","Post ventos plus quam 100 km/h et 5 mortes, pluviae vires in Meridie amittunt, sed regiones periculum tempestatum adhuc habent. Areae instabilitatis per Centrum-Meridionalem progrediuntur, cum humilis humiditas et validi venti alias regiones afficiunt; videte praesagio","https://www.terra.com.br/planeta/apos-ventos-de-mais-de-100-kmh-e-5-mortes-chuvas-perdem-forca-no-sul-mas-regioes-ainda-tem-risco-de-tempestades,df25d31e24f6fd6065828402d59eac78x3xuft5c.html",https://p2.trrsf.com/image/fget/cf/1200/630/middle/images.terra.com/2026/07/29/ato20260729053-1ji7qud8xi9mb.jpg,,"A passagem de uma frente fria provocou uma sequência de ocorrências graves no Sul e no Sudeste nesta quarta-feira, 29. Com rajadas superiores a 100 km/h, o temporal derrubou árvores, provocou cortes … [+7204 chars]",,2026-08-02 21:04:20+00:00,random,,,
d7a5628976b2951a713b5a5020e2ebb3,2026-07-03T22:15:15Z,Thunderstorm,granizo porto,observador.pt,pt,0.3,"Die 23-Uhr-Nachrichten. Der Präsident von Chega bittet den Premierminister, bei der Bewältigung ländlicher Brände „aus den Fehlern des letzten Jahres zu lernen“. Außerdem findet das Spiel der WM-Runde der letzten 32 zwischen Argentinien und Kap Verde statt",As notícias das 23h,"O presidente do Chega pede ao primeiro-ministro que ""aprenda com os erros do ano passado"" na gestão dos fogos rurais. Ainda, está a decorrer o jogo Argentina-Cabo Verde dos 16 avos de final do Mundial","The 11pm news. The president of Chega asks the prime minister to ""learn from last year's mistakes"" in the management of rural fires. Also, the Argentina-Cape Verde game of the World Cup round of 32 is taking place","11pm nuntium. Praeses Chega primum ministrum quaerit ut ""ab anno praeterito errata discere"" in administratione incendiorum rusticorum. Etiam, Argentina-Cape Verde lusus Mundi rotundi XXXII peragitur",https://observador.pt/programas/noticiario/as-noticias-das-23h-2117/,https://bordalo.observador.pt/v2/rs:fill:770:403/c:770:433:nowe:0:0/q:70/f:webp/plain/https://s3.observador.pt/wp-content/uploads/2026/06/15153459/770-podcast-noticiario.png,,"Esta transcrição foi gerada automaticamente por Inteligência Artificial e pode conter erros ou imprecisões.José Soares. Boa noite, António. Começamos esta edição das 23h com as declarações do preside… [+9553 chars]",,2026-08-03 08:37:49+00:00,wmo,Portugal,MED,Europe
24dfedd9b08e2d902ae6b91d3169a8ae,2026-07-06T06:36:54Z,Drought,falta de chuva uganda,observador.pt,pt,0.3,England verzichtete auf Protagonismus und priorisierte das Ergebnis. Die englische Mannschaft besiegte Mexiko mit 3:2 und erreichte das Viertelfinale der Weltmeisterschaft. Für die Engländer erzielte er zwei Tore für Bellingham und Kane. Quiñones und Raúl Jiménez punkteten für die Mexikaner.,Inglaterra dispensou o protagonismo e priorizou o resultado,"A seleção inglesa bateu o México por 3-2 e avança para os quartos de final do Mundial. Pelos ingleses, marcou Bellingham, por duas vezes, e Kane. Pelos mexicanos marcaram Quiñones e Raúl Jiménez.","England dispensed with protagonism and prioritized the result. The English team beat Mexico 3-2 and advanced to the quarter-finals of the World Cup. For the English, he scored twice for Bellingham and Kane. Quiñones and Raúl Jiménez scored for the Mexicans.",Anglia cum primas et prioritized effectus. Turma Anglica Mexicum 3-2 verberavit et ad quartas ultimas Mundi Mundi processit. Anglis enim bis pro Bellingham et Kane foedum fecit. Quiñones et Raúl Jiménez pro Mexicanis lacerati.,https://observador.pt/2026/07/06/jude-saiu-da-sombra-de-harry-para-acabar-com-o-amuleto-mexicano-a-cronica-do-mexico-inglaterra/,https://wm.observador.pt/wm/l/https%3A%2F%2Fbordalo.observador.pt%2Fv2%2Frs%3Afill%3A770%3A403%2Fc%3A4094%3A2298%3Anowe%3A0%3A272%2Fq%3A70%2Ff%3Awebp%2Fplain%2Fhttps%3A%2F%2Fs3.observador.pt%2Fwp-content%2Fuploads%2F2026%2F07%2F06064926%2Fgettyimages-2284812664.jpg?layer=obstop:T,,"Fogo de artifício junto do hotel onde a seleção inglesa pernoitou, uma tormenta atmosférica a atrasar o apito inicial e Javier Aguirre no banco o mesmo Aguirre que, em 1986, como jogador, saiu de cam… [+8942 chars]",,2026-08-03 08:37:49+00:00,edo,Uganda,SEAF,Africa
f3ef98adeca3b9c2e56d5a674459d944,2026-07-14T09:17:55Z,Drought,falta de chuva cuba,www.bbc.com,pt,0.3,"Catalina Giraldo, 30, die in Kolumbien einen Rechtsstreit um Zugang zu ärztlicher Sterbehilfe geführt hat, stirbt durch Euthanasie. Nachdem Catalina jahrelang unter anderem an schweren Depressionen gelitten hatte, bat sie das kolumbianische Gesundheitssystem um medizinische Hilfe, um ihrem eigenen Leben ein Ende zu setzen.","Morre por eutanásia Catalina Giraldo, de 30 anos, que travou batalha judicial na Colômbia para ter acesso ao suicídio assistido por médicos","Após anos enfrentando um quadro de depressão grave, entre outros transtornos, Catalina pediu ao sistema de saúde colombiano assistência médica para pôr fim à própria vida.","Catalina Giraldo, 30, who fought a legal battle in Colombia to have access to doctor-assisted suicide, dies by euthanasia. After years of experiencing severe depression, among other disorders, Catalina asked the Colombian healthcare system for medical assistance to end her own life.","Catalina Giraldo, XXX, qui in Columbia ad accessum ad medicus adiutus suicidium legitime pugnavit, euthanasia moritur. Post annos gravem tristitiam experiendi, inter ceteras perturbationes, Catalina systema sanitatis Colombiae quaesivit ad auxilium medicinae, ut vitam suam finiret.",https://www.bbc.com/portuguese/articles/c8d2d9v2ndro,https://ichef.bbci.co.uk/news/1200/branded_portuguese/82bc/live/9adae4f0-2254-11f1-b6d0-3bb01abdfc34.jpg,,"Crédito, Cortesia de Catalina Giraldo e DescLAB
Legenda da foto, Catalina Giraldo sofria de um quadro psiquiátrico complexo há mais de uma década
Article Information<ul><li><ul><li>Author, Santiago… [+12264 chars]",,2026-08-03 08:37:49+00:00,edo,Cuba,CAR,North-America
c27730933b74f0f963c0dd97485f2806,2026-07-16T00:03:18Z,Precipitation,tempestade,catracalivre.com.br,pt,0.7,"Gab es vor Kolumbus bereits Wikinger in Amerika? Der Weltraumsturm von 993 brachte die Antwort und enthüllte das größte Geheimnis der nordischen Seefahrer. Die kosmische Strahlung von 993 zeigte, dass die Wikinger 1021, Jahrhunderte vor Kolumbus, in Kanada ankamen. Finden Sie heraus, wie die Wissenschaft es bewiesen hat.
Der Beitrag Waren Wikinger bereits vor Kolumbus in Amerika? Der Weltraumsturm von 993 brachte die Antwort und enthüllte das größte Geheimnis …","Antes de Colombo, Vikings já estavam na América? Tempestade espacial de 993 trouxe a resposta e revelou o maior segredo dos navegadores nórdicos","Radiação cósmica de 993 revelou que Vikings chegaram ao Canadá em 1021, séculos antes de Colombo. Descubra como a ciência provou isso.
O post Antes de Colombo, Vikings já estavam na América? Tempestade espacial de 993 trouxe a resposta e revelou o maior segre…","Before Columbus, were Vikings already in America? Space storm of 993 brought the answer and revealed the greatest secret of the Norse navigators. Cosmic radiation from 993 revealed that Vikings arrived in Canada in 1021, centuries before Columbus. Find out how science proved it.
The post Before Columbus, were Vikings already in America? Space storm of 993 brought the answer and revealed the biggest secret…","Ante Columbum Vikingae iam in America erant? Spatium tempestatis 993 responsum attulit et maximum secretum navigantibus Norvegorum patefecit. Effluxus cosmicus ab 993 revelavit Vikingam in Canada anno 1021 pervenisse, ante saecula Columbus. Quomodo scientia probavit.
Praecursores Ante Columbum iam in America erant Vikingi? Spatium tempestas 993 responsum attulit et secretum maximum patefecit…",https://catracalivre.com.br/noticias/antes-de-colombo-vikings-ja-estavam-na-america-tempestade-espacial-de-993-trouxe-a-resposta-e-revelou-o-maior-segredo-dos-navegadores-nordicos/,https://catracalivre.com.br/i/8d2wi63Vct2LWCqkPXZ-Z8lg3rz9G8yqvy3foAY-jTI/rs:fill:1200:630:1/g:sm/q:80/bG9jYWw6Ly8vMjAyNi8wNy92aWtpbmctZXhwbG9yZXJzLWN1dHRpbmctdHJlZXMtc2hpcC0yMDI2MDcxNDE2NDguanBlZw,,"Uma tempestade de radiação cósmica registrada em árvores antigas revelou uma prova surpreendente: os vikings chegaram à América do Norte em 1021 d.C., séculos antes de Colombo.
Durante décadas, pesq… [+3231 chars]",,2026-08-03 08:37:49+00:00,random,,,
c9589232b17c0f49cacc365cd69956e9,2026-07-17T16:01:46Z,Storm,tempestade,olhardigital.com.br,pt,0.9,"Die Sonne birgt möglicherweise eine größere Gefahr für die Erde. Neue Forschungsergebnisse deuten darauf hin, dass extreme Sonnenstürme weitaus größere Auswirkungen auf Satelliten, Stromnetze und Kommunikation haben können
Der Beitrag „Die Sonne birgt möglicherweise eine größere Gefahr für die Erde“ erschien zuerst auf Olhar Digital.",O Sol pode esconder um perigo maior para a Terra,"Nova pesquisa indica que tempestades solares extremas podem causar impactos muito maiores em satélites, redes elétricas e comunicações
O post O Sol pode esconder um perigo maior para a Terra apareceu primeiro em Olhar Digital.","The Sun may hide a greater danger for Earth. New research indicates that extreme solar storms can cause much greater impacts on satellites, power grids and communications
The post The Sun may hide a greater danger for the Earth appeared first on Olhar Digital.","Sol maius periculum Terrae abscondat. Nova investigatio indicat extremas tempestates solares multo maiores facere posse impulsus in satellitibus, potestate gridi et communicationis
Post Sol maius periculum pro Terra occultare primum in Olhar Digital apparuit.",https://olhardigital.com.br/2026/07/17/ciencia-e-espaco/o-sol-pode-esconder-um-perigo-maior-para-a-terra/,https://olhardigital.com.br/wp-content/uploads/2025/12/tempestade-solar-scaled.jpg,,"Uma nova pesquisa sugere que as tempestades solares mais intensas podem provocar impactos muito maiores na Terra do que indicavam as estimativas atuais.
Continua após a publicidade
Publicado na rev… [+3329 chars]",,2026-08-03 08:37:49+00:00,wmo,Bahrain,ARP,Asia
753067defa18730e988221348ddc3155,2026-07-19T11:10:22Z,Storm,tempestade,www.terra.com.br,pt,0.9,"Rauch und Sturm: Die Wetterbedingungen runden das WM-Finale ab, bereiten dem Spiel aber keine Sorgen. Die Zeit war seit Beginn der Weltmeisterschaft ein wichtiger Punkt und diente als Rechtfertigung für Trinkpausen","Fumaça e tempestade: condições climáticas cercam final da Copa, mas não preocupam para o jogo",Tempo foi um ponto de atenção desde o começo do Mundial e serviu como justificativa para pausas de hidratação,"Smoke and storm: weather conditions surround the World Cup final, but are not a concern for the game. Time was a point of attention since the beginning of the World Cup and served as a justification for hydration breaks","Fumus et tempestas: condiciones tempestatum cingunt finalem Trophaeum Mundi, sed cura ludi non sunt. Tempus punctum attentionis erat ab initio Mundi Mundi et tamquam iustificationem hydropicorum prorumpit","https://www.terra.com.br/esportes/futebol/fumaca-e-tempestade-condicoes-climaticas-cercam-final-da-copa-mas-nao-preocupam-para-o-jogo,a5d76ce748886dde0d70461534db784a9w3a6n9x.html",https://s1.trrsf.com/update-1698692222/fe/zaz-mod-t360-icons/svg/logos/terra-16x9-borda.png,,"NOVA JERSEY - Os dias de véspera da final da Copa do Mundo causaram certa apreensão sobre as condições climáticas na região de Nova York. Primeiro, a área foi tomada pela fumaça oriunda dos incêndios… [+2622 chars]",,2026-08-03 08:37:49+00:00,wmo,Bahrain,ARP,Asia
371bdbc385079e21ded331fb5e32041d,2026-07-28T16:16:04Z,Heat Wave,onda de calor França,valor.globo.com,pt,0.9,"Frankreich und Spanien machen Fortschritte bei der Brandbekämpfung; Neue Hitzewelle naht Europa. Am Dienstag kämpften Feuerwehrleute gegen die Zeit, um die massiven Waldbrände unter Kontrolle zu bringen, die in Frankreich und Spanien zu beispiellosen Evakuierungen von Zehntausenden Menschen geführt haben, während Westeuropa sich auf eine neue Herausforderung vorbereitet.",França e Espanha avançam no combate a incêndios; nova onda de calor se aproxima da Europa,"Bombeiros correram contra o tempo nesta terça-feira para controlar grandes incêndios florestais que provocaram evacuações sem precedentes de dezenas de milhares de pessoas na França e na Espanha, enquanto a Europa Ocidental se prepara para enfrentar uma nova …","France and Spain advance in fighting fires; new heat wave approaches Europe. Firefighters raced against time on Tuesday to control massive forest fires that have prompted unprecedented evacuations of tens of thousands of people in France and Spain, as Western Europe prepares to face a new...","Gallia Hispaniaque cum ignibus pugnatum est; novus aestus Europam adit. Firefighters contra tempus Martis currentes ad incendia silvestria ingentes compescendos, qui inusitatae evacuationes decem milium hominum in Gallia et Hispania excitaverunt, sicut Europa occidentalis contra novam faciem praeparat.",https://valor.globo.com/mundo/noticia/2026/07/28/frana-e-espanha-avanam-no-combate-a-incndios-nova-onda-de-calor-se-aproxima-da-europa.ghtml,https://s2-valor.glbimg.com/joG8A7E0cUevPgZD8fsGrVgtt9g=/1200x/smart/filters:cover():strip_icc()/i.s3.glbimg.com/v1/AUTH_63b422c2caee4269b8b34177e8876b93/internal_photos/bs/2026/d/v/NVQBVARCmirjSZ9xZ2Og/2026-07-24t180314z-318593098-rc2fkmas4q5n-rtrmadp-3-europe-weather-spain-wildfire.jpg,,"Bombeiros correram contra o tempo nesta terça-feira para controlar grandes incêndios florestais que provocaram evacuações sem precedentes de dezenas de milhares de pessoas na França e na Espanha, enq… [+5124 chars]",,2026-08-03 08:37:49+00:00,wmo,France,WCE,Europe
c45bfc5c96556b09739bf89931a1aec4,2026-07-27T21:28:29Z,Wildfire,incêndio florestal,www.bbc.com,pt,0.9,"„Feuerspeiender Wolkendrache“: der furchterregende Sturm, der durch Feuer am Himmel über Frankreich verursacht wird. Laut BBC-Wettermoderatorin Helen Willetts handelt es sich bei diesem Phänomen im Wesentlichen um einen Sturm, der durch einen sehr heftigen Waldbrand verursacht wurde.",'Dragão das nuvens que cospe fogo': a assustadora tempestade provocada por incêndio nos céus da França,"Segundo a apresentadora meteorológica da BBC, Helen Willetts, este fenômeno é, em essência, uma tempestade originada por um incêndio florestal de grande intensidade.","'Fire-breathing cloud dragon': the frightening storm caused by fire in the skies of France. According to BBC weather presenter Helen Willetts, this phenomenon is, in essence, a storm caused by a very intense forest fire.","Ignis anhelitus nubis draconis, idest tempestas horribilis ignis in caelis Franciae. Secundum tempestatem BBC relatoris Helenae Willetts, hoc phaenomenon est, essentialiter, tempestas ab igne vehementissimo silvae causata.",https://www.bbc.com/portuguese/articles/clyjg2r00yeo,https://ichef.bbci.co.uk/news/1200/branded_portuguese/009b/live/28d83ff0-89b6-11f1-ba35-adcc7c70146e.jpg,,"Crédito, Getty Images
Legenda da foto, A França tem sido um dos países mais afetados pelos incêndios, com 42 mil hectares destruídos 
Article Information<ul><li><ul><li>Author, Redação</li><li>Role… [+5785 chars]",,2026-08-04 07:46:00+00:00,random,,,
7f9de66f58f8954e1f37bcc40703e2a6,2026-07-25T23:19:33Z,Tropical Cyclone,tufão,www.metropoles.com,pt,0.9,China ordnet wegen der Gefahr eines Taifuns die Evakuierung von mehr als 340.000 Menschen an. Die Wettervorhersage geht von starkem Regen und Überschwemmungen aus. Der Flugbetrieb ist bereits beeinträchtigt und am Sonntag könnte sich die Lage noch verschärfen,China determina evacuação de mais de 340 mil por risco de tufão,Previsão meteorológica é de chuva severa e inundações. A operação de voos já está comprometida e no domingo a situação pode piorar,"China orders the evacuation of more than 340,000 due to the risk of a typhoon. The weather forecast is for severe rain and flooding. Flight operations are already compromised and on Sunday the situation could worsen","Sina plus quam 340,000 ex periculo typhonii iubet evacuari. Tempestas praenuntientur est pluviae graves et inundationes. Operationes fugae iam suspectae sunt et die Dominico condicio peior fieri potuit",https://www.metropoles.com/mundo/china-determina-evacuacao-de-mais-de-340-mil-por-risco-de-tufao,https://i.metroimg.com/c4gYGQwmGr_1ipLw6msL9180ph6BxQevlkioIG-9iAY/rs:fill:1200:800:1/g:no/q:85/f:webp/plain/https://images.metroimg.com/07c555a0-bandeira-da-china.jpg,,"Autoridades chinesas determinaram que mais de 340 mil pessoas deixem os lares na província de Guangdong, na China. O motivo é a chegada do tufão Noul, que pode passar pela região sul do país com vent… [+689 chars]",,2026-08-04 16:59:28+00:00,random,,,
bc6ee81fcfbad941bff9353798c929fe,2026-07-26T19:05:04Z,Precipitation,chuva forte,www.terra.com.br,pt,0.9,Südchina wird nach der Ankunft eines Taifuns mit heftigen Regenfällen und Überschwemmungen rechnen müssen. Taifun Noul wird in den nächsten Jahren „starke bis sintflutartige Regenfälle über weite Teile Südchinas bringen“.,Sul da China vai enfrentar chuvas torrenciais e inundações após chegada de tufão,O tufão Noul trará ‌chuvas fortes a torrenciais em grande parte do sul da China nos próximos ...,South China will face torrential rains and floods after the arrival of a typhoon. Typhoon Noul will bring ‌heavy to torrential rain across much of southern China over the next...,Sinae Australes imbres torrentes et inundationes post adventum typhonis occurrent. Typhoon Noul gravem pluviam torrens feret per multam meridionalem Sinarum in proximo ...,"https://www.terra.com.br/noticias/mundo/sul-da-china-vai-enfrentar-chuvas-torrenciais-e-inundacoes-apos-chegada-de-tufao,67e1c9bbc28157df3545cd74117e0771v3bkf7r3.html",https://s1.trrsf.com/update-1698692222/fe/zaz-mod-t360-icons/svg/logos/terra-16x9-borda.png,,"O tufão Noul trará ‌chuvas fortes a torrenciais em grande parte do sul da China nos próximos dois dias, informaram autoridades, após ter varrido a província de Guangdong e a vizinha Hong Kong com for… [+1885 chars]",,2026-08-04 16:59:28+00:00,random,,,
66efcebbb270f3b9897d3b6e99bee43c,2026-07-11T09:00:00Z,Flood,inundações na Austrália,olhardigital.com.br,pt,0.3,"Fast jede Stadt in Brasilien hat eine Umweltkatastrophe erlebt, wie eine Studie zeigt. Die Studie ergab, dass mehr als 91 % der brasilianischen Städte von Umweltkatastrophen betroffen waren
Der Beitrag Fast alle Städte in Brasilien haben eine Umweltkatastrophe erlebt, wie aus einer Studie hervorgeht, die zuerst in Olhar Digital erschien.","Quase todas as cidades do Brasil já passaram por algum desastre ambiental, revela estudo","Estudo revelou que mais de 91% das cidades brasileiras já sofreu algum desastre ambiental
O post Quase todas as cidades do Brasil já passaram por algum desastre ambiental, revela estudo apareceu primeiro em Olhar Digital.","Almost every city in Brazil has experienced some environmental disaster, a study reveals. Study revealed that more than 91% of Brazilian cities have suffered some environmental disaster
The post Almost all cities in Brazil have experienced some environmental disaster, study reveals appeared first in Olhar Digital.","Omnis fere urbs in Brasilia aliquas clades environmental experta studium manifestat. Studium patefecit plus quam 91% urbium Brasiliensium aliquas calamitates environmental passas esse
Posta Fere omnes urbes in Brasilia aliquas clades environmental experti sunt, studium revelat primum in Olhar Digital apparuit.",https://olhardigital.com.br/2026/07/11/ciencia-e-espaco/quase-todas-as-cidades-do-brasil-ja-passaram-por-algum-desastre-ambiental-revela-estudo/,https://img.odcdn.com.br/wp-content/uploads/2026/05/Enchente-em-cidade-scaled.jpg,,"Enchentes, secas, deslizamentos de terra e tempestades já atingiram quase todos os municípios brasileiros nas últimas três décadas. O alerta veio de um estudo conduzido por pesquisadores do Centro Na… [+4824 chars]",,2026-08-05 07:46:48+00:00,wmo,Australia,CAU,Oceania
7574043836ecda2cfaa8ddcf8ce9f1d7,2026-07-17T21:30:30Z,Precipitation,chuva torrencial mex,pplware.sapo.pt,pt,0.3,"WOW: Die NASA möchte die Sonne zum größten Teleskop aller Zeiten machen. Die NASA-Mission könnte Ozeane, Kontinente und sogar Lebenszeichen auf fernen Planeten aufdecken. Dieser wissenschaftliche „Wahnsinn“ ist möglich, wie Einstein gezeigt hat. NASA will die Sonne zu einer Gravitationslinse machen Die Sonne...",WOW: NASA quer transformar o Sol no maior telescópio de sempre,"A missão da NASA poderá revelar oceanos, continentes e até sinais de vida em planetas distantes. Esta “loucura” científica é possível, conforme mostrou Einstein. NASA quer tornar o Sol uma lente gravitacional O Sol...","WOW: NASA wants to turn the Sun into the biggest telescope ever. NASA's mission could reveal oceans, continents and even signs of life on distant planets. This scientific “madness” is possible, as Einstein showed. NASA wants to make the Sun a gravitational lens The Sun...","LATRO: NASA Solem in maxima telescopia semper vertere vult. Missio NASA potuit maria, continentes ac etiam signa vitae in longinquis planetis revelare. Hoc scientificum ""insania"" possibilis est, sicut Einstein ostendit. NASA facere Solem gravitatis lens Sol vult ...",https://pplware.sapo.pt/ciencia/wow-nasa-quer-transformar-o-sol-no-maior-telescopio-de-sempre/,https://pplware.sapo.pt/wp-content/uploads/2026/07/sol_como_lente00.webp,,"A missão da NASA poderá revelar oceanos, continentes e até sinais de vida em planetas distantes. Esta ""loucura"" científica é possível, conforme mostrou Einstein.
NASA quer tornar o Sol uma lente gra… [+4503 chars]",,2026-08-05 07:46:48+00:00,wmo,Mexico,NCA,North-America
6e98c89ff7a2ec94b328e7946c62fdd0,2026-07-27T14:53:06Z,Heat Wave,onda de calor portugal,pplware.sapo.pt,pt,0.3,"Brände der sechsten Generation: weil sie kaum zu bekämpfen sind. Wie wir in den letzten Jahren gesehen haben und Portugal in seiner jüngeren Geschichte klare Beispiele dafür vorweisen kann, nehmen Waldbrände immer extremere Ausmaße an. In Spanien und Frankreich ist das große Feuerwerk...",Incêndios de sexta geração: porque são quase impossíveis de combater,"Como temos assistido nos últimos anos, e Portugal tem exemplos bem marcados na sua história recente, os incêndios florestais estão a tornar-se cada vez mais extremos. Em Espanha e França, os grandes fogos das...","Sixth generation fires: because they are almost impossible to fight. As we have seen in recent years, and Portugal has clear examples in its recent history, forest fires are becoming increasingly extreme. In Spain and France, the great fireworks...","Sexto generantur ignes: quia fere impossibile est pugnare. Sicut his annis vidimus, et Portugallia in recenti historia manifesta exempla sunt, ignes silvae magis magisque extremae fiunt. In Hispania et Gallia magna pompa.",https://pplware.sapo.pt/informacao/incendios-de-sexta-geracao-porque-sao-quase-impossiveis-de-combater/,https://pplware.sapo.pt/wp-content/uploads/2026/07/incendios_sexta_geracao00.webp,,"Como temos assistido nos últimos anos, e Portugal tem exemplos bem marcados na sua história recente, os incêndios florestais estão a tornar-se cada vez mais extremos. Em Espanha e França, os grandes … [+4889 chars]",,2026-08-05 07:46:48+00:00,wmo,Portugal,MED,Europe
519a9a7b5480e023e9235051a7fe5a71,2026-07-06T09:12:00Z,Drought,seca,catracalivre.com.br,pt,0.9,"Die Palme, die zum Trend in Hinterhöfen wurde, um zu dekorieren, ohne viele Blätter abzuwerfen und längerer Trockenheit standzuhalten. Die Fuchsschwanzpalme ist die ideale Wahl für die Dekoration sonniger Hinterhöfe mit hoher Trockenheitsresistenz und sehr geringem Pflegeaufwand.
Der Beitrag Die Palme, die in Hinterhöfen zum Trend wurde, um zu dekorieren, ohne viele Blätter abzuwerfen und längerer Trockenheit standzuhalten, erschien …",A palmeira que virou tendência nos quintais por decorar sem soltar muitas folhas e resistir à seca prolongada,"A palmeira rabo de raposa é a escolha ideal para ornamentar quintais ensolarados com alta resistência à seca e baixíssima manutenção.
O post A palmeira que virou tendência nos quintais por decorar sem soltar muitas folhas e resistir à seca prolongada apareceu…","The palm tree that became a trend in backyards for decorating without shedding many leaves and resisting prolonged drought. The foxtail palm is the ideal choice for decorating sunny backyards with high resistance to drought and very low maintenance.
The post The palm tree that became a trend in backyards for decorating without shedding many leaves and resisting prolonged drought appeared…","Palma est arbor, quae inclinatio facta est in diametris ad ornandum sine multis foliis et diuturna siccitate resistens. Panicum palma est specimen electionis ad decorandos apricis backyards magna resistentia siccitatis et conservationis nimis humilis.
Postes Palma quae inclinatio facta est in diametris ad ornandum sine multis foliis et diuturna siccitate resistens apparuit…",https://catracalivre.com.br/noticias/a-palmeira-que-virou-tendencia-nos-quintais-por-decorar-sem-soltar-muitas-folhas-e-resistir-a-seca-prolongada/,https://catracalivre.com.br/i/vGA5Qj9y3VSRPPIpIFkUSmOjtRCSrao4UHvD9d098BE/rs:fill:1200:630:1/g:sm/q:80/bG9jYWw6Ly8vMjAyNi8wNy9wYWxtZWlyYS1yYWJvLWRlLXJhcG9zYS1lbS0yMDI2MDcwNTIzMjMtMi5qcGVn,,"A busca por uma vegetação exuberante e de baixa manutenção tem consagrado a maravilhosa palmeira no cenário atual. Essa espécie ornamental transforma quintais ensolarados e frentes de residências, ga… [+3444 chars]",,2026-08-05 07:46:48+00:00,random,,,
2e4f546478dceedd105d5341a11bb2d4,2026-07-10T11:20:00Z,Heat Wave,calor,pplware.sapo.pt,pt,0.9,"13 unverzichtbare Gadgets und Accessoires für Ihren Sommerurlaub im Jahr 2026. Der Monat Juli ist für viele Menschen bereits ein Synonym für Urlaub, denn die Hitze lädt zu Tagen am Strand und Nachmittagen am Pool ein, aber auch zu einer Entschleunigung des Tempos. Zum Genießen...",13 gadgets e acessórios essenciais para as suas férias de verão 2026,"O mês de julho já é sinónimo de férias para muitas pessoas, com o calor a convidar para dias na praia e tardes na piscina, bem como a um abrandamento do ritmo. Para aproveitar...","13 essential gadgets and accessories for your summer holidays in 2026. The month of July is already synonymous with holidays for many people, with the heat inviting days at the beach and afternoons at the pool, as well as a slowdown in the pace. To enjoy...","13 Gadgetes essentiales et accessiones pro tuis festis aestivis anno 2026. Mensis Iulii iam synonyma est cum multis festis, cum aestus in litore et postmeridianis diebus in piscina invitat, tum in gradu tarditatis. Frui...",https://pplware.sapo.pt/gadgets/13-gadgets-e-acessorios-essenciais-para-as-suas-ferias-de-verao-2026/,https://pplware.sapo.pt/wp-content/uploads/2026/07/ferias01-1.jpg,,"O mês de julho já é sinónimo de férias para muitas pessoas, com o calor a convidar para dias na praia e tardes na piscina, bem como a um abrandamento do ritmo. Para aproveitar tudo isto sem sobressal… [+3135 chars]",,2026-08-05 07:46:48+00:00,random,,,
27332c97540770bd4bc2602048609888,2026-07-17T22:41:39Z,Drought,seca,catracalivre.com.br,pt,0.9,"Die Trockenhandtuchtechnik zum effizienteren und schnelleren Trocknen von Kleidung im Innenbereich. Verstehen Sie, warum das Trockentuch nach dem Schleudern besser funktioniert und welche Vorsichtsmaßnahmen dazu beitragen, das Trocknen von Kleidung in Innenräumen zu verbessern.
Der Beitrag Die Trockentuchtechnik zum effizienteren und schnelleren Trocknen von Kleidung in Innenräumen erschien zuerst…",A técnica da toalha seca para secar roupa em ambientes fechados de forma mais eficiente e rápida,"Entenda por que a toalha seca funciona melhor após a centrifugação e quais cuidados ajudam a melhorar a secagem das roupas dentro de casa.
O post A técnica da toalha seca para secar roupa em ambientes fechados de forma mais eficiente e rápida apareceu primeir…","The dry towel technique for drying clothes indoors more efficiently and quickly. Understand why the dry towel works better after spinning and what precautions help to improve the drying of clothes indoors.
The post The dry towel technique for drying clothes indoors more efficiently and quickly appeared first…","Linteum siccum ars vestium intus tergendis efficacius et velocius. Intellige cur linteum siccum melius post lanificium operetur et quid cautela adiuvet ad siccationem vestium domesticarum emendandam.
Post linteum siccum artificium ad vestes intus siccandas efficacius et cito primum apparuit…",https://catracalivre.com.br/noticias/a-tecnica-da-toalha-seca-para-secar-roupa-em-ambientes-fechados-de-forma-mais-eficiente-e-rapida/,https://catracalivre.com.br/i/Y5Fv7WWIdVwwFM55SazoSgT2XKwLfnc68UiCxuFsvYg/rs:fill:1200:630:1/g:sm/q:80/bG9jYWw6Ly8vMjAyNi8wNy9jbG90aGluZy1yb2xsZWQtaW4tdG93ZWwtMjAyNjA3MTcxNzUzLmpwZWc,,"A técnica da toalha seca ajuda a retirar parte da água acumulada em roupas recém-lavadas antes que elas sejam colocadas no varal. O método é especialmente útil para jeans, moletons, toalhas de banho … [+3310 chars]",,2026-08-05 07:46:48+00:00,random,,,
8f468234be706a43b05c81de8d8cb983,2026-07-29T09:30:00Z,Drought,seca,olhardigital.com.br,pt,0.9,"Neue Studie bringt anhaltende Dürre mit dem Zusammenbruch der Zivilisationen im Mittelmeer in Verbindung. Forscher haben überlappende natürliche Klimazyklen als einen Faktor für extreme Dürren in der Bronzezeit identifiziert
Der Beitrag Neue Studie verbindet anhaltende Dürre mit dem Zusammenbruch der Zivilisationen im Mittelmeerraum erschien zuerst auf Olhar Digital.",Novo estudo liga seca prolongada ao colapso de civilizações no Mediterrâneo,"Pesquisadores identificaram a sobreposição de ciclos climáticos naturais como fator para secas extremas na Idade do Bronze
O post Novo estudo liga seca prolongada ao colapso de civilizações no Mediterrâneo apareceu primeiro em Olhar Digital.","New study links prolonged drought to the collapse of civilizations in the Mediterranean. Researchers have identified overlapping natural climate cycles as a factor in extreme droughts in the Bronze Age
The post New study links prolonged drought to the collapse of civilizations in the Mediterranean appeared first on Olhar Digital.","Novae studii nexus diuturna siccitas ad ruinas civilizationum in Mediterraneo est. Investigatores identificantur imbricatis cyclis climatis naturalis tamquam factor in extrema siccitate in Aetate Aenea
Post Novae studii nexus diuturna siccitas ad ruinas civilizationum in Mediterraneo primum apparuit in Olhar Digital.",https://olhardigital.com.br/2026/07/29/ciencia-e-espaco/novo-estudo-liga-seca-prolongada-ao-colapso-de-civilizacoes-no-mediterraneo/,https://img.odcdn.com.br/wp-content/uploads/2024/10/iStock-1406147268.jpg,http://web.archive.org/web/20260730031053/https://olhardigital.com.br/2026/07/29/ciencia-e-espaco/novo-estudo-liga-seca-prolongada-ao-colapso-de-civilizacoes-no-mediterraneo/,"A combinação de diferentes ciclos climáticos naturais pode ter desempenhado um papel decisivo no colapso de diversas civilizações da Idade do Bronze, há cerca de 3.200 anos, na região do Mediterrâneo… [+4802 chars]",,2026-08-05 07:46:48+00:00,random,,,
e02552f87aa62183830c9bf0490237c7,2026-07-28T14:33:18Z,Drought,seca porto rico,observador.pt,pt,0.3,"CIM Médio Tejo weist auf Probleme hin, die nach 6 Monaten gelöst werden müssen. Elf Gemeinden im Distrikt Santarém treten in die Phase der „Erholung und Konsolidierung“ ein und versorgen die gesamte Bevölkerung mit lebensnotwendigen Lebensbedingungen, wenn auch teilweise nur provisorisch.",CIM Médio Tejo aponta problemas por resolver após 6 meses,"Onze municípios do distrito de Santarém entram na fase de ""recuperação e consolidação"" tendo toda a população as condições essenciais a vida, apesar de algumas serem provisórias.","CIM Médio Tejo points out problems to be resolved after 6 months. Eleven municipalities in the district of Santarém enter the ""recovery and consolidation"" phase, providing the entire population with essential living conditions, although some are provisional.","CIM Médio Tejo problemata post 6 menses solvenda ostendit. Undecim municipia in agro Santarem intrant tempus ""receptio et consolidationis"", providens totam multitudinem condicionibus essentialibus vivendi, etsi quaedam sunt provisoria.",https://observador.pt/2026/07/28/mau-tempo-cim-medio-tejo-aponta-infraestruturas-e-telecomunicacoes-entre-problemas-por-resolver/,https://wm.observador.pt/wm/l/https%3A%2F%2Fbordalo.observador.pt%2Fv2%2Frs%3Afill%3A770%3A403%2Fc%3A4096%3A2303%3Anowe%3A0%3A213%2Fq%3A70%2Ff%3Awebp%2Fplain%2Fhttps%3A%2F%2Fs3.observador.pt%2Fwp-content%2Fuploads%2F2026%2F04%2F02224349%2Filacerda-empresas-leiria-2-meses-kristin591-scaled.jpg?layer=obstop:T,,"A Comunidade Intermunicipal (CIM) do Médio Tejo considera que a fase mais crítica da tempestade Kristin e das cheias foi ultrapassada, mas alerta que persistem infraestruturas por recuperar, fragilid… [+5147 chars]",,2026-08-07 11:01:28+00:00,edo,Puerto Rico,CAR,North-America
fb479c32b846d6f119a620ee5505a985,2026-07-30T11:31:25Z,Heat Wave,calor,www.terra.com.br,pt,0.9,"Waldbrände in Spanien haben bereits das Dreieinhalbfache der Fläche Madrids niedergebrannt. Die neue Hitzewelle, die Spanien heimsucht, hält das Land in Alarmbereitschaft vor Waldbränden. Da sich die größten Ausbrüche in der Zentralregion bereits stabilisiert haben, konzentrieren die Behörden ihre Bemühungen auf Gebiete nahe der Grenze zu Portugal, im Nordwesten des Landes und im…",Incêndios florestais na Espanha já queimaram três vezes e meia a superfície de Madri,"A nova onda de calor que atinge a Espanha mantém o país em alerta para os incêndios florestais. Com os maiores focos já estabilizados na região central, as autoridades concentram esforços em áreas próximas à fronteira com Portugal, no noroeste do país e na co…","Forest fires in Spain have already burned three and a half times the surface of Madrid. The new heat wave hitting Spain keeps the country on alert for forest fires. With the largest outbreaks already stabilized in the central region, authorities are concentrating their efforts in areas close to the border with Portugal, in the northwest of the country and in the…","Silvarum incendia in Hispania iam ter et dimidium superficiem Matritensis incenderunt. Novus calor fluctus Hispaniae feriendi patriam custodit ad ignes silvestres vigilet. Cum maximis seditionibus iam confirmatis in regione media, auctoritates in locis prope limitem cum Portugallia in chorum patriae et in…contenderunt.","https://www.terra.com.br/noticias/mundo/europa/incendios-florestais-na-espanha-ja-queimaram-tres-vezes-e-meia-a-superficie-de-madri,ec252a8f17dc3e481d0a29d473a400b38hih3s96.html",https://s1.trrsf.com/update-1698692222/fe/zaz-mod-t360-icons/svg/logos/terra-16x9-borda.png,,"Ana Beatriz Farias, correspondente da RFI em Madri
Uma estimativa por satélite do Sistema Europeu de Informação sobre Incêndios Florestais, o EFFIS, aponta cerca de 210 mil hectares queimados desde … [+6601 chars]",,2026-08-07 16:02:33+00:00,random,,,
c8e89407903322e035a06c1725509519,2026-07-26T21:13:46Z,Heat Wave,onda de calor leiria,observador.pt,pt,0.3,Die 22-Uhr-Nachrichten. Nachrichten auf Radio Observador. Was auch immer passiert.,As notícias das 22h,As notícias na Rádio Observador. Aconteça o que acontecer.,The 10pm news. News on Radio Observador. Whatever happens.,10pm nuntium. Nuntii in Radio Observatore. Quicquid fit.,https://observador.pt/programas/noticiario/as-noticias-das-22h-1835/,https://bordalo.observador.pt/v2/rs:fill:770:403/c:770:433:nowe:0:0/q:70/f:webp/plain/https://s3.observador.pt/wp-content/uploads/2026/06/15153459/770-podcast-noticiario.png,,"Esta transcrição foi gerada automaticamente por Inteligência Artificial e pode conter erros ou imprecisões.Vamos às notícias. Jornal das 10, com edição de Beatriz Félix e Beatriz em Coimbra. O incênd… [+9718 chars]",,2026-08-07 20:52:57+00:00,wmo,Portugal,MED,Europe
e6c4d0e9b64438e981972fd03f6d57a7,2026-07-31T17:39:29Z,Heat Wave,onda de calor lisboa,observador.pt,pt,0.3,"Totale Sonnenfinsternis: Rio de Onor abgesagt, Flugplatz rückt vor. Aktivitäten im Zusammenhang mit der Sonnenfinsternis am 12. August wurden in Rio de Onor und Guadramil in der Gemeinde Bragança abgesagt. Die Programmierung wurde auf den städtischen Flugplatz verlegt.","Eclipse total: Rio de Onor cancelado, aeródromo avança","As atividades referentes ao eclipse solar do próximo dia 12 de agosto foram canceladas em Rio de Onor e Guadramil, no concelho de Bragança. Programação foi deslocada para o aeródromo municipal.","Total eclipse: Rio de Onor cancelled, airfield advances. Activities related to the solar eclipse on August 12th were canceled in Rio de Onor and Guadramil, in the municipality of Bragança. Programming was moved to the municipal aerodrome.","Eclipsis totalis: Rio de Onor cancellato, airfield progreditur. Operationes ad eclipsin solarem pertinentes die 12 mensis Augusti in Rio de Onor et Guadramil in municipio Bragança abolitae sunt. Programmatio ad aerodromum municipale mota est.",https://observador.pt/2026/07/31/eclipse-solar-de-12-de-agosto-risco-de-incendio-cancela-evento-em-rio-de-onor-e-muda-tudo-para-o-aerodromo-de-braganca/,https://wm.observador.pt/wm/l/https%3A%2F%2Fbordalo.observador.pt%2Fv2%2Frs%3Afill%3A770%3A403%2Fc%3A2701%3A1518%3Anowe%3A0%3A141%2Fq%3A70%2Ff%3Awebp%2Fplain%2Fhttps%3A%2F%2Fs3.observador.pt%2Fwp-content%2Fuploads%2F2026%2F03%2F03131030%2Fgettyimages-2264529728.jpg?layer=obstop:T,,"As atividades de observação do eclipse total do sol, em Rio de Onor e Guadramil, no concelho de Bragança, foram canceladas, devido ao risco de incêndio, tendo o município transferido todo o evento pa… [+1849 chars]",,2026-08-07 20:52:57+00:00,wmo,Portugal,MED,Europe
eb2636cf95c91f801200fb3584692420,2026-07-06T14:20:39Z,Heat Wave,calor,veja.abril.com.br,pt,0.9,"Hitzewelle verschärft die Brände in Europa und führt zur Vertreibung tausender Menschen. In Frankreich, Spanien und Portugal haben die Flammen bereits mehr als 17.000 Hektar Vegetation vernichtet","Onda de calor intensifica incêndios na Europa, deixando milhares de deslocados","Chamas já consumiram mais de 17 mil hectares de vegetação na França, Espanha e Portugal","Heat wave intensifies fires in Europe, leaving thousands of people displaced. Flames have already consumed more than 17 thousand hectares of vegetation in France, Spain and Portugal","Fluctus aestus in Europa ignes auget, relinquens millia hominum luxatis. Flamma iam plus quam XVII milia hectarum herbarum in Gallia, Hispania et Portugallia consumpsit",https://veja.abril.com.br/mundo/onda-de-calor-intensifica-incendios-na-europa-deixando-milhares-de-deslocados/,"https://veja.abril.com.br/wp-content/uploads/2026/07/gettyimages-2284772759-594x594-1.jpg?quality=70&strip=info&resize=1080,565&crop=1",,"Pular para o conteúdo
Oferta Inédita: Assine por apenas 7,99Incêndio florestal em Imarcoain, em 5 de julho de 2026, no Vale de Elorz, Navarra, Espanha. (Eduardo Sanz/Europa Press/Getty Images)
Cont… [+3039 chars]",,2026-08-07 20:52:57+00:00,random,,,
9e3d1973b251ea7190ee28510e4971ca,2026-07-10T11:21:53Z,Wildfire,incêndio florestal,www.terra.com.br,pt,0.9,"Bei einem der tödlichsten Brände Spaniens sterben elf Menschen und 19 werden vermisst. Mindestens 11 Menschen starben bei dem Versuch, einem Waldbrand in Südspanien zu entkommen, und 19...",Onze morrem e 19 estão desaparecidos em um dos incêndios mais letais da Espanha,Pelo menos 11 pessoas morreram ao tentar fugir de um incêndio florestal no ​sul da Espanha e 19 ...,Eleven die and 19 are missing in one of Spain's deadliest fires. At least 11 people died trying to escape a forest fire in southern Spain and 19...,Undecim moriuntur et XIX in una Hispania maximos ignes desunt. Saltem 11 homines mortui sunt quaerentes silvam in Hispania australi et 19..,"https://www.terra.com.br/noticias/mundo/onze-morrem-e-19-estao-desaparecidos-em-um-dos-incendios-mais-letais-da-espanha,8809800689f8564a8fccd355abc27149dzn1dbya.html",https://s1.trrsf.com/update-1698692222/fe/zaz-mod-t360-icons/svg/logos/terra-16x9-borda.png,,"Pelo menos 11 pessoas morreram ao tentar fugir de um incêndio florestal no sul da Espanha e 19 estavam desaparecidas, com os bombeiros ainda lutando nesta sexta-feira para controlar um dos incêndios … [+1754 chars]",,2026-08-07 20:52:57+00:00,random,,,
5e1db744bd99f4529ebba7a9793d70df,2026-07-27T22:26:24Z,Heat Wave,onda de calor,www.terra.com.br,pt,0.9,"Was hilft bei der Waldbrandbekämpfung? Da die globale Erwärmung Dürren und Hitzewellen verstärkt, versuchen Länder,...",O que funciona no combate a incêndios florestais?,"Com o aquecimento global intensificando secas e ondas de calor, países buscam combinar ...","What works when fighting forest fires? With global warming intensifying droughts and heat waves, countries seek to combine...","Quae opera pugnantes cum ignibus silvestribus? Cum calefactione globali siccitates et aestus augente, nationes coniungi quaerunt...","https://www.terra.com.br/byte/ciencia/o-que-funciona-no-combate-a-incendios-florestais,323c4675fd8aed2e862cef2e9ffdd19ekod6ibja.html",https://s1.trrsf.com/update-1698692222/fe/zaz-mod-t360-icons/svg/logos/terra-16x9-borda.png,,"Com o aquecimento global intensificando secas e ondas de calor, países buscam combinar prevenção, manejo do fogo e restauração de ecossistemas. Brasil é um bom exemplo mundial.Na mesma semana em que … [+11380 chars]",,2026-08-07 20:52:57+00:00,random,,,
d93265f2baa4539abee513bda6604b54,2026-07-31T16:37:56Z,Heat Wave,calor,veja.abril.com.br,pt,0.9,"Unmittelbar x eminent: der Zweifel, den die Hitzewelle in Europa in den Fokus gerückt hat. Angesichts der Temperaturaufzeichnungen und Brandwarnungen in mehreren Ländern ist „unmittelbare Gefahr“ zu einem häufigen Fehler geworden. Verstehen Sie den Unterschied und fallen Sie nie wieder darauf herein",Iminente x eminente: a dúvida que a onda de calor na Europa pôs em foco,"Com recordes de temperatura e alerta de incêndio em vários países, ""risco eminente"" virou erro comum. Entenda a diferença e nunca mais caia nessa","Imminent x eminent: the doubt that the heat wave in Europe has brought into focus. With temperature records and fire alerts in several countries, ""imminent risk"" has become a common mistake. Understand the difference and never fall for it again","Imminent x Eminent: the doubt that the heat fluctu in Europe has brought in focus. Cum tabulis calidis et summis ignis in pluribus regionibus, ""periculum imminens"" communis error factus est. Differentiam intellege et numquam iterum",https://veja.abril.com.br/coluna/na-ponta-da-lingua/iminente-x-eminente-a-duvida-que-a-onda-de-calor-na-europa-pos-em-foco/#blogposting,"https://veja.abril.com.br/wp-content/uploads/2026/07/AFP__20260723__C2YU9CT__v5__HighRes__TopshotFranceEnvironmentClimateWeatherWildfire.jpg?quality=70&strip=info&resize=1080,565&crop=1",,"Pular para o conteúdo
Oferta Dia dos Pais: Receba 4 Revistas em casa por 32,90Oferta Dia dos Pais: Receba 4 Revistas em casa por 32,90
Uma aeronave Canadair CL-415 da Defesa Civil francesa sobrevoa… [+3457 chars]",,2026-08-07 20:52:57+00:00,random,,,
73652366c922bc6bb23a5120951aaa76,2026-07-12T00:16:27Z,Wildfire,incêndio florestal eslovénia central,www.terra.com.br,pt,0.3,"Mick Jagger bricht den „Fluch“ und sorgt dafür, dass sich England in Miami qualifiziert. Der britische Sänger, der für seine Kälte bei Weltmeisterschaften bekannt ist, trat beim Sieg über Norwegen im Stadion auf","Mick Jagger quebra ""maldição"" e vê classificação da Inglaterra em Miami","Famoso por ser pé-frio em Copas do Mundo, vocalista britânico surgiu no estádio na vitória sobre a Noruega","Mick Jagger breaks ""curse"" and sees England qualify in Miami. Famous for being cold at World Cups, British vocalist appeared at the stadium in the victory over Norway","Mick Jagger frangit ""maledictionem"" et videt Angliam vocandum in Miami. Celebris ob frigiditatem apud World Cups, vocalista Britannica in stadio victoriae de Norvegia apparuit","https://www.terra.com.br/esportes/futebol/internacional/mick-jagger-quebra-maldicao-e-ve-classificacao-da-inglaterra-em-miami,00b0e12f2e14becca99d14103382aab0zuvgdif5.html",https://p2.trrsf.com/image/fget/cf/1200/630/middle/images.terra.com/2026/07/12/281957403-hm-9k1xwaib8byeasy-resizecom-610x400.jpg,,"Um dos maiores astros do rock 'n' roll em todos os tempos, Mick Jagger enfim deu sorte para a Inglaterra. O cantor ganhou destaque no mundo do futebol por ser pé-frio em várias edições de Copas do Mu… [+2090 chars]",,2026-08-08 10:42:32+00:00,wmo,Slovenia,WCE,Europe
c433723b1da1cca8fdfd58d33b099b7b,2026-07-18T12:00:39Z,Wildfire,incêndio florestal na Tasmânia,br.ign.com,pt,0.3,"Anstatt teurere RAM-Module zu kaufen, entschied sich dieser Spieler, das Upgrade selbst durchzuführen, indem er Kupferrohre durchtrennte. Die RAM-Preise schossen innerhalb weniger Monate in die Höhe, also beschloss er, einfallsreich zu sein","Em vez de comprar módulos de RAM mais caros, esse jogador decidiu fazer a atualização por conta própria, cortando tubos de cobre","Os preços da memória RAM dispararam em poucos meses, então ele decidiu ser engenhoso","Instead of buying more expensive RAM modules, this gamer decided to do the upgrade himself by cutting copper tubes. RAM prices skyrocketed in just a few months, so he decided to be resourceful","Loco emere modulos arietinos pretiosiores, hic ludi statuerunt se facere upgrade tubulis aeneis incisis. Arietem pretia skyrocketed paucis mensibus tantum voluit esse versutus",https://br.ign.com/tech/154679/em-vez-de-comprar-modulos-de-ram-mais-caros-esse-jogador-decidiu-fazer-a-atualizacao-por-conta-propr,https://sm.ign.com/t/ign_br/screenshot/default/1783412585-7155-card_v6ma.1200.png,,"O preço dos componentes de computador está subindo constantemente a começar pelas memórias RAM , o que está levando alguns usuários a serem mais criativos para aliviar o impacto em seus orçamentos.
… [+3144 chars]",,2026-08-08 10:42:32+00:00,acwe,Australia,SAU,Oceania
44fd26b5982b8ee119b02736e7d3ecc1,2026-07-20T21:52:30Z,Snow&Ice,geada milford road sh94,www.mdig.com.br,pt,0.3,"Wissen Sie, was passiert, wenn Sie Politikern die Verantwortung für die Wissenschaft übertragen? In den 1930er Jahren wussten sowjetische Wissenschaftler, was passieren konnte, wenn sie sich der Parteilinie widersetzten: Denunziation, Entlassung und Ausschluss aus wissenschaftlichen Kreisen, sogar Inhaftierung und Tod. Politische Repressalien gegen diejenigen, die sich den Ideen der Diktatur widersetzten …",Sabe o que acontece quando se coloca políticos no comando da ciência?,"Na década de 1930, os cientistas soviéticos sabiam o que poderia acontecer se desafiassem a linha do partido: denúncia, demissão e expulsão do meio científico, até mesmo prisão e morte. As represálias políticas contra aqueles que se opunham às ideias do ditad…","Do you know what happens when you put politicians in charge of science? In the 1930s, Soviet scientists knew what could happen if they defied the party line: denunciation, dismissal and expulsion from scientific circles, even imprisonment and death. Political reprisals against those who opposed the dictatorship’s ideas…","Scisne quid fit cum politici disciplinae praeficiuntur? In annis 1930, Soviet phisici sciverunt quid accidere posset si lineam factionis violarent: denuntiatio, dimissio et expulsio a circulis scientificis, etiam custodia et morte. Reprehensiones politicae contra eos qui dictaturae notiones adversabantur…",https://www.mdig.com.br/index.php?itemid=61324,https://imagens.mdig.com.br/historia/Trofim_Lysenko.jpg,,"<table><tr><td></td><td>Na década de 1930, os cientistas soviéticos sabiam o que poderia acontecer se desafiassem a linha do partido: denúncia, demissão e expulsão do meio científico, até mesmo prisã… [+7924 chars]",,2026-08-08 10:42:32+00:00,wmo,New Zealand,NZ,Oceania
dd47793fa07b53c9ebe2a54b261b9bce,2026-07-30T08:41:24Z,Storm,nevasca,www.terra.com.br,pt,0.3,Windgeschwindigkeiten von bis zu 125 km/h fordern im Südosten Todesopfer und Verletzte. In São Paulo und Rio de Janeiro verursachten Böen fünf Todesopfer und einen Vermissten. ...,Ventos de até 125 km/h deixam mortos e feridos no Sudeste,Rajadas provocaram cinco mortes e deixaram um desaparecido em São Paulo e no Rio de Janeiro. ...,Winds of up to 125 km/h leave deaths and injuries in the Southeast. Gusts caused five deaths and left one missing in São Paulo and Rio de Janeiro. ...,Venti usque ad 125 km/h mortes et iniurias in Southeast exeunt. Impetus quinque mortes effecit et unum desideratum in São Paulo et Rio de Janeiro reliquit. ...,"https://www.terra.com.br/noticias/ventos-de-ate-125-kmh-deixam-mortos-e-feridos-no-sudeste,095b7bcb195ac3c3aa776c058a22d0b1l2y7sia6.html",https://s1.trrsf.com/update-1698692222/fe/zaz-mod-t360-icons/svg/logos/terra-16x9-borda.png,,"Rajadas provocaram cinco mortes e deixaram um desaparecido em São Paulo e no Rio de Janeiro. Ventania causou apagões, interrompeu transportes e derrubou árvores em diversas cidades.Ventos fortes que … [+6294 chars]",,2026-08-08 10:42:32+00:00,random,,,
a84efa8376067a7d1131760035b24246,2026-07-30T11:52:37Z,Snow&Ice,gelo Dunedin para Waitati Highway Sh1,ultimosegundo.ig.com.br,pt,0.3,Windgeschwindigkeiten von bis zu 125 km/h fordern im Südosten Todesopfer und Verletzte. In São Paulo und Rio de Janeiro verursachten Böen fünf Todesopfer und einen Vermissten,Ventos de até 125 km/h deixam mortos e feridos no Sudeste,Rajadas provocaram cinco mortes e deixaram um desaparecido em São Paulo e no Rio de Janeiro,Winds of up to 125 km/h leave deaths and injuries in the Southeast. Gusts caused five deaths and left one missing in São Paulo and Rio de Janeiro,Venti usque ad 125 km/h mortes et iniurias in Southeast exeunt. Impetus quinque mortes effecit et unum defuit in São Paulo et Rio de Janeiro .,https://ultimosegundo.ig.com.br/agencias/dw/2026-07-30/ventos-de-ate-125-km-h-deixam-mortos-e-feridos-no-sudeste.html,https://i0.statig.com.br/bancodeimagens/ai/bm/og/aibmogd5bbvc98wrt2pmycw4i.jpg,,"Redação DW
Ventos fortes que atingiram o Sudeste do Brasil deixaram cinco mortos e um desaparecido nos estados de São Paulo e Rio de Janeiro. Em algumas regiões, as rajadas chegaram a 124,9 km/h.
E… [+6142 chars]",,2026-08-08 10:42:32+00:00,wmo,New Zealand,NZ,Oceania
06e6f39b36c63f4d1a95b507f301304d,2026-07-15T20:54:46Z,Heat Wave,calor,ultimosegundo.ig.com.br,pt,0.9,"Ende der Kälte? Diese Woche bildet sich in 9 Bundesstaaten eine Hitzeblase. Eine Masse heißer Luft strömt durch die Mitte-Süd-Region und sorgt für eine weit über dem Juli-Durchschnitt liegende Hitze, mit Folgen auch für Gebiete im Norden",Fim do frio? Bolha de calor se instala em 9 estados nesta semana,"Massa de ar quente avança pelo Centro-Sul e provoca calor muito acima da média para julho, com reflexos também em áreas do Norte","End of the cold? Heat bubble settles in 9 states this week. A mass of hot air advances through the Center-South and causes heat well above the average for July, with consequences also in areas of the North","Frigus fine? Bulla caloris insedit in IX civitatibus hac septimana. Massa aeris calidi per Centrum-meridionalem procedit et calefacit bene supra medium Iulio, cum consequentibus etiam in locis septentrionis.",https://ultimosegundo.ig.com.br/brasil/2026-07-15/fim-do-frio--bolha-de-calor-se-instala-em-9-estados-do-brasil.html,https://i0.statig.com.br/bancodeimagens/en/bp/d6/enbpd6ev891nyr06hl66ty43p.jpg,,"Uma intensa massadearquente deve elevar as temperaturas em diversas regiões do Brasil nos próximos dias. Segundo a MetSul Meteorologia, uma  bolha de calor vai se instalar sobre o centro da América d… [+2781 chars]",,2026-08-08 10:42:32+00:00,random,,,
a1df623ccfcd05dc31bde9c95e626816,2026-07-28T11:07:26Z,Heat Wave,calor,www.terra.com.br,pt,0.9,"Kalte Luftmassen breiten sich über Brasilien aus und senken die Temperaturen bis zum Ende der Woche; Sehen Sie, wo. Nach Tagen mit Hitze und Trockenheit verändert das Vordringen einer Kaltfront das Szenario im Süden und Südosten, während in einigen Regionen immer noch hohe Temperaturen herrschen",Massa de ar frio avança pelo Brasil e derruba temperaturas até o fim da semana; veja onde,"Depois de dias de calor e tempo seco, o avanço de uma frente fria muda o cenário no Sul e Sudeste, enquanto algumas regiões ainda enfrentam temperaturas elevadas","Cold air mass advances across Brazil and drops temperatures until the end of the week; see where. After days of heat and dry weather, the advance of a cold front changes the scenario in the South and Southeast, while some regions still face high temperatures","Accedit massa aeris frigidi per Brasiliam et guttas temperaturas usque ad finem septimanae; ubi vide. Post dies caloris et siccitatis, anterius frigoris anterius missionis meridionalis et australis mutat, cum regiones aliquae adhuc faciem calidissimae temperaturae","https://www.terra.com.br/vida-e-estilo/massa-de-ar-frio-avanca-pelo-brasil-e-derruba-temperaturas-ate-o-fim-da-semana-veja-onde,af3733623493081fd587a46fa116ea89vgddpn3c.html",https://p2.trrsf.com/image/fget/cf/1200/630/middle/images.terra.com/2026/07/28/569278966-capa-bons-fluidos-2026-07-28t075511308.jpg,,"Depois de uma sequência de dias quentes e secos em boa parte do país, uma massa de ar frio começa a avançar pelo Brasil e deve provocar uma mudança significativa no tempo até o fim da semana. A queda… [+2842 chars]",,2026-08-08 10:42:32+00:00,random,,,
453f36e84a78b3fe4d051964c31d425f,2026-07-17T10:50:15Z,Wildfire,incêndio florestal na região de Saratov,www.terra.com.br,pt,0.3,"Die Auswirkungen des Klimawandels könnten einer 3,3 Millionen Jahre andauernden Veränderung der tropischen Vegetation entsprechen. Transformationen, die Millionen von Jahren gedauert haben, können sich in Jahrzehnten wiederholen, und dieser zeitlich komprimierte Wandel kann destruktiv sein und gefährliche Folgen für den Planeten haben","Impacto das mudanças climáticas pode equivaler a 3,3 milhões de anos de transformações nas vegetações tropicais","Transformações que levaram milhões de anos podem se repetir em décadas, e essa mudança comprimida no tempo pode se tornar destrutiva, com consequências perigosas para o planeta","The impact of climate change could be equivalent to 3.3 million years of transformations in tropical vegetation. Transformations that took millions of years can be repeated in decades, and this change compressed in time can become destructive, with dangerous consequences for the planet","Ictus climatis mutationis aequipollere potuit 3.3 decies centena milia annorum mutationum in vegetatione tropica. Transformationes quae decies centena milia annorum in decenniis iterari possunt, et haec mutatio tempore compressa perniciosa fieri potest, cum perniciosis eventibus pro planeta.","https://www.terra.com.br/noticias/impacto-das-mudancas-climaticas-pode-equivaler-a-33-milhoes-de-anos-de-transformacoes-nas-vegetacoes-tropicais,f0f0ca7f83a69688a84647caed48bd41e25aov5x.html",https://p2.trrsf.com/image/fget/cf/1200/630/middle/images.terra.com/2026/07/17/1184441757-count.gif,,"Os trópicos cobrem menos de um terço da superfície terrestre, mas abrigam mais da metade das espécies conhecidas. Florestas, savanas, campos, desertos: uma variedade enorme de ambientes se distribui … [+4710 chars]",,2026-08-09 20:43:37+00:00,wmo,Russia,ESB,Europe
88a3f3fc3506b84749680e6eea708404,2026-07-10T05:32:34Z,Drought,seca nas Bermudas,observador.pt,pt,0.3,"„In Carenque haben wir erreicht, was wir nie für möglich gehalten hätten.“ „Es gibt so wenig geologische Informationen im Internet (im Gegensatz zu biologischen Informationen), dass die KI immer Fehler macht“, sagt der Paläontologe Mário Cachão, der Tipps zu Geodenkmälern hinterlässt, die man diesen Sommer besuchen sollte",“Em Carenque conseguiu-se o que nunca achámos possível”,"“Há tão pouca informação geológica na net (ao contrário da  biológica), que a IA está sempre a enganar-se”, refere o paleontólogo Mário Cachão, que deixa dicas de geomonumentos a visitar este verão","“In Carenque we achieved what we never thought possible”. “There is so little geological information on the internet (as opposed to biological information), that AI is always making mistakes”, says paleontologist Mário Cachão, who leaves tips on geomonuments to visit this summer","""In Carenque fuimus quod numquam fieri posse putavimus"". ""Tantum est notitiae geologicae in interrete (ut biologicae notitiae opponitur), quod AI semper errat"", paleontologist Mário Cachão dicit, qui apices geomonumenta relinquit ut hanc aestatem invisant.",https://observador.pt/programas/convidado-extra/mario-cachao-em-carenque-conseguiu-se-o-que-nunca-achamos-possivel/,https://bordalo.observador.pt/v2/rs:fill:770:403/c:770:433:nowe:0:0/q:70/f:webp/plain/https://s3.observador.pt/wp-content/uploads/2021/04/13105535/770-podcast-convidado-extra.jpg,,"Esta transcrição foi gerada automaticamente por Inteligência Artificial e pode conter erros ou imprecisões.Uma criança com um ano, eu constatei isso com os meus netos, distingue um cão de um gato per… [+39824 chars]",,2026-08-10 06:17:26+00:00,edo,Bermuda,NAO,Atlantic Ocean
317086a5cfe34a2d5dc38a9a7c1dc76c,2026-07-12T18:27:43Z,Storm,tempestade na Arábia Saudita,www.terra.com.br,pt,0.3,"Eine mögliche Ausweitung der Weltmeisterschaft werde nach der Ausgabe 2026 diskutiert, sagt Infantino. Eine weitere Ausweitung der Weltmeisterschaft, eine Erhöhung der Zahl der teilnehmenden Mannschaften auf 64,...","Potencial ampliação da Copa do Mundo será discutida após a edição de 2026, diz Infantino","Qualquer nova expansão da Copa do Mundo, ‌aumentando o número de seleções participantes para 64, ...","Potential expansion of the World Cup will be discussed after the 2026 edition, says Infantino. Any further expansion of the World Cup, ‌increasing the number of participating teams to 64,...","Potentia expansio Mundi Calix post 2026 editionem tractabitur, dicit Infantino. Amplius dilatatio Mundi, augens numerum participationis iunctorum ad 64,...","https://www.terra.com.br/esportes/potencial-ampliacao-da-copa-do-mundo-sera-discutida-apos-a-edicao-de-2026-diz-infantino,dd85fef92ad3e69f942dcd791d4d382c048zlb4t.html",https://s1.trrsf.com/update-1698692222/fe/zaz-mod-t360-icons/svg/logos/terra-16x9-borda.png,,"Qualquer nova expansão da Copa do Mundo, ‌aumentando o número de seleções participantes para 64, será discutida após a edição deste ano, afirmou o presidente da Fifa, Gianni Infantino, sem fornecer d… [+3289 chars]",,2026-08-10 06:17:26+00:00,wmo,Saudi Arabia,ARP,Asia
20a384b37d8bfc91a4ba655b219972d9,2026-07-17T08:00:00Z,Thunderstorm,trovoada,abertoatedemadrugada.com,pt,0.3,Produkte der Woche. Razer bringt Pikachu- und Evoli-Kollektion auf den Markt; Bose Lifestyle Ultra Speaker im Dual-Modus; Xiaomi REDMI Buds 8;,Produtos da Semana,Razer lança colecção Pikachu e Eevee; Bose Lifestyle Ultra Speaker em modo duplo; Xiaomi REDMI Buds 8;,Products of the Week. Razer launches Pikachu and Eevee collection; Bose Lifestyle Ultra Speaker in dual mode; Xiaomi REDMI Buds 8;,Producta hebdomadis. Razer Pikachu et Eevee collectionem immittit; Bose Lifestyle Ultra Speaker in dual mode; Xiaomi REDMI Buds 8;,https://abertoatedemadrugada.com/2026/07/produtos-da-semana17.html,https://blogger.googleusercontent.com/img/b/R29vZ2xl/AVvXsEhXjE6-jQItKyavRYuro9qAl98rciRJSU8nK7dZaxiZamVWA9xN7rI4m7jwBkJGdMMzEoUZ8Z89_H4bhjUBEizaRnjeS5wgFeLR41qkRET-VEcuyYOmM5beWMf34Vf5Wa76sNEXAPq5W34sBfu74rpAh3fId-nKrUGwEImhqbpvfinDzVMvilN21Ke86ZXX/w1200-h630-p-k-no-nu/razer.jpg,,"A nossa rubrica de Produtos da Semana agrupa uma lista de produtos e notícias que vamos compilando ao longo da semana e que achamos que será do interesse geral.




Razer lança colecção Pikachu e Eev… [+14606 chars]",,2026-08-10 06:17:26+00:00,random,,,
6666dd746c6a4d82a8d2ae34555f0a5e,2026-07-22T10:02:28Z,Precipitation,chuva torrencial Tailândia,news.samsung.com,pt,0.3,"Samsung Galaxy Watch Ultra2 und Watch9: Ihr Gesundheitsverbündeter am Handgelenk. ZUSAMMENFASSUNG KI Samsung stellt die Galaxy Watch Ultra2 und die Galaxy Watch9 vor, KI-gestützte Gesundheitsbegleiter, die biometrische Daten umwandeln",Samsung Galaxy Watch Ultra2 e Watch9: seu aliado de saúde no pulso,"RESUMO AI A Samsung apresenta o Galaxy Watch Ultra2 e o Galaxy Watch9, companheiros de saúde com inteligência artificial que transformam dados biométricos","Samsung Galaxy Watch Ultra2 and Watch9: your health ally on your wrist. SUMMARY AI Samsung introduces Galaxy Watch Ultra2 and Galaxy Watch9, AI-powered healthcare companions that transform biometric data","Samsung VIA LACTEA Watch Ultra2 et Watch9: socium salutis tuae in carpo tuo. SUMMARIUM AI Samsung inducit galaxia Watch Ultra2 et Galaxy Watch9, AI-Lorem Sociis qui datam biometricam transformant.",https://news.samsung.com/br/samsung-galaxy-watch-ultra2-e-watch9-seu-aliado-de-saude-no-pulso,https://img.global.news.samsung.com/br/wp-content/uploads/2026/07/novos-samsung-galaxy-watch9-watch-ultra2_728_center.jpg,,"RESUMO AI
<ul><li>A Samsung apresenta o Galaxy Watch Ultra2 e o Galaxy Watch9, companheiros de saúde com inteligência artificial que transformam dados biométricos complexos em orientações personaliz… [+28476 chars]",,2026-08-10 06:17:26+00:00,wmo,Thailand,SEA,Asia
39a7b8b1d8a4129f55fc39234c28b374,2026-07-23T09:13:46Z,Wildfire,incêndio florestal na Tasmânia,observador.pt,pt,0.3,Die 10-Uhr-Nachrichten. Nachrichten auf Radio Observador. Was auch immer passiert.,As notícias das 10h,As notícias na Rádio Observador. Aconteça o que acontecer.,The 10am news. News on Radio Observador. Whatever happens.,The 10am news. Nuntii in Radio Observatore. Quicquid fit.,https://observador.pt/programas/noticiario/as-noticias-das-10h-2415/,https://bordalo.observador.pt/v2/rs:fill:770:403/c:770:433:nowe:0:0/q:70/f:webp/plain/https://s3.observador.pt/wp-content/uploads/2026/06/15153459/770-podcast-noticiario.png,,"Esta transcrição foi gerada automaticamente por Inteligência Artificial e pode conter erros ou imprecisões.As notícias às 10, na Rádio Observador, antes do Contracorrente. Carla Jorge Carvalho, começ… [+8026 chars]",,2026-08-10 06:17:26+00:00,acwe,Australia,SAU,Oceania
d365bb3bd9f39ac3047b1244e1ac9160,2026-07-10T16:39:14Z,Precipitation,chuva torrencial argentina,www.terra.com.br,pt,0.3,"Wie der französische Trainer mit den Egos von fünf der größten Stars der Welt umgeht, um den dritten Weltmeistertitel anzustreben. Didier Deschamps versucht, den Protagonismus von Mbappé und Dembelé auszugleichen, minimiert die Konkurrenz zwischen Barcola und Doué und lobt Olise",Como o técnico da França maneja egos de 5 dos maiores craques do mundo para buscar o tricampeonato da Copa,"Didier Deschamps tenta equilibrar protagonismo de Mbappé e Dembelé, minimiza concorrência entre Barcola e Doué e exalta Olise","How the France coach manages the egos of 5 of the biggest stars in the world to seek a third World Cup title. Didier Deschamps tries to balance the protagonism of Mbappé and Dembelé, minimizes competition between Barcola and Doué and praises Olise","Quomodo raeda Franciae inflantur 5 stellarum maximarum in mundo ad quaerendam titulum tertii Mundi. Didier Deschamps protagonismum Mbappé et Dembelé aequare nititur, inter Barcolam et Doué et Olisae collaudans certationem regit.","https://www.terra.com.br/esportes/futebol/copa-2026/como-o-tecnico-da-franca-maneja-egos-de-5-dos-maiores-craques-do-mundo-para-buscar-o-tricampeonato-da-copa,44d86587e69ed520fc8764e470f945c07cwd18zi.html",https://p2.trrsf.com/image/fget/cf/1200/630/middle/images.terra.com/2026/07/01/493919393-treino-franca-copa-21062026-610x400.jpg,,"Uma constelação de craques pode dar muito certo em campo, como a Seleção Brasileira de 1970, ou muito errado, como os galácticos do Real Madrid nos anos 2000. A França é vista como o grande time a se… [+3347 chars]",,2026-08-10 11:16:47+00:00,wmo,Argentina,SES,South-America
a95ba1f7a2b4ee60945be6d5c8fbb0cc,2026-07-19T09:56:00Z,Drought,falta de chuva brunei,www.terra.com.br,pt,0.3,Wie „The Big Stink“ eine Sanitärrevolution in London auslöste. Der Sommer 1858 war in London unerträglich heiß und verbreitete den Geruch einer schmutzigen Themse ...,"Como ""O Grande Fedor"" impulsionou uma revolução do saneamento em Londres","O verão de 1858 foi insuportavelmente quente em Londres, espalhando o odor de um Tâmisa imundo ...","How 'The Big Stink' Fueled a Sanitation Revolution in London. The summer of 1858 was unbearably hot in London, spreading the odor of a filthy Thames...","Quomodo 'Magnus Stink' Fueled Sanitation Revolution in London. Aestas MDCCCLVIII intolerabili calida Londinii fuit, odorem foedi Tamesis spargens.","https://www.terra.com.br/vida-e-estilo/como-o-grande-fedor-impulsionou-uma-revolucao-do-saneamento-em-londres,a8f68b29835ae0030d95cfb6ebe7064f701uf67q.html",https://s1.trrsf.com/update-1698692222/fe/zaz-mod-t360-icons/svg/logos/terra-16x9-borda.png,,"O verão de 1858 foi insuportavelmente quente em Londres, espalhando o odor de um Tâmisa imundo por toda cidade. É a este evento histórico que os londrinos devem boa parte de sua infraestrutura de esg… [+5738 chars]",,2026-08-10 11:16:47+00:00,edo,Brunei,SEA,Asia
372100d01427ccbee4391ceb4b0c4d37,2026-07-19T11:32:11Z,Tsunami,tsunami,www.terra.com.br,pt,0.3,England besiegt Frankreich und belegt den dritten Platz bei der Weltmeisterschaft. In einem spannenden Zehn-Tore-Spiel besiegt die englische Mannschaft die Franzosen mit 6:4. Mbappé punktet...,Inglaterra derrota França e fica com terceiro lugar na Copa,"Numa partida eletrizante de dez gols, seleção inglesa derrota franceses por 6 a 4. Mbappé marca ...","England defeats France and takes third place in the World Cup. In an electrifying ten-goal match, the English team defeats the French 6-4. Mbappé scores...","Anglia Franciam superat et tertiam locum in Trophaeo Mundi capit. In electificatione decem-finis par, turma Anglica Gallos 6-4. Mbappé scores...","https://www.terra.com.br/esportes/inglaterra-derrota-franca-e-fica-com-terceiro-lugar-na-copa,f81485ef711c0623983e4c1d0f29d2caj69wcgjl.html",https://p2.trrsf.com/image/fget/cf/1200/630/middle/images.terra.com/2026/07/19/1581304172-78022430354.jpg,,"Numa partida eletrizante de dez gols, seleção inglesa derrota franceses por 6 a 4. Mbappé marca duas vezes e é o novo artilheiro das Copas, com 22 gols.Num jogo eletrizante, a Inglaterra conquistou u… [+3960 chars]",,2026-08-10 11:16:47+00:00,random,,,
88e2494460f7da11bc1eee1e1b8aecf4,2026-07-20T06:33:22Z,Precipitation,chuva torrencial hgo pue tlax,observador.pt,pt,0.3,Die 7-Uhr-Nachrichten. Nachrichten auf Radio Observador. Was auch immer passiert.,As notícias das 7h,As notícias na Rádio Observador. Aconteça o que acontecer.,The 7am news. News on Radio Observador. Whatever happens.,The 7am news. Nuntii in Radio Observatore. Quicquid fit.,https://observador.pt/programas/noticiario/as-noticias-das-7h-2449/,https://bordalo.observador.pt/v2/rs:fill:770:403/c:770:433:nowe:0:0/q:70/f:webp/plain/https://s3.observador.pt/wp-content/uploads/2026/06/15153459/770-podcast-noticiario.png,,"Esta transcrição foi gerada automaticamente por Inteligência Artificial e pode conter erros ou imprecisões.Jornal das 7, edição com a Carla Jorge Carvalho. Carla, a seleção espanhola regressa esta ma… [+11414 chars]",,2026-08-10 11:16:47+00:00,wmo,Mexico,NCA,North-America
90beed62a6a83f44ae8ebea6b038072b,2026-07-21T17:15:45Z,Storm,tempestade Uruguai,www.terra.com.br,pt,0.3,Die Brände im Amazonasgebiet erreichen im Jahr 2025 einen historischen Tiefstand. Laut MapBiomas war die verbrannte Fläche die kleinste seit 1985. Rückgang der Abholzung und Ausweitung von...,Incêndios na Amazônia registram mínimo histórico em 2025,"Área queimada foi a menor desde 1985, segundo o MapBiomas. Queda no desmatamento e extensão do ...","Fires in the Amazon record a historic low in 2025. The burned area was the smallest since 1985, according to MapBiomas. Drop in deforestation and extension of...","Ignes in Amazonibus memorant historicum humilem anno 2025. Area combusta minima ab anno 1985 fuit, secundum MapBiomas. Iacta in deforestation et extensione...","https://www.terra.com.br/byte/ciencia/incendios-na-amazonia-registram-minimo-historico-em-2025,80cec9870ab8e974530875432df6d8c98le5m178.html",https://p2.trrsf.com/image/fget/cf/1200/630/middle/images.terra.com/2026/07/21/2066318964-74563865354.jpg,,"Área queimada foi a menor desde 1985, segundo o MapBiomas. Queda no desmatamento e extensão do período de chuvas contribuíram. Ao todo, Brasil teve redução de 32% nos incêndios florestais.Os incêndio… [+4060 chars]",,2026-08-10 11:16:47+00:00,wmo,Uruguay,SES,South-America
ccccdcb8d22d0712341dc2b2b454c37a,2026-07-21T21:50:19Z,Earthquake,terremoto hadibu,flatout.com.br,pt,0.3,"Bultaco: die Zweitakt-Legende aus Spanien. Entgegen allen Vorhersagen besiegte das spanische Team Argentinien und holte sich 2026 den Weltmeistertitel – den zweiten in der Geschichte dieses Landes. Fußball ist tatsächlich, wie das alte Sprichwort sagt, eine Kiste voller Überraschungen. Aber andererseits, FlatOut...",Bultaco: a lenda dois-tempos que veio da Espanha,"Contrariando todas as previsões, a seleção da Espanha venceu a Argentina e clamou para si o título de Campeã do Mundo em 2026 — o segundo na história daquele país. O futebol é mesmo, como diz o velho ditado, uma caixinha de surpresas. Mas, de novo, o FlatOut …","Bultaco: the two-stroke legend that came from Spain. Contrary to all predictions, the Spanish team beat Argentina and claimed the title of World Champion in 2026 — the second in that country's history. Football really is, as the old saying goes, a box of surprises. But then again, FlatOut...","Bultaco: de duo- tudine fabularum quae ex Hispania venerant. Contra omnes praedictiones, turma Hispanica Argentinam verberavit et titulum vindicavit Mundus Champion in 2026 — secundum in historia patriae. Eu vero, ut aiunt, capsulam obrepserit. Iterum autem, FlatOut...",https://flatout.com.br/bultaco-a-lenda-dois-tempos-que-veio-da-espanha/,https://cdn.flatout.com.br/wp-content/uploads/2026/07/bultaco-999x562.webp,,contrariando todas as previsoes  a seleçao da espanha venceu a argentina e clamou para si o titulo de campea do mundo em 2026  o segundo na historia daquele pais  o futebol e mesmo  como diz o velho … [+57287 chars],,2026-08-10 11:16:47+00:00,usgs,Yemen,ARS,Indian Ocean
dedd43c271c436acb7fb3e3f926c0f73,2026-07-21T08:54:58Z,Drought,seca são tomé e príncipe,www.insoonia.com,pt,0.3,"Die echten mittelalterlichen Burgen in den Vereinigten Staaten (15). Vom mittelalterlichen Europa inspirierte Festungen. Entdecken Sie 15 über die USA verteilte Schlösser, die durch ihre Architektur und Geschichte bezaubern.
Der Beitrag Die echten mittelalterlichen Burgen in den Vereinigten Staaten (15) erschien zuerst in INSOÔNIA – Kuriositäten, Wissenschaft, Technologie…",Os verdadeiros castelos medievais dos Estados Unidos (15),"Fortalezas inspiradas na Europa medieval. Conheça 15 castelos espalhados pelos EUA que encantam pela arquitetura e pela história.
O post Os verdadeiros castelos medievais dos Estados Unidos (15) apareceu primeiro em INSOÔNIA - Curiosidades, Ciência, Tecnologi…","The real medieval castles in the United States (15). Fortresses inspired by medieval Europe. Discover 15 castles spread across the USA that enchant with their architecture and history.
The post The real medieval castles in the United States (15) appeared first in INSOÔNIA - Curiosities, Science, Technology…","Arces reales medii aevi in ​​Civitatibus Foederatis Americae (15). Arces Europae mediaevales inspiratae. XV arces per USA divulgavit quae cum architectura et historia incantant.
Posta realia castella mediaevalia in Civitatibus Foederatis Americae (15) primum apparuit in INSOÔNIA - Curiositates, Scientia, Technologia…",https://www.insoonia.com/os-castelos-medievais-dos-estados-unidos/,https://i3.wp.com/www.insoonia.com/wp-content/uploads/2026/07/Wings-Castle-Nova-York.webp,,"Pode parecer estranho falar em castelos medievais nos Estados Unidos, mas eles existem!
Espalhadas por diferentes estados, essas construções impressionantes foram inspiradas na arquitetura dos antig… [+14193 chars]",,2026-08-10 16:06:07+00:00,edo,Sao Tome and Principe,WAF,Africa
1cb7efd1dc52707cdd9f24d1fbeabbfe,2026-07-18T16:31:28Z,Precipitation,precipitação Tanzânia,www.terra.com.br,pt,0.3,"Verzögerungen bei Befehlen und Verwirrung haben die Reaktion des venezolanischen Militärs auf Erdbeben verlangsamt, sagen Quellen. Verspätete Befehle von Militärkommandanten, mangelnde Grundausrüstung und allgemeine Verwirrung ...","Atrasos em ordens e confusão retardaram resposta das forças armadas da Venezuela a terremotos, dizem fontes","Ordens atrasadas de comandantes militares, falta de equipamentos básicos e confusão geral ...","Delays in orders and confusion have slowed Venezuela's military's response to earthquakes, sources say. Delayed orders from military commanders, lack of basic equipment and general confusion...","Morae ordinum et tumultuum responsio militaris Venetiolae motus terrae motus retardasse dicunt, fontes dicunt. Distulit imperia ducum militarium , penuria rerum rudimentorum , et tumultus omnium .","https://www.terra.com.br/noticias/mundo/atrasos-em-ordens-e-confusao-retardaram-resposta-das-forcas-armadas-da-venezuela-a-terremotos-dizem-fontes,c30fcaea5b37ef5f2f7ed030de09d62af3hk74ag.html",https://s1.trrsf.com/update-1698692222/fe/zaz-mod-t360-icons/svg/logos/terra-16x9-borda.png,,"Ordens atrasadas de comandantes militares, falta de equipamentos básicos e confusão geral estiveram entre os problemas que dificultaram o envio ‌de tropas venezuelanas nos primeiros dias cruciais apó… [+6449 chars]",,2026-08-10 20:54:39+00:00,wmo,Tanzania,SEAF,Africa
5f0f26d734bca78fb07b7c02d1f10c17,2026-07-22T12:59:56Z,Volcano,vulcão,turismo.ig.com.br,pt,0.9,"Den Fuji besteigen. Was Ihnen niemand über die Besteigung des höchsten Berges Japans erzählt. Wie ist der Aufstieg über die Yoshida-Route, die strukturierteste Route dieses riesigen Vulkans?",Escalando o Monte Fuji,"O que ninguém te conta sobre escalar a maior montanha do Japão. Como é a ascensão da rota Yoshida, a mais estrutura deste gigante vulcão.","Climbing Mount Fuji. What no one tells you about climbing the biggest mountain in Japan. How is the ascent of the Yoshida route, the most structured of this giant volcano.","Scandere Montem Fuji. Quod nemo tibi narrat de monte maximo in Iaponia ascendendo. Quomodo ascensus Yoshida itineris sit, maxime structurae huius gigantis vulcani.",https://turismo.ig.com.br/colunas/pedro-hauck/2026-07-22/escalando-o-monte-fuji.html,https://i0.statig.com.br/bancodeimagens/91/z0/iy/91z0iy4jr7thta34k31wtp9mt.jpg,,"O Monte Fuji (3.776 m) é a imagem máxima do Japão. Visto de longe, com seu cone simétrico e topo nevado, transmite uma paz quase espiritual. No entanto, para quem encara a montanha de perto como guia… [+5034 chars]",,2026-08-11 02:20:22+00:00,random,,,
0c62d7ff2be55a3c5c68db476c313d1c,2026-07-21T12:42:43Z,Wildfire,incêndio viseu Dão Lafões Portugal,esporte.ig.com.br,pt,0.3,"Französischer Star wird beschuldigt, ein einjähriges Baby väterlicherseits ausgesetzt zu haben. Fatima Zaunbrecher, Ex-Freundin von Stürmer Michael Olise, gab an, dass der Spieler nach einem DNA-Test die Vaterschaft anerkannt habe",Estrela da França é acusada de abandono paterno de bebê de 1 ano,"Fatima Zaunbrecher, ex-namorada do atacante Michael Olise, afirmou que o jogador reconheceu a paternidade após realizar um teste de DNA","French star is accused of paternal abandonment of 1-year-old baby. Fatima Zaunbrecher, ex-girlfriend of striker Michael Olise, stated that the player recognized paternity after taking a DNA test","Accusat stellam Gallicam de paterna derelictione infantem 1 annorum. Fatima Zaunbrecher, amica percussoris Michaelis Olise, affirmavit lusorem agnovisse paternitatem post acceptam DNA test.",https://esporte.ig.com.br/futebol/2026-07-21/estrela-da-franca-e-acusada-de-abandono-paterno-de-bebe-de-1-ano.html,https://i0.statig.com.br/bancodeimagens/3p/ik/b5/3pikb56i3fssuwbgtgp2wbkga.jpg,,"Estrela da França durante toda a Copa do Mundo de 2026, o atacante Michael Olise se tornou pivô de uma graveacusação  da ex-namorada  Fatima Zaunbrecher. A funcionária de uma ótica em Düsseldorf, na … [+2313 chars]",,2026-08-11 10:58:32+00:00,effis,Portugal,MED,Europe
6dedaa84c789c5bc687a43c26af9bc6b,2026-07-15T13:43:35Z,Cold Wave,frio recorde,www.metropoles.com,pt,0.8,"Der Bundesstaat SP verzeichnet im Jahr 2026 eine Rekordkälte mit einem Minimum von 1,3 °C. Nach Angaben des staatlichen Zivilschutzes rückt die Polarmasse über den Bundesstaat SP vor und verstärkt die Kälte in der Serra da Mantiqueira","Estado de SP registra recorde de frio em 2026, com mínima de 1,3°C","Massa polar avança sobre o estado de SP e intensifica o frio na Serra da Mantiqueira, segundo a Defesa Civil do Estado","State of SP records record cold in 2026, with a minimum of 1.3°C. Polar mass advances over the state of SP and intensifies the cold in Serra da Mantiqueira, according to the State Civil Defense","State of SP records record records the cold in 2026, with minimum of 1.3°C. Massa polaris super statum SP promovetur et frigus in Serra da Mantiqueira auget, secundum Publicam Defensio Civili.",https://www.metropoles.com/sao-paulo/estado-de-sp-recorde-frio-2026,https://i.metroimg.com/605jS0n6dTcB488ALGHcx7OUpbsP-77dzf-J3pw8JT8/rs:fill:1200:800:1/g:no/q:85/f:webp/plain/https://images.metroimg.com/2026/07/design-sem-nome-2026-07-15t103914-366-1.png,,"O Estado de São Paulo registrou um novo recorde de frio em 2026. A cidade de Campos do Jordão, no interior paulista, registrou 1,3°C nesta quarta-feira (15/7), sendo a menor temperatura observada des… [+1847 chars]",,2026-08-11 10:58:32+00:00,random,,,
6d9783d51992abe84aa4c107c964920a,2026-07-15T23:04:50Z,Drought,período de seca brunei,www.terra.com.br,pt,0.3,"Windböen mit einer Geschwindigkeit von 150 km/h lösen in Rio Grande do Sul höchste Alarmbereitschaft für schwere Stürme aus. Modelle deuten darauf hin, dass Low Level Jet mit einer Kraft wirken wird, die fast viermal größer ist als die klassische Mindestgrenze für das Phänomen",Jato de ventos a 150 km/h aciona alerta máximo para temporais severos no Rio Grande do Sul,Modelos apontam que Jato de Baixos Níveis atuará com força quase 4 vezes maior que o limite mínimo clássico para o fenômeno,Jet of winds at 150 km/h triggers maximum alert for severe storms in Rio Grande do Sul. Models indicate that Low Level Jet will act with force almost 4 times greater than the classic minimum limit for the phenomenon,Jet ventorum in 150 km/h triggers maxime vigilantes pro gravibus procellis in Rio Grande do Sul. Exempla indicant Minimum Gradus Jet vi fere 4 temporibus majora vi aget quam minimum phaenomenon classicum,"https://www.terra.com.br/noticias/previsao-do-tempo/jato-de-ventos-a-150-kmh-aciona-alerta-maximo-para-temporais-severos-no-rio-grande-do-sul,8eec854d544379366e70403ada9fb135d9dndrff.html",https://s1.trrsf.com/update-1698692222/fe/zaz-mod-t360-icons/svg/logos/terra-16x9-borda.png,,"Um cenário atmosférico altamente preocupante começa a se configurar sobre a Região Sul do Brasil, com potencial para provocar vários dias consecutivos de tempestades intensas a partir desta quinta-fe… [+2429 chars]",,2026-08-11 16:06:10+00:00,edo,Brunei,SEA,Asia
6e477b42650be3ba484f9a2dd1e947c1,2026-07-17T09:28:00Z,Wildfire,incêndio florestal eslovénia central,catracalivre.com.br,pt,0.3,"Wissenschaftler finden eine riesige Struktur 3 km unter dem antarktischen Eis, die erklärt, wie Gondwana vor 150 Millionen Jahren aufzubrechen begann. Geophysikalische Kartierungen in der Ostantarktis haben eine kolossale subglaziale Beckenstruktur offenbart, die die Gondwana-Wasserscheide rekonstruiert.
Der Beitrag Wissenschaftler finden eine riesige Struktur 3 km unter dem Eis der Antarktis, die erklärt, wie Gondwana begann …",Cientistas encontram a 3 km sob o gelo da Antártida uma estrutura gigante que ajuda a explicar como Gondwana começou a se romper há 150 milhões de anos,"Um mapeamento geofísico na Antártida Oriental revelou uma colossal estrutura de bacias subglaciais que reconstrói a divisão de Gondwana.
O post Cientistas encontram a 3 km sob o gelo da Antártida uma estrutura gigante que ajuda a explicar como Gondwana começo…","Scientists find a giant structure 3 km under the Antarctic ice that helps explain how Gondwana began to break up 150 million years ago. Geophysical mapping in East Antarctica has revealed a colossal subglacial basin structure that reconstructs the Gondwana divide.
The post Scientists find a giant structure 3 km under the ice of Antarctica that helps explain how Gondwana began…","Scientistae ingentes structuram 3 km sub glacie Antarctica inveniunt quae adiuvat ut explicatur quomodo Gondwana CL miliones annos dirumpere coepit. Tabula geographica geophysica in Antarctica Orientali patefecit peramplam basim subglacialem structuram quae Gondwana dividens instaurat.
Post Scientistae ingentes structuram 3 km inveniunt sub glacie Antarcticae quae adiuvat explicare quomodo Gondwana incepit…",https://catracalivre.com.br/noticias/cientistas-encontram-a-3-km-sob-o-gelo-da-antartida-uma-estrutura-gigante-que-ajuda-a-explicar-como-gondwana-comecou-a-se-romper-ha-150-milhoes-de-anos/,https://catracalivre.com.br/i/V6EriKbyN_7QsLoFxgWF8hzXbvG_CEKZW5PwhCFEgCU/rs:fill:1200:630:1/g:sm/q:80/bG9jYWw6Ly8vMjAyNi8wNy9hbnRhcmN0aWNhLWljZS1zaGVldC1zdWJnbGFjaWFsLTIwMjYwNzE2MTQzNi5qcGVn,,"O mapeamento geofísico da Antártida revelou um segredo fascinante escondido sob as camadas profundas de gelo. Cientistas mapearam trinta bacias subglaciais gigantescas próximas ao Polo Sul, indicando… [+4288 chars]",,2026-08-11 16:06:10+00:00,wmo,Slovenia,WCE,Europe
5b15a9ca896dcadd8dd437c492693753,2026-07-20T11:25:46Z,Storm,tempestade na Austrália,www.terra.com.br,pt,0.3,Die Eisenerzpreise fallen aufgrund der saisonalen Schwäche der chinesischen Stahlnachfrage. Eisenerz-Futures fielen am Montag aufgrund der saisonalen Schwäche…,Preços do minério de ferro recuam em meio à fraqueza sazonal na demanda chinesa por aço,"Os ‌contratos futuros de minério de ferro caíram nesta segunda-feira, já que a fraqueza sazonal ...",Iron ore prices fall amid seasonal weakness in Chinese steel demand. Iron ore futures fell on Monday as seasonal weakness…,Pretia ferri chalcitis cadunt inter temporis debilitatem in Sinensi ferro postulant. Ferrum futuri incidit in Lunae temporivam infirmitatem ...,"https://www.terra.com.br/economia/precos-do-minerio-de-ferro-recuam-em-meio-a-fraqueza-sazonal-na-demanda-chinesa-por-aco,a2f28e9d16ed7318d97037e42bad33f5bk55nizq.html",https://s1.trrsf.com/update-1698692222/fe/zaz-mod-t360-icons/svg/logos/terra-16x9-borda.png,,"Os ‌contratos futuros de minério de ferro caíram nesta segunda-feira, já que a fraqueza sazonal na demanda chinesa por aço e a redução das margens das siderúrgicas superaram o efeito da oferta restri… [+1653 chars]",,2026-08-11 16:06:10+00:00,wmo,Australia,CAU,Oceania
d695428239988cb93288485f239f2d61,2026-07-18T21:30:00Z,Landslide,deslizamento de terra,olhardigital.com.br,pt,0.8,"Pluto: Zwergplanet ist etwas unruhiger als gedacht. Eine neue Studie liefert Hinweise auf große Erdrutsche an den Innenwänden von drei Kratern auf Pluto
Der Beitrag „Pluto: Zwergplanet ist etwas aufgeregter als gedacht“ erschien zuerst auf Olhar Digital.",Plutão: planeta anão está um pouco mais agitado do que se imaginava,"Um novo estudo apresenta evidências de grandes deslizamentos de terra nas paredes internas de três crateras de Plutão
O post Plutão: planeta anão está um pouco mais agitado do que se imaginava apareceu primeiro em Olhar Digital.","Pluto: dwarf planet is a little more agitated than imagined. A new study presents evidence of large landslides on the inner walls of three craters on Pluto
The post Pluto: dwarf planet is a little more agitated than imagined appeared first on Olhar Digital.","Pluto: Planeta nanus paulo agitatior est quam fingitur. Novum studium praebet argumenta magnarum ruinarum in muris interioribus trium craterum Plutonis
Post Plutonem: planeta nanus paulo commotior est quam imaginatus primus in Digital Olhar apparuit.",https://olhardigital.com.br/2026/07/18/ciencia-e-espaco/plutao-planeta-anao-esta-um-pouco-mais-agitado-do-que-se-imaginava/,https://img.odcdn.com.br/wp-content/uploads/2025/08/pluto-scaled.jpg,,"Em 2015, a sonda New Horizons sobrevoou Plutão e realizou uma série de imagens do planeta anão. Agora, cientistas analisaram o conteúdo desses registros e chegaram a uma conclusão bastante surpreende… [+2276 chars]",,2026-08-11 16:06:10+00:00,random,,,
9da547dd8456609d7ffd077bfff88b44,2026-07-10T18:23:00Z,Heat Wave,onda de calor longe de Gambela,olhardigital.com.br,pt,0.3,"Untersuchungen zufolge könnte El Niño den Amazonas von einem Verbündeten in einen Feind des Klimas verwandeln. Die Studie überwachte 30 Jahre lang mehr als 500.000 Bäume in sechs Ländern und ergab, dass extreme Ereignisse dazu führen können, dass tropische Wälder keinen Kohlenstoff mehr aufnehmen
Die Zeit nach El Niño könnte den Amazonas von einem Verbündeten in einen Feind des Klimas verwandeln, wie Untersuchungen zeigen …","El Niño pode transformar a Amazônia de aliada em inimiga do clima, aponta pesquisa","Estudo acompanhou mais de 500 mil árvores por 30 anos em seis países e descobriu que eventos extremos podem fazer florestas tropicais pararem de absorver carbono
O post El Niño pode transformar a Amazônia de aliada em inimiga do clima, aponta pesquisa aparece…","El Niño could transform the Amazon from an ally to an enemy of the climate, according to research. Study monitored more than 500,000 trees for 30 years in six countries and found that extreme events can cause tropical forests to stop absorbing carbon
The post El Niño could transform the Amazon from an ally into an enemy of the climate, research shows…","El Niño Amazonem ex socio in hostem climatis transformare potuit secundum investigationes. Stude viverra plus quam 500,000 arbores per 30 annos in sex terris reperit extremas eventus posse tropicales silvas prohibere absorbens carbo.
Post El Niño Amazonem ex socio in inimicum climatis transformare potuit, investigationes demonstrat…",https://olhardigital.com.br/2026/07/10/ciencia-e-espaco/el-nino-pode-transformar-a-amazonia-de-aliada-em-inimiga-do-clima-aponta-pesquisa/,https://img.odcdn.com.br/wp-content/uploads/2025/09/Origem-da-Amazonia-scaled.jpg,,A Amazônia armazena cerca de 123 bilhões de toneladas de carbono mais do que qualquer outro ecossistema terrestre do planeta. Mas essa reserva natural pode se tornar uma ameaça ao clima em vez de uma… [+3274 chars],,2026-08-12 02:34:58+00:00,wmo,Ethiopia,NEAF,Africa
39fdab9d2c8259e4e8e97fdea63c602c,2026-07-22T09:30:00Z,Flood,inundação repentina na Austrália,olhardigital.com.br,pt,0.3,"Der Mars könnte die Mikroorganismen der Erde zu einer neuen Bedrohung machen. Die Studie simulierte die Bedingungen auf dem Roten Planeten und bewertete die Auswirkungen auf Bakterien, menschliche Zellen und zukünftige Weltraummissionen
Der Beitrag „Mars könnte Mikroorganismen von der Erde in eine neue Bedrohung verwandeln“ erschien zuerst in Olhar Digital.",Marte pode transformar microrganismos da Terra em uma nova ameaça,"Estudo simulou as condições do planeta vermelho e avaliou os impactos sobre bactérias, células humanas e futuras missões espaciais
O post Marte pode transformar microrganismos da Terra em uma nova ameaça apareceu primeiro em Olhar Digital.","Mars could turn Earth's microorganisms into a new threat. Study simulated the conditions of the red planet and evaluated the impacts on bacteria, human cells and future space missions
The post Mars could transform microorganisms from Earth into a new threat appeared first in Olhar Digital.","Mars microorganismos Telluris in novam comminationem vertere potuit. Studere condiciones planetae rubrae simulavit et impulsus in bacteria, cellulis humanis et missionibus spatii futuri aestimandis
Post Mars microorganismos e Tellure transformare potuit in novam comminationem primum in Olhar Digital apparuit.",https://olhardigital.com.br/2026/07/22/ciencia-e-espaco/marte-pode-transformar-microrganismos-da-terra-em-uma-nova-ameaca/,https://img.odcdn.com.br/wp-content/uploads/2025/01/micrbios.jpg,,"A possibilidade de levar seres humanos a Marte traz um desafio que vai além da tecnologia espacial. Uma pesquisa desenvolvida na Universidade Radboud, na Holanda, concluiu que alguns microrganismos p… [+4430 chars]",,2026-08-12 02:34:58+00:00,wmo,Australia,CAU,Oceania
bb27d94c268391b987dcde007a6e85d9,2026-07-14T01:18:00Z,Drought,umidade do solo,catracalivre.com.br,pt,0.9,"Die beste Zeit, um den Garten zu bewässern und die Pflanzen gesund und voller Leben zu halten. Die Wahl des idealen Zeitpunkts für die Gartenbewässerung bewahrt die Bodenfeuchtigkeit und sorgt für eine gesunde Entwicklung von Töpfen und Beeten.
Der Beitrag Die beste Zeit, den Garten zu gießen und die Pflanzen gesund und voller Leben zu halten, erschien zuerst in Catraca Li…",A melhor hora para regar o jardim e manter as plantas saudáveis e cheias de vida,"A escolha do momento ideal para a irrigação do jardim preserva a umidade do solo e garante o desenvolvimento saudável de vasos e canteiros.
O post A melhor hora para regar o jardim e manter as plantas saudáveis e cheias de vida apareceu primeiro em Catraca Li…","The best time to water the garden and keep the plants healthy and full of life. Choosing the ideal time to irrigate the garden preserves soil moisture and ensures the healthy development of pots and beds.
The post The best time to water the garden and keep the plants healthy and full of life appeared first in Catraca Li…","Tempus optimum hortum rigare et plantas sanas et plenas vitae servare. Tempus eligens specimen irrigandi horti humum conservat umorem et efficit ut ollis et cubilibus sanam progressionem faciat.
Tempus optimum post hortum irrigandum et plantas sanas et vivas custodiendas apparuit primo in Catraca Li…",https://catracalivre.com.br/noticias/a-melhor-hora-para-regar-o-jardim-e-manter-as-plantas-saudaveis-e-cheias-de-vida/,https://catracalivre.com.br/i/90Kksxd5Wq15HGf2VF5zyV_1VmjtDvYpskjxdk_VDI4/rs:fill:1200:630:1/g:sm/q:80/bG9jYWw6Ly8vMjAyNi8wNy93YXRlcmluZy1jYW4tcG91cmluZy13YXRlci1wbGFudC0yMDI2MDcxMjIyNDkuanBlZw,,Manter um jardim bonito exige cuidados estratégicos que vão além da escolha das espécies cultivadas. O momento ideal do dia para fazer a irrigação influencia diretamente a saúde vegetal e evita o des… [+3694 chars],,2026-08-12 02:34:58+00:00,random,,,
ab15289a518df9d84c6c49cea3c2e26d,2026-07-23T02:28:03Z,Fog,nevoeiro sanirajak igloulik,www.terra.com.br,pt,0.3,"Bei ihrer Rückkehr ins Brasileirão kontrolliert und vernichtet Flamengo Chapecoense im SC. Selbst in der Arena Condá nimmt Rubro-Negro keine Notiz von der Laterne, punktet mit 4:0 und macht weiter Jagd auf Spitzenreiter Palmeiras; Pedro ist der beste Torschütze","Na volta ao Brasileirão, Flamengo controla e goleia a Chapecoense em SC","Mesmo na Arena Condá, Rubro-Negro não toma conhecimento do lanterna, faz 4 a 0 e segue na caça ao líder Palmeiras; Pedro é o artilheiro","On their return to the Brasileirão, Flamengo controls and thrashes Chapecoense in SC. Even at Arena Condá, Rubro-Negro takes no notice of the lantern, scores 4-0 and continues hunting for leader Palmeiras; Pedro is the top scorer","Redeunti ad Brasileirão, Flamengo imperium ac Chapecoense in SC terit. Etiam in Arena Condá, Rubro-Negro laternam non cognoscit, 4-0 pereuntis et venationem ad ducem Palmeiras pergit; Petrus summo scorer","https://www.terra.com.br/esportes/flamengo/na-volta-ao-brasileirao-flamengo-controla-e-goleia-a-chapecoense-em-sc,58486555037b23049e90c0b130b66a0804k7wxvs.html",https://p2.trrsf.com/image/fget/cf/1200/630/middle/images.terra.com/2026/07/23/1736052041-whatsapp-image-2026-07-22-at-221430-610x400.jpeg,,"Na volta aos jogos do Brasileirão após 53 dias, o Flamengo - com brilho de Pedro - controlou e goleou facilmente a Chapecoense, nesta quarta-feira (22/7), em plena Arena Condá, em Chapecó (SC), pela … [+5307 chars]",,2026-08-13 02:41:39+00:00,wmo,Canada,NEN,North-America
c7e78d69aa89d91fb0bf649a477e8930,2026-07-17T23:56:16Z,Drought,falta de chuva Guiné Bissau,catracalivre.com.br,pt,0.3,"Aluminiumfolie in den Kühlschrank legen: Was es bedeutet und wozu es dient. Erfahren Sie, wie Sie Aluminiumfolie im Kühlschrank richtig verwenden, häufige Fehler vermeiden und Lebensmittel sicherer lagern.
Der Beitrag „Aluminiumfolie in den Kühlschrank legen: Was es bedeutet und wozu es dient“ erschien zuerst in Catraca Livre.",Colocar papel-alumínio na geladeira: o que significa e para que serve,"Veja como usar papel-alumínio na geladeira corretamente, evitar erros comuns e conservar alimentos com mais segurança.
O post Colocar papel-alumínio na geladeira: o que significa e para que serve apareceu primeiro em Catraca Livre.","Placing aluminum foil in the refrigerator: what it means and what it is for. See how to use aluminum foil in the refrigerator correctly, avoid common mistakes and store food more safely.
The post Putting aluminum foil in the refrigerator: what it means and what it is for appeared first in Catraca Livre.","Aluminium foil in armario: quid sit et quid sit. Vide quomodo uti aluminii claua in armario recte utaris, errores communes vitare et cibum tutius repone.
Colloquium aluminium emissarium in armario: quid significat et quid sit primum in Catraca Livre apparuit.",https://catracalivre.com.br/noticias/colocar-papel-aluminio-na-geladeira-o-que-significa-e-para-que-serve/,https://catracalivre.com.br/i/DMnDqaBLTqkh_uWa_revLJTVnT2PphO8Vz167BDUm_0/rs:fill:1200:630:1/g:sm/q:80/bG9jYWw6Ly8vMjAyNi8wNy90cmF5LXdpdGgtY29sZC1mb29kLTIwMjYwNzE2MjMwMi5qcGVn,,"Entre os hábitos comuns na rotina de cozinha, um dos que mais chama atenção é o de colocar papel-alumínio na geladeira, seja cobrindo recipientes, protegendo prateleiras ou envolvendo alimentos diret… [+3502 chars]",,2026-08-13 06:22:46+00:00,edo,Guinea-Bissau,WAF,Africa
38b985c890d33374f2d3eccb22bfbb0d,2026-07-18T12:39:05Z,Drought,seca Guiné Equatorial,catracalivre.com.br,pt,0.3,"3 Pflanzen, die Sie auf Ihrem Balkon anbauen können und die der Kälte problemlos standhalten. Entdecken Sie, welche Pflanzen auf dem Balkon der Kälte trotzen, wenig Pflege benötigen und auch im Winter in der Wohnung schön bleiben.
Der Beitrag 3 Pflanzen, die Sie auf Ihrem Balkon anbauen können und die der Kälte problemlos standhalten, erschienen zuerst in Catraca Livre.",3 plantas que você pode cultivar na sua varanda e que resistem ao frio sem problemas,"Descubra quais plantas resistem ao frio na varanda, exigem pouca manutenção e continuam bonitas durante o inverno em apartamentos.
O post 3 plantas que você pode cultivar na sua varanda e que resistem ao frio sem problemas apareceu primeiro em Catraca Livre.","3 plants that you can grow on your balcony and that resist the cold without any problems. Discover which plants resist the cold on the balcony, require little maintenance and remain beautiful during winter in apartments.
The post 3 plants that you can grow on your balcony and that resist the cold without problems appeared first in Catraca Livre.","3 plantae quas in podio tuo crescere potes et frigori sine ullis quaestionibus resistentes. Quae plantae frigori in macello resistunt, parvam sustentationem requirunt et pulchrae per hiemem in cubiculis manent.
Post 3 plantas quas in podio tuo crescere potes et frigori resistentes sine problematibus primum apparuit in Catraca Livre.",https://catracalivre.com.br/noticias/3-plantas-que-voce-pode-cultivar-na-sua-varanda-e-que-resistem-ao-frio-sem-problemas/,https://catracalivre.com.br/i/0x6V4QCc5ltToYWvkKHL1bb68QD7yCdtQgxC3GClpu4/rs:fill:1200:630:1/g:sm/q:80/bG9jYWw6Ly8vMjAyNi8wNy92YXNvcy1jb20tc3VjdWxlbnRhcy1lLWdyYW1pbmVhcy0yMDI2MDcwMjE5MTQtMS5qcGVn,,"Com a chegada do inverno no Sul e Sudeste do Brasil, donos de apartamento enfrentam um dilema recorrente: quais plantas conseguem aguentar o frio na varanda sem morrer, murchar ou precisar de atenção… [+6450 chars]",,2026-08-13 06:22:46+00:00,edo,Equatorial Guinea,WAF,Africa
ab5d8d99171c17568210b8785692d72c,2026-07-28T13:30:50Z,ice jam,inundação,catracalivre.com.br,pt,0.3,"Lippenstifttag: Braun erhält neue Versionen und stärkt seine Stärke im Make-up. Der Tag des Lippenstifts, der am 29. Juli gefeiert wird, kommt im Jahr 2026 und steht im Zeichen des Aufstiegs von Braun. Nach Jahren, in denen Rot einen herausragenden Platz einnahm...
Der Beitrag Tag des Lippenstifts: Braun erhält neue Versionen und verstärkt seine Stärke im Make-up erschien zuerst auf …",Dia do Batom: marrom ganha novas versões e reforça sua força na maquiagem,"O Dia do Batom, celebrado em 29 de julho, chega em 2026 marcado pela ascensão do marrom. Depois de anos em que o vermelho ocupou um lugar de destaque nas...
O post Dia do Batom: marrom ganha novas versões e reforça sua força na maquiagem apareceu primeiro em …","Lipstick Day: brown gains new versions and reinforces its strength in makeup. Lipstick Day, celebrated on July 29th, arrives in 2026 marked by the rise of brown. After years in which red occupied a prominent place in...
The post Lipstick Day: brown gains new versions and reinforces its strength in makeup appeared first on …","Dies Lipstick: brunneis versiones novas acquirit et vires suas in rutrum confirmat. Dies Lipstick, die 29 Iulii celebratus, advenit anno 2026 a brunneis ortus notatus. Post annos in quibus rubeus locum insignem occupavit in ...
Post diem Lipstick: brunneis versiones novas acquirit ac robur suum in rutrum confirmat. Primus in ... apparuit.",https://catracalivre.com.br/saude-bem-estar/dia-do-batom-marrom-ganha-novas-versoes-e-reforca-sua-forca-na-maquiagem/,https://catracalivre.com.br/i/HMlyZXoCl8KPECzvTUJADbrm_SD6dc5dQefqGosg3iI/rs:fill:1200:630:1/g:sm/q:80/bG9jYWw6Ly8vMjAyNi8wNy9iYXRvbnMtbWFycm9tLndlYnA,,"O Dia do Batom, celebrado em 29 de julho, chega em 2026 marcado pela ascensão do marrom. Depois de anos em que o vermelho ocupou um lugar de destaque nas escolhas de maquiagem, os tons terrosos conqu… [+2626 chars]",,2026-08-13 06:22:46+00:00,random,,,
579431f89a74d12a07dd15a4381e171e,2026-07-17T21:26:48Z,Storm,tempestade províncias de limarí e choapa,www.mdig.com.br,pt,0.3,"Wie wird Kondensmilch hergestellt und warum verdirbt sie nie? Lassen Sie ein Glas normale Milch auf der Küchentheke stehen und innerhalb eines Tages wird sie schlecht. Milch ist bekanntermaßen verderblich. Eine bakterielle Zeitbombe. Aber was wäre, wenn ich Ihnen sagen würde, dass vor mehr als anderthalb Jahrhunderten ein Mann einen Weg entdeckt hat, Milch herzustellen ...",Como o leite condensado é feito e por que ele nunca estraga?,"Deixe um copo de leite comum no balcão da cozinha e, em um dia, ele estará estragado. O leite é notoriamente perecível. Uma bomba-relógio de bactérias. Mas e se eu lhe dissesse que, há mais de um século e meio, um homem descobriu uma maneira de fazer o leite …","How is condensed milk made and why does it never spoil? Leave a glass of regular milk on the kitchen counter and within a day it will go bad. Milk is notoriously perishable. A bacterial time bomb. But what if I told you that, more than a century and a half ago, a man discovered a way to make milk...","Quomodo lac condensatur, et quare nunquam corrumpit? Vitream regularis lactis in coquina calculus relinque et intra diem malum erit. Lac periturum notorie est. Bomb tempus bacteriale. Sed quid si dixero tibi hominem lac reperisse plus quam saeculum et dimidium.",https://www.mdig.com.br/index.php?itemid=61318,https://imagens.mdig.com.br/historia/historia_leite_condensado.jpg,,"<table><tr><td></td><td>Deixe um copo de leite comum no balcão da cozinha e, em um dia, ele estará estragado. O leite é notoriamente perecível. Uma bomba-relógio de bactérias. Mas e se eu lhe dissess… [+5630 chars]",,2026-08-13 16:04:46+00:00,wmo,Chile,SWS,South-America
d602d6ad815926a3bb6a04fad42058cf,2026-07-21T21:13:16Z,Tropical Cyclone,tufão estados unidos,www.terra.com.br,pt,0.3,Ununterbrochener Regen versetzt die Gemeinden in Rio Grande do Sul in eine Not- und Evakuierungsphase. In Porto Alegre kommt es in verschiedenen Regionen zu Störungen und Blockaden wichtiger Verkehrswege,Chuva ininterrupta colocam municípios gaúchos em estágio de emergência e evacuação,"Em Porto Alegre, alagamentos estão gerando transtornos e bloqueios em vias de grande circulação em diferentes regiões","Uninterrupted rain puts municipalities in Rio Grande do Sul in an emergency and evacuation stage. In Porto Alegre, flooding is causing disruption and blockages on major traffic routes in different regions","Imber continuus ponit municipia in Rio Grande do Sul in scaena subitis et evacuationibus. In Porto Alegre, inundatio turbationis et impedimentorum majorum itinera negotiationis in diversis regionibus","https://www.terra.com.br/noticias/previsao-do-tempo/chuva-ininterrupta-colocam-municipios-gauchos-em-estagio-de-emergencia-e-evacuacao,18d6986fda6dfd46036cd279faf82dbbu2gkrkzp.html",https://p2.trrsf.com/image/fget/cf/1200/630/middle/images.terra.com/2026/07/21/1893269092-deslizamento.jpg,,A passagem de uma frente fria associada aos efeitos do fenômeno El Niño intensificou o quadro de instabilidade no Rio Grande do Sul nesta terça-feira (21). A chuva contínua mobilizou órgãos de proteç… [+2143 chars],,2026-08-14 06:21:43+00:00,wmo,United States,CNA,North-America
e6e951ec4cfc7289c28164bbca5ea89f,2026-07-30T12:04:40Z,Snow&Ice,neve passagem de Arthur sh73,www.terra.com.br,pt,0.3,Guaíba erreicht Aufmerksamkeitsquote bei Cais Mauá. Am Mittwochabend wurde die 2-Meter-Marke erreicht; Der Zivilschutz gibt eine ernste Warnung für die Inselregion heraus,Guaíba atinge cota de atenção no Cais Mauá,Marca de 2 metros foi registrada na noite de quarta-feira; Defesa Civil emite alerta severo para a Região das Ilhas,Guaíba reaches attention quota at Cais Mauá. 2 meter mark was recorded on Wednesday night; Civil Defense issues severe warning for the Islands Region,Guaíba attendit quota in Cais Mauá. 2 Signum metri Mercurii nox commemoratur; Civilis defensionis gravissimae admonitionis pro Insulis Regionis,"https://www.terra.com.br/noticias/guaiba-atinge-cota-de-atencao-no-cais-maua,f700c1d36fd87bd5c18b6d30d8391431adi20s1l.html",https://p2.trrsf.com/image/fget/cf/1200/630/middle/images.terra.com/2026/07/30/478702918-captura-de-tela-2025-08-03-as-104224.jpg,,"A elevação do nível do Guaíba começou a se materializar no início da noite desta quarta-feira (29), quando a régua de medição instalada no Cais Mauá, no centro da capital, alcançou a marca de 2,00 me… [+1446 chars]",,2026-08-14 06:21:43+00:00,wmo,New Zealand,NZ,Oceania
c5f5dce016b3310ed443486d176b59c7,2026-07-28T07:20:33Z,Storm,tempestade Ilhas Salomão,observador.pt,pt,0.3,Die 8-Uhr-Nachrichten. Nachrichten auf Radio Observador. Was auch immer passiert.,As notícias das 8h,As notícias na Rádio Observador. Aconteça o que acontecer.,The 8am news. News on Radio Observador. Whatever happens.,De 8am noui. News on Radio Observador. Quicquid fit.,https://observador.pt/programas/noticiario/as-noticias-das-8h-2470/,https://bordalo.observador.pt/v2/rs:fill:770:403/c:770:433:nowe:0:0/q:70/f:webp/plain/https://s3.observador.pt/wp-content/uploads/2026/06/15153459/770-podcast-noticiario.png,,"Esta transcrição foi gerada automaticamente por Inteligência Artificial e pode conter erros ou imprecisões.Carlos de Carvalho. Carla, começamos este Jornal das 8 com educação. Os professores classifi… [+15041 chars]",,2026-08-14 15:59:36+00:00,wmo,Solomon Islands,EPO,Oceania
cfb85bad753c5787a8201d281101f5e2,2026-07-13T06:59:18Z,Drought,seca,observador.pt,pt,0.9,"„Ich habe immer dafür plädiert, dass es ein Ministerium der Zukunft geben sollte.“ Bei der Futura Foundation verbindet Graça Fonseca Kunst, Demokratie und Wissenschaft, um in Beziehungen zu Städten und anderen eine andere Zukunft aufzubauen: „Wir müssen in der Lage sein, uns das Unvorstellbare vorzustellen.“",“Sempre defendi que devia haver um Ministério do Futuro”,"Na Futura Foundation, Graça Fonseca cruza arte, democracia e ciência para construir um futuro diferente, na relação com as cidades e os outros: “Temos de conseguir imaginar o inimaginável”.","“I have always argued that there should be a Ministry of the Future”. At Futura Foundation, Graça Fonseca combines art, democracy and science to build a different future, in relationships with cities and others: “We have to be able to imagine the unimaginable”.","""Semper disserui debere esse Ministerium Future"". In Fundatione Futura, Graça Fonseca arte, democratia et scientia coniungit aliud futurum aedificandi, in relationibus cum civitatibus et aliis: ""Inestimabile nos fingere possumus"".",https://observador.pt/programas/convidado-extra/graca-fonseca-sempre-defendi-que-devia-haver-um-ministerio-do-futuro/,https://bordalo.observador.pt/v2/rs:fill:770:403/c:770:433:nowe:0:0/q:70/f:webp/plain/https://s3.observador.pt/wp-content/uploads/2021/04/13105535/770-podcast-convidado-extra.jpg,,"Esta transcrição foi gerada automaticamente por Inteligência Artificial e pode conter erros ou imprecisões.Mas a verdade é que não só imaginar o futuro não é ficção científica, como a ficção científi… [+40471 chars]",,2026-08-14 15:59:36+00:00,random,,,
bdcfa5c45c48d35c4607b5f65bcdd23d,2026-07-14T12:46:57Z,Drought,falta de chuva são tomé e príncipe,www.terra.com.br,pt,0.3,Neumondritual im Juli: 5 Praktiken zur Begrüßung und Verwurzelung. Entdecken Sie ein Ritual für den Neumond im Juli mit 5 Willkommensübungen zur Stärkung Ihrer emotionalen Wurzeln,Ritual de Lua Nova de julho: 5 práticas para acolher e enraizar,"Conheça um Ritual para a Lua Nova de julho, com 5 práticas de acolhimento para fortalecer suas raízes emocionais","July New Moon Ritual: 5 practices to welcome and root. Discover a Ritual for the New Moon in July, with 5 welcoming practices to strengthen your emotional roots","Rituale Kalendarum Iulii Novi: 5. Exercitia grata et radix. Rituale Novo Calendas in mense Iulio detege, cum 5 exercitiis adhibitis ad radices motus tui confirmandas","https://www.terra.com.br/vida-e-estilo/horoscopo/ritual-de-lua-nova-de-julho-5-praticas-para-acolher-e-enraizar,46c7c8f7605101abd487c4de0c6acbeeo3ev9b5n.html",https://p2.trrsf.com/image/fget/cf/1200/630/middle/images.terra.com/2026/07/14/1913042443-ritual-de-lua-nova-de-julho.jpg,,"Cansaço que o descanso não resolve, irritação sem motivo claro, vontade de se recolher em casa e não falar com ninguém? Então o ritual da Lua Nova de julho é perfeito para você.
Com início às 6h43 (… [+15726 chars]",,2026-08-16 01:51:50+00:00,edo,Sao Tome and Principe,WAF,Africa
75cce02820413b1883c8927138acb79a,2026-07-15T07:59:11Z,Drought,aridez,www.terra.com.br,pt,0.3,"„Für die Malvinas, für Diego und für Leos letzten“: Warum der Streit zwischen Argentinien und England weit über den Einzug ins WM-Finale hinausgeht. Länder haben eine Vergangenheit, die geprägt ist von Streitigkeiten um Territorien in den 1980er-Jahren und Missständen, die zumindest auf einer Seite mehr als 40 Jahre andauern","'Pelas Malvinas, por Diego e pela última de Leo': por que disputa entre Argentina e Inglaterra vai muito além da vaga para a final da Copa",Países têm um passado que envolve disputa por território na década de 1980 e mágoas de mais de 40 anos -- para pelo menos um dos lados,"'For the Malvinas, for Diego and for Leo's last': why the dispute between Argentina and England goes far beyond the place in the World Cup final. Countries have a past that involves disputes over territory in the 1980s and grievances lasting more than 40 years -- for at least one side","'Pro Malvinis, pro Diego et pro Leone ultimo': quare controversia inter Argentinam et Angliam longe excedit locum in finali World Cup. Regiones praeteritas habent controversias de territorio in 1980s et gravamina plus quam 40 annos durantia - saltem una parte.","https://www.terra.com.br/esportes/futebol/copa-2026/pelas-malvinas-por-diego-e-pela-ultima-de-leo-por-que-disputa-entre-argentina-e-inglaterra-vai-muito-alem-da-vaga-para-a-final-da-copa,500da994c375ae7f63b667ba2bf6e0f6kd0nwhai.html",https://p2.trrsf.com/image/fget/cf/1200/630/middle/images.terra.com/2026/06/22/gettyimages-2281974579-t4vqsozxnho2.jpg,,"A disputa entre Argentina e Inglaterra pela vaga na final da Copa do Mundo de 2026 tem um impacto emocional muito maior do que o apenas gerado pela paixão por futebol. Isso porque a partida, que acon… [+9086 chars]",,2026-08-16 05:36:32+00:00,random,,,
2318ee598c125fe1463c8c7eda2accbc,2026-07-15T23:23:29Z,Precipitation,precipitação brasil,observador.pt,pt,0.3,"Abflüge und Ankünfte: Es geht um Los oder Pause. Wenn Migration die Büchse der Pandora moderner Gesellschaften ist, passen die Agenden bestimmter Ideologen nicht in diese Büchse.",Partidas e chegadas: ou vai ou racha,"Se as migrações são a caixa de Pandora das sociedades contemporâneas, as agendas de certos ideólogos não dão uma para a caixa.","Departures and arrivals: it’s either go or break. If migration is the Pandora's box of contemporary societies, the agendas of certain ideologues do not fit the box.","Discessus et adventus: aut eunt aut frangunt. Si migratio est arca Pandorae societatum hodiernarum, agendae quarundam ideologorum capsulae non conveniunt.",https://observador.pt/opiniao/partidas-e-chegadas-ou-vai-ou-racha/,https://wm.observador.pt/wm-op/wide-circle/https%3A%2F%2Fbordalo.observador.pt%2Fv2%2Frs%3Afill%3A900%2Fc%3A1280%3A1280%3Anowe%3A141%3A2%2Fq%3A70%2Ff%3Awebp%2Fplain%2Fhttps%3A%2F%2Fs3.observador.pt%2Fwp-content%2Fuploads%2F2026%2F02%2F11175627%2Fpaulo-nogueira-2026-fevereiro.jpeg,,"A migração e a mão de obra são o bico de obra século XXI. Centenas de milhões de pessoas na maioria homens jovens estão em movimento, quase sempre numa única direção. No Ocidente a questão é o polari… [+14618 chars]",,2026-08-16 05:36:32+00:00,wmo,Brazil,SAM,South-America
45af32872887d00cc660308238504373,2026-07-28T07:46:44Z,Storm,tempestade no canal e nas águas do sul.,www.bbc.com,pt,0.3,"„Ein kühler Kopf, ‚Zen-Diplomatie‘ und keine öffentlichen Argumente. Lula könnte dem Beispiel von Cláudia Scheinbaum in seiner Beziehung zu Trump folgen“, schlägt ein mexikanischer Analyst vor. Für Guadalupe González, Professor für Internationale Beziehungen am College of Mexico, hat die Trump-Regierung die Fragmentierung Lateinamerikas verschärft, indem sie in ihrem Präsidentendialog eine „extreme Bilateralisierung“ befürwortete.","""Cabeça fria, 'diplomacia zen' e nada de bate-boca público. Lula poderia seguir o exemplo de Cláudia Scheinbaum na relação com Trump"", sugere analista mexicana","Para professora de Relações Internacionais do Colégio do México, Guadalupe González, governo Trump aprofundou fragmentação da América Latina ao privilegiar uma 'bilateralização extrema' na sua interlocução presidencial.","""A cool head, 'Zen diplomacy' and no public arguments. Lula could follow the example of Cláudia Scheinbaum in his relationship with Trump"", suggests a Mexican analyst. For professor of International Relations at the College of Mexico, Guadalupe González, the Trump administration deepened the fragmentation of Latin America by favoring 'extreme bilateralization' in its presidential dialogue.","""Caput frigidum, ""Zen diplomaticum"" et nulla argumenta publica. Lula exemplum Cláudia Scheinbaum in sua necessitudine cum Trump sequi potuit"", analyticum Mexicanum suggerit. Guadalupe González, Guadalupe González, professus relationum Internationalium in Collegio Mexici, administrationis Trump profundiorem fecit ruptionem Americae Latinae, favens 'extremae bilateralizationis' in dialogo praesidentiali.",https://www.bbc.com/portuguese/articles/c0m7w1x281ro,https://ichef.bbci.co.uk/news/1200/branded_portuguese/3888/live/afd40ad0-8762-11f1-a7ab-8b30adf0800a.jpg,,"Crédito, AFP via Getty Images
Legenda da foto, Lula e a presidente do México, Claudia Sheinbaum
Article Information<ul><li><ul><li>Author, Marcia Carmo</li><li>Role, De Buenos Aires para a BBC News… [+21837 chars]",,2026-08-16 05:36:32+00:00,wmo,Vanuatu,SPO,Oceania
6336ab11a70378d36df20c98f316ad95,2026-07-31T21:11:12Z,Drought,falta de chuva bermudas,flatout.com.br,pt,0.3,"Der Agent – ​​Teil 7. Kapitel 7 Code 404 Das heisere Kreischen des Vierzylinder-Turbos schnitt einsam durch die nächtliche Stille des Quadranten. Der Agent hätte nicht gedacht, dass, wenn er endlich ein echtes Auto sein Eigen nennen würde, dieses nur vier Zylinder haben würde. Erinnerte sich an die Verfolgungsjagd...",O Agente – Parte 7,"Capítulo 7 Código 404 O berro rouco do quatro-cilindros turbo cortava, solitário, o silêncio noturno do quadrante. O Agente não imaginava que, quando finalmente tivesse um carro de verdade para chamar de seu, ele teria só quatro cilindros. Lembrou da persegui…","The Agent – ​​Part 7. Chapter 7 Code 404 The hoarse scream of the four-cylinder turbo cut, lonely, through the nocturnal silence of the quadrant. The Agent didn't imagine that, when he finally had a real car to call his own, it would only have four cylinders. Remembered the chase...","Agens - Part 7. Caput 7 Codex 404 Clamor raucus quadrupedis turbo cylindri, Solus per nocturna silentia quadrantis. Agens non putabat se, cum verum haberet suum currum vocare, quattuor tantum cylindros habere. Recordatus venationis ...",https://flatout.com.br/o-agente-parte-7/,https://cdn.flatout.com.br/wp-content/uploads/2026/07/moebius.png,,capitulo 7    codigo 404    o berro rouco do quatro cilindros turbo cortava  solitario  o silencio noturno do quadrante      o agente nao imaginava que  quando finalmente tivesse um carro de verdade … [+36536 chars],,2026-08-16 05:36:32+00:00,edo,Bermuda,NAO,Atlantic Ocean
be2345eb4cad6764538bf686ef276c9a,2026-07-18T12:01:55Z,Snow&Ice,granizo,www.terra.com.br,pt,0.9,"Maximale Alarmbereitschaft! Eine Kaltfront bringt an diesem Samstag die Gefahr von Tornados, Hagel und Windgeschwindigkeiten von 90 km/h nach RS. Der Bundesstaat Rio Grande do Sul gerät aufgrund einer heftigen Unwetterwelle in einen Zustand höchster Aufmerksamkeit. ...","Alerta máximo! Frente fria traz risco de tornados, granizo e ventos de 90 km/h ao RS neste sábado",O território gaúcho entra em estado de atenção máxima devido a uma intensa onda de tempo severo. ...,"Maximum alert! A cold front brings the risk of tornadoes, hail and winds of 90 km/h to RS this Saturday. The state of Rio Grande do Sul enters a state of maximum attention due to an intense wave of severe weather. ...","Maximi erecti! Frons frigida periculum turbines, grandines et ventos 90 km/h ad RS hoc Saturni affert. Status Rio Grande do Sul statum maximam attentionem intrat propter aestum gravem tempestatis. ...","https://www.terra.com.br/noticias/previsao-do-tempo/alerta-maximo-frente-fria-traz-risco-de-tornados-granizo-e-ventos-de-90-kmh-ao-rs-neste-sabado,c3faf5a3e9164339cb6f713a8a0e76dbygm9bw4x.html",https://p2.trrsf.com/image/fget/cf/1200/630/middle/images.terra.com/2026/07/18/663731034-whatsapp-image-2024-03-23-at-115408-am.jpeg,,"O território gaúcho entra em estado de atenção máxima devido a uma intensa onda de tempo severo. Este sábado (18) desponta como o período mais crítico do evento meteorológico, impulsionado pela combi… [+2624 chars]",,2026-08-16 05:36:32+00:00,random,,,
ebb4b96b385bdc7ac1a99d97c6002b4f,2026-07-15T21:38:50Z,Heat Wave,onda de calor leiria,observador.pt,pt,0.3,"„Ich möchte, dass wir zur Debatte über die Arbeitsreform zurückkehren.“ Álvaro Santos Pereira, Gouverneur der Bank von Portugal, ist in einem Interview mit Observador der Ansicht, dass Reformen, einschließlich Arbeitsreformen, erforderlich sind, um die Wettbewerbsfähigkeit zu steigern und ein Wachstum von mehr als 2 % zu erzielen.","""Gostaria que voltássemos"" ao debate da reforma laboral","Álvaro Santos Pereira, governador do Banco de Portugal, em entrevista ao Observador, considera que são precisas reformas, incluindo a laboral, para aumentar a competitividade e crescer mais de 2%.","""I would like us to return"" to the debate on labor reform. Álvaro Santos Pereira, governor of the Bank of Portugal, in an interview with Observador, considers that reforms are needed, including labor reforms, to increase competitiveness and grow more than 2%.","""Velimus nos reverti"" ad disputandum de labore reformationis. Alvarus Santos Pereira, gubernator Ripae Portugalliae, in colloquio cum Observadoro, putat reformationes necessarias esse, etiam laboris reformationes, aemulationes augere et plus quam 2% crescere.",https://observador.pt/programas/sob-escuta/gostaria-que-voltassemos-ao-debate-da-reforma-laboral/,https://bordalo.observador.pt/v2/rs:fill:770:403/c:770:433:nowe:0:0/q:70/f:webp/plain/https://s3.observador.pt/wp-content/uploads/2021/04/13150920/770-podcast-sob-escuta.jpg,,"Esta transcrição foi gerada automaticamente por Inteligência Artificial e pode conter erros ou imprecisões.Bem-vindos ao programa ""Sob Escuta"" da Rádio Observador. Temos como convidado Álvaro Santos … [+49296 chars]",,2026-08-16 15:29:53+00:00,wmo,Portugal,MED,Europe
761bf860e8b314e1b13d15771c7a96e8,2026-07-19T23:03:38Z,Flood,inundação nas Filipinas,observador.pt,pt,0.3,Heim? WHO?. Analyse der Zahlen und des Konflikts zwischen Portugal und der europäischen Realität.,Casa? Quem?,A análise dos números e o choque entre Portugal e a realidade europeia.,Home? Who?. Analyzing the numbers and the clash between Portugal and the European reality.,Domum? OMS?. De numerorum ratione ac concursu inter Portugalliam et rem Europaeam.,https://observador.pt/opiniao/casa-quem/,https://wm.observador.pt/wm-op/wide-circle/https%3A%2F%2Fbordalo.observador.pt%2Fv2%2Frs%3Afill%3A900%2Fc%3A467%3A467%3Anowe%3A0%3A5%2Fq%3A70%2Ff%3Awebp%2Fplain%2Fhttps%3A%2F%2Fs3.observador.pt%2Fwp-content%2Fuploads%2F2025%2F10%2F01145542%2Flouranco-marques-png.jpg,,"O atual panorama imobiliário em Portugal é marcado por um severo desequilíbrio estrutural entre a oferta e a procura, tornando a habitação, incontornavelmente, um dos problemas socioeconómicos mais a… [+4732 chars]",,2026-08-16 15:29:53+00:00,wmo,Philippines,SEA,Asia
2c84ba8b6af4c295062352dbfe233754,2026-07-19T23:06:21Z,Drought,seca portugal,observador.pt,pt,0.3,"Der beste Zeitpunkt, dem vorzubeugen, war gestern. Heute geht es weiter. Die Studie „Präventive Gesundheit bei aktiven Frauen“ zeigt, dass Prävention nicht nur vom Willen der Frauen abhängt, sondern auch von den Voraussetzungen, die es ihnen ermöglichen, für ihre eigene Gesundheit zu sorgen.","O melhor momento para prevenir foi ontem. A seguir, hoje","O estudo ""Saúde Preventiva nas Mulheres Ativas"" mostra que a prevenção não depende só da vontade das mulheres, mas também das condições que lhes permitam cuidar da própria saúde.","The best time to prevent it was yesterday. Next up today. The study ""Preventive Health in Active Women"" shows that prevention does not only depend on the will of women, but also on the conditions that allow them to take care of their own health.","Tempus optimum est ne heri fuit. Sequenti usque hodie. Studium ""Salus praecaventiae in mulieribus activis"" ostendit praeventioni non solum a mulierum voluntate pendere, sed etiam ex condicionibus, quae sinunt eas curare suae valetudinis.",https://observador.pt/opiniao/o-melhor-momento-para-prevenir-foi-ontem-o-segundo-melhor-momento-e-hoje/,https://wm.observador.pt/wm-op/wide-circle/https%3A%2F%2Fbordalo.observador.pt%2Fv2%2Frs%3Afill%3A900%2Fc%3A2731%3A2731%3Anowe%3A0%3A682%2Fq%3A70%2Ff%3Awebp%2Fplain%2Fhttps%3A%2F%2Fs3.observador.pt%2Fwp-content%2Fuploads%2F2026%2F07%2F19222442%2Frita-costa-diretora-de-oncologia-da-cuf-1-scaled.jpg,,"Há números que nos apanham de surpresa. Outros que confirmam aquilo que já sentíamos, mas que, ainda assim, nos devem realmente inquietar.
O estudo “Saúde Preventiva nas Mulheres Ativas”, desenvolvi… [+4336 chars]",,2026-08-16 15:29:53+00:00,edo,Portugal,NAO,Atlantic Ocean
b8e7be5d2c123020b8c08a5d4e749b5e,2026-07-20T18:23:12Z,Drought,seca Guiné Bissau,observador.pt,pt,0.3,"Seguro war in Bereitschaft, aber AD behält Minister. Fernando Alexandre hat einen festen Platz in der Regierung. Luís Neves ist geschützt und es besteht die Hoffnung, dass er bleibt, obwohl die Auswirkungen neuer journalistischer Beiträge unbekannt sind. Seguro ist weiterhin „sehr aufmerksam“ bei allem.","Seguro esteve de prontidão, mas AD segura ministros","Fernando Alexandre está de pedra e cal no Governo. Luís Neves é protegido e o desejo é que fique, embora se desconheça o impacto de novas peças jornalísticas. Seguro continua ""muito atento"" a tudo.","Seguro was on standby, but AD holds ministers. Fernando Alexandre is solid in the Government. Luís Neves is protected and the hope is that he stays, although the impact of new journalistic pieces is unknown. Seguro continues to be “very attentive” to everything.","Seguro erat in standby, sed AD ministros tenet. Ferdinandus Alexander solidus in Regimine est. Luís Neves servatur et spes est eum manere, quamvis ictum novarum fragmentorum diurnariorum ignoretur. Seguro ad omnia pergit « attentus » esse.",https://observador.pt/especiais/seguro-esteve-de-prontidao-no-fim-de-semana-mas-ad-protege-ministros-e-nao-preve-saidas/,https://wm.observador.pt/wm/l/https%3A%2F%2Fbordalo.observador.pt%2Fv2%2Frs%3Afill%3A770%3A403%2Fc%3A4096%3A2297%3Anowe%3A0%3A379%2Fq%3A70%2Ff%3Awebp%2Fplain%2Fhttps%3A%2F%2Fs3.observador.pt%2Fwp-content%2Fuploads%2F2026%2F04%2F06203828%2Filacerda-presidencia-aberta-seguro149-scaled.jpg?layer=obstop:T,,"O evento não chegou a entrar na agenda oficial, mas o Presidente da República foi convidado e chegou a ponderar ir à Bienal de Arte em Vila Nova da Cerveira, no Alto Minho. António José Seguro prefer… [+7101 chars]",,2026-08-16 15:29:53+00:00,edo,Guinea-Bissau,WAF,Africa
b89caa1b4bacfcf481dbb3ed75444091,2026-07-31T17:03:33Z,Insect Infestation,gafanhoto,observador.pt,pt,0.3,"Am Montag kann es wieder regnen, aber die Hitze wird bleiben. Der August beginnt bei etwa 40 °C, doch das Szenario ändert sich schnell. Am Montag kann es vom Norden bis nach Lissabon regnen, selbst bei Höchsttemperaturen um die 30 °C. Sehen Sie sich die Wettervorhersage für Ihre Stadt an.","Chuva pode voltar segunda-feira, mas o calor vai manter-se","Agosto começa perto dos 40ºC, mas o cenário muda rapidamente. Na segunda-feira pode chover do Norte a Lisboa, mesmo com máximas perto dos 30ºC. Veja a previsão para a sua cidade.","Rain may return Monday, but the heat will remain. August starts at around 40ºC, but the scenario changes quickly. On Monday it may rain from the North to Lisbon, even with highs close to 30ºC. See the forecast for your city.","Imber Lunae potest redire, sed calor remanebit. Augustus incipit in circuitu 40ºC, sed missio cito mutatur. Die Lunae potest a septentrione ad Lisbon pluere, etiam cum grauis prope 30ºC. Vide praesagium urbis tuae.",https://observador.pt/2026/07/31/chuva-pode-voltar-segunda-feira-mas-o-calor-vai-manter-se-veja-a-previsao-a-10-dias/,https://wm.observador.pt/wm/l/https%3A%2F%2Fbordalo.observador.pt%2Fv2%2Frs%3Afill%3A770%3A403%2Fc%3A1500%3A841%3Anowe%3A0%3A141%2Fq%3A70%2Ff%3Awebp%2Fplain%2Fhttps%3A%2F%2Fs3.observador.pt%2Fwp-content%2Fuploads%2F2026%2F07%2F31153920%2Fa-meteorologista-marta-godinho-a-chuva-regressa-mas-o-calor-voltara-a-ganhar-forca-na-segunda-metade-da-semana-1785326651930-1024-copia.jpg?layer=obstop:T,,"Guarda-chuva numa mão, chinelos nos pés e fato de banho vestido. Pode não ser uma combinação assim tão absurda na segunda-feira. Depois do primeiro fim de semana de agosto com temperaturas perto e lo… [+10639 chars]",,2026-08-17 01:49:21+00:00,random,,,
909367be3c40687e5817cf183a6bcfa7,2026-07-25T08:42:16Z,Wildfire,incêndio selvagem el mery Líbano,observador.pt,pt,0.3,"Mehr als 20 Gemeinden in höchster Gefahr. Es wird erwartet, dass die Brandgefahr ab Montag stark ansteigt, wenn aufgrund der Temperaturen praktisch das gesamte Kontinentalgebiet einer maximalen oder sehr hohen Gefahr ausgesetzt ist.",Mais de 20 concelhos em perigo máximo,"O perigo de incêndio deverá aumentar muito a partir de segunda-feira, altura em que praticamente todo o território continental enfrentará um perigo máximo ou muito elevado, devido às temperaturas.","More than 20 municipalities in maximum danger. The danger of fire is expected to increase greatly from Monday, when practically the entire continental territory will face maximum or very high danger, due to the temperatures.","Plusquam XX municipia in maximo periculo sunt. Periculum ignis expectatur multum a Lunae augere, cum fere totus territorii continentalis periculum maximum vel altissimum ob temperaturas occurret.",https://observador.pt/2026/07/25/mais-de-20-concelhos-do-interior-norte-e-centro-e-algarve-em-perigo-maximo/,https://wm.observador.pt/wm/l/https%3A%2F%2Fbordalo.observador.pt%2Fv2%2Frs%3Afill%3A770%3A403%2Fc%3A2000%3A1122%3Anowe%3A0%3A140%2Fq%3A70%2Ff%3Awebp%2Fplain%2Fhttps%3A%2F%2Fs3.observador.pt%2Fwp-content%2Fuploads%2F2026%2F07%2F02192336%2F47394696.jpg?layer=obstop:T,,"Mais de 20 concelhos do interior Norte e Centro e do distrito de Faro estão este sábado em perigo máximo de incêndio rural, segundo o Instituto Português do Mar e da Atmosfera (IPMA). Os concelhos pe… [+1217 chars]",,2026-08-17 10:41:38+00:00,effis,Lebanon,MED,Asia
3965e272c82a9f963222fd2918da5779,2026-07-29T15:29:15Z,Thunderstorm,trovoada,observador.pt,pt,0.9,"Zwei Sommer im selben Land. Und Gewitterwolken im Feuerwerk. Von einer Seite Portugals zur anderen können wir innerhalb von 150 km von 24 °C auf 37 °C schwanken, dem Unterschied zwischen atlantischer Luft und afrikanischer Luft. Wie erzeugen Brände Gewitter? Und heute Abend ist Deer Moon.",Dois verões no mesmo país. E nuvens de trovoada nos fogos,"De um lado ao outro de Portugal, entre 150 km, podemos passar de 24ºC para 37ºC, a diferença entre o ar atlântico e o ar africano. Como os incêndios produzem trovoadas? E a Lua de cervo desta noite.","Two summers in the same country. And thunderclouds in the fireworks. From one side of Portugal to the other, within 150 km, we can go from 24ºC to 37ºC, the difference between Atlantic air and African air. How do fires produce thunderstorms? And tonight's Deer Moon.","In eadem regione duae aestates. Et tonitrua in pompa. Ab uno latere Portugalliae ad alterum, intra 150 km, exire possumus ab 24ºC ad 37ºC, differentiam inter aerem Atlanticum et aerem Africanum. Quomodo ignes faciunt tonitrua? Deer et noctis lunae.",https://observador.pt/programas/quente-e-frio/dois-veroes-no-mesmo-pais-e-nuvens-de-trovoada-nos-fogos/,https://bordalo.observador.pt/v2/rs:fill:770:403/c:770:433:nowe:0:0/q:70/f:webp/plain/https://s3.observador.pt/wp-content/uploads/2026/07/02151502/770-podcast.jpg,,"Esta transcrição foi gerada automaticamente por Inteligência Artificial e pode conter erros ou imprecisões.Muito boa tarde, Filomena. Tudo bem?
Olá, Rita. Tudo bem?
Mais uma edição de Quente e Frio… [+10108 chars]",,2026-08-17 10:41:38+00:00,random,,,
a71dfb016d5f2500dcf993cb37f9a071,2026-07-20T22:28:09Z,Tropical Cyclone,furacão,www.terra.com.br,pt,0.7,Dorival Júnior intensiviert São Paulos Vorbereitung auf das Spiel gegen Athletico. Tricolor trainiert mit taktischen Aktivitäten und Standardsituationen vor der Rückkehr der Brasileirão gegen Furacão am Mittwoch (22).,Dorival Júnior intensifica preparação do São Paulo para enfrentar o Athletico,"Tricolor realiza treino com atividades táticas e bolas paradas antes da volta do Brasileirão, diante do Furacão na quarta-feira (22)","Dorival Júnior intensifies São Paulo's preparation to face Athletico. Tricolor carries out training with tactical activities and set pieces before the return of the Brasileirão, against Furacão on Wednesday (22)","Dorival Júnior auget praeparationem São Paulo ad faciem Athleticam. Tricolor exercitatio cum actionibus militaribus exercet et frusta ante reditum Brasileirão, contra Furacão die Mercurii (22).","https://www.terra.com.br/esportes/sao-paulo/dorival-junior-intensifica-preparacao-do-sao-paulo-para-enfrentar-o-athletico,4217e7103f07734abcce03f47e9028a8r923umld.html",https://p2.trrsf.com/image/fget/cf/1200/630/middle/images.terra.com/2026/07/20/1465628381-img0299-jpg-819x1024easy-resizecom-610x400.jpg,,"O São Paulo iniciou, nesta segunda-feira (20), a preparação para a retomada do Campeonato Brasileiro. No CT da Barra Funda, o elenco realizou o primeiro treino da semana antes da partida contra o Ath… [+1161 chars]",,2026-08-18 10:38:29+00:00,random,,,
79dd7a96e1dbb87c03f6c031f82c4e7a,2026-07-25T18:04:26Z,Tropical Cyclone,furacão,www.terra.com.br,pt,0.7,"4 Vorhersagen für Athletico-PR x Internacional: Hurricane stellt neuen Rasen und neue Technologie gegen die Colorado-Krise vor. Finden Sie heraus, wo Sie Athletico-PR x Internacional heute in Brasileirão live sehen können. Sehen Sie sich die Aufstellungen von Odair und Conde, den neuen Pitch, den Zeitplan und die Vorhersagen an.",4 Palpites para Athletico-PR x Internacional: Furacão Estreia Novo Gramado e Tecnologia contra Crise Colorada,"Saiba onde assistir Athletico-PR x Internacional ao vivo hoje pelo Brasileirão. Veja escalações de Odair e Conde, novo gramado, horário e palpites.","4 Predictions for Athletico-PR x Internacional: Hurricane Debuts New Lawn and Technology against the Colorada Crisis. Find out where to watch Athletico-PR x Internacional live today at Brasileirão. See Odair and Conde lineups, new pitch, schedule and predictions.","4 Praedictiones pro Athletico-PR x Internacio: Procellae Debuts Novae Tondere et Technologiae contra Crisis Coloradae. Exquire ubi spectaculum Athletico-PR x Internacionale hodie in Brasileirão habitant. Vide Odair et Conde lineups, picem novam, schedulas et praedictiones.","https://www.terra.com.br/esportes/futebol/4-palpites-para-athletico-pr-x-internacional-furacao-estreia-novo-gramado-e-tecnologia-contra-crise-colorada,e3b14382023c8fee84c26471c012bcddtm4cfwtb.html",https://p2.trrsf.com/image/fget/cf/1200/630/middle/images.terra.com/2026/07/25/1540817955-athletico-pr-x-internacional-palpite-brasileirao-2026.jpg,,"Athletico-PR x Internacional: A abertura do segundo turno do Campeonato Brasileiro 2026 reserva um grande confronto na noite deste sábado (25 de julho de 2026). Às 18h30 (horário de Brasília), o Athl… [+6154 chars]",,2026-08-18 10:38:29+00:00,random,,,
094a4ff9dae654895ce475f47447299c,2026-07-26T16:07:21Z,Tropical Cyclone,furacão,www.terra.com.br,pt,0.7,Odair Hellmann enthüllt die Entwicklung von Athletico nach dem vierten Sieg in Folge. Der Trainer erklärt Furacãos Wachstum nach dem Sieg über Internacional und hebt die Stärke der gemeinsamen Arbeit hervor,Odair Hellmann revela evolução do Athletico após quarta vitória seguida,Treinador explica crescimento do Furacão após vitória sobre o Internacional e destaca força do trabalho coletivo,Odair Hellmann reveals Athletico's evolution after fourth consecutive victory. Coach explains Furacão’s growth after victory over Internacional and highlights the strength of collective work,Odair Hellmann evolutionem athleticam ostendit post victoriam consecutivam quartam. Raeda Furacão incrementum post victoriam de Internacionale explicat et vim operis collectivi elucidat,"https://www.terra.com.br/esportes/atletico-pr/odair-hellmann-revela-evolucao-do-athletico-apos-quarta-vitoria-seguida,2a4e15b72618c589b808e3d82c3a47612jga78q6.html",https://p2.trrsf.com/image/fget/cf/1200/630/middle/images.terra.com/2026/07/26/23845237-odair-hellmann-03easy-resizecom-610x400.jpg,,"O Athletico-PR vive um dos melhores momentos da temporada ao vencer o Internacional por 2 a 0 pelo Brasileirão. O resultado manteve o Furacão entre os primeiros colocados da competição, ampliou a inv… [+2429 chars]",,2026-08-18 10:38:29+00:00,random,,,
39570da3c167fbfc4d965dddefcbd576,2026-07-28T21:37:55Z,Tropical Cyclone,furacão,www.terra.com.br,pt,0.7,Mit Blick auf die G4 verteidigt Corinthians das Schreiben gegen Athletico bei Neo Química. Timão hat seit der Einweihung seines Stadions noch nie gegen Furacão in Itaquera verloren und möchte seinen ungeschlagenen Rekord in der 21. Runde halten,"De olho no G4, Corinthians defende escrita diante do Athletico na Neo Química",Timão jamais perdeu para o Furacão em Itaquera desde a inauguração de seu estádio e busca manter invencibilidade na 21ª rodada,"With an eye on the G4, Corinthians defends writing against Athletico at Neo Química. Timão has never lost to Furacão in Itaquera since the inauguration of its stadium and seeks to maintain its unbeaten record in the 21st round","Oculo in G4, Corinthii contra Athleticum apud Neo Quimica scribentem defendit. Timão Furacão in Itaquera ab inauguratione stadii sui numquam amisit et invicto die XXI rotundo conservare studet.","https://www.terra.com.br/esportes/corinthians/de-olho-no-g4-corinthians-defende-escrita-diante-do-athletico-na-neo-quimica,cf9ca3d52afe61f7b175b85779a8003fcd2yfof9.html",https://p2.trrsf.com/image/fget/cf/1200/630/middle/images.terra.com/2026/07/28/1551878941-agenciacorinthians-foto-242315-610x400.jpg,,"De olho no G4 do Campeonato Brasileiro, o Corinthians recebe o Athletico nesta quinta-feira (30), às 19h30 (de Brasília), na Neo Química Arena, pela 21ª rodada da competição. Além de tentar manter a … [+2316 chars]",,2026-08-18 10:38:29+00:00,random,,,
fc8a8da69f12ba2e48fcc455292c5a98,2026-07-30T03:10:43Z,Tropical Cyclone,furacão,www.terra.com.br,pt,0.7,"Corinthians x Athletico-PR, LIVE, mit Voz do Esporte, um 18 Uhr. Timão versucht, seine ungeschlagene Serie in der Neo Química Arena fortzusetzen, während Furacão seinen fünften Sieg in Folge anstrebt, um die Jagd nach dem Spitzenreiter fortzusetzen","Corinthians x Athletico-PR, AO VIVO, com a Voz do Esporte, às 18h","Timão tenta ampliar sequência invicta na Neo Química Arena, enquanto Furacão busca a 5ª vitória consecutiva para seguir na caça aos líderes","Corinthians x Athletico-PR, LIVE, with Voz do Esporte, at 6pm. Timão tries to extend his undefeated streak at Neo Química Arena, while Furacão seeks his 5th consecutive victory to continue in the hunt for the leaders","Corinthii x Athletico-PR, LIVE, cum Voz do Esporte, ad 6pm. Timão invictum seriem apud Neo Química Arenam extendere conatur, dum Furacão suam victoriam quaerit consecutivam in venatione ducum manere.","https://www.terra.com.br/esportes/corinthians/corinthians-x-athletico-pr-ao-vivo-com-a-voz-do-esporte-as-18h,90bb5c8f510d06988bfa0c52b986362d5zemn0fi.html",https://p2.trrsf.com/image/fget/cf/1200/630/middle/images.terra.com/2026/07/30/951290402-corxcapbr26-610x400.jpg,,"Corinthians e Athletico-PR se enfrentam nesta quinta-feira (30/7), às 19h30, na Neo Química Arena, pela 21ª rodada do Campeonato Brasileiro. Embalado por quatro jogos sem derrota, o Timão tenta mante… [+631 chars]",,2026-08-18 10:38:29+00:00,random,,,
55c3c6738485baac9db5c16380ca3376,2026-07-31T00:37:49Z,Tropical Cyclone,furacão,www.terra.com.br,pt,0.7,"Corinthians trennt sich von Athletico und verpasst die Chance, näher an die G4 heranzukommen. In einem Spiel mit unterschiedlichen Zeiten gelingt es Timão und Furacão in der 21. Runde des Wettbewerbs nicht, die Anzeigetafel in der Neo Química Arena zu räumen",Corinthians empata com o Athletico e perde a chance de se aproximar do G4,"Em jogo de tempos distintos, Timão e Furacão não conseguem tirar o zero do placar na Neo Química Arena pela 21ª rodada da competição","Corinthians draws with Athletico and loses the chance to get closer to the G4. In a game of different times, Timão and Furacão are unable to clear the scoreboard at the Neo Química Arena in the 21st round of the competition","Corinthii cum Athletico trahit et casu propius ad G4 amittit. In ludo diversorum temporum, Timão et Furacão scoreboard apud Neo Química Arenam in 21 circuitu certationis expurgare nequeunt.","https://www.terra.com.br/esportes/corinthians/corinthians-empata-com-o-athletico-e-perde-a-chance-de-se-aproximar-do-g4,986c296b7fac62459801e50490ad4e7d9offhgu2.html",https://p2.trrsf.com/image/fget/cf/1200/630/middle/images.terra.com/2026/07/31/733988664-ldkifjblikjghleasy-resizecom-610x400.jpg,,"Com um time repleto de reservas, o Corinthians ficou no empate por 0 a 0 com o Athletico, na Neo Química Arena, pela 21ª rodada do Brasileirão. Depois de um primeiro tempo sem inspiração, Yuri Albert… [+4398 chars]",,2026-08-18 10:38:29+00:00,random,,,
cc2eef5f311e306a7ffe77696fb95c5a,2026-07-27T07:58:50Z,Wildfire,incêndio florestal em Izmir Turquia,www.terra.com.br,pt,0.3,"Lázaro Ramos: „Ich möchte der gegenwärtige Vater sein, der gute Ratschläge gibt, seiner Frau hilft und alle Aufgaben teilt.“ Der Schauspieler spricht über seine Karriere, sein Leben mit seiner Familie und seine Erziehung auf Leinwand, Bühne und Büchern: „Ich bin über das hinaus, wovon ich geträumt habe“","Lázaro Ramos: ""Quero ser o pai presente, que vai dar bons conselhos, ajudar a esposa, dividir todas as tarefas""","O ator fala sobre a trajetória, o momento de vida com a família e a criação em telas, palcos e livros: ""Estou além do que sonhava""","Lázaro Ramos: ""I want to be the present father, who will give good advice, help his wife, share all the tasks."" The actor talks about his career, his life with his family and his upbringing on screen, stage and books: ""I'm beyond what I dreamed of""","Lázaro Ramos: ""Pater praesens esse volo, qui bonum consilium dabit, uxorem suam adiuvabit, omnia negotia communicabit"". Actor loquitur de vita sua, de vita sua cum familia et de educatione in screen, de scaena et de libris: ""Ego sum ultra quam somniavi"".","https://www.terra.com.br/diversao/velvet/lazaro-ramos-quero-ser-o-pai-presente-que-vai-dar-bons-conselhos-ajudar-a-esposa-dividir-todas-as-tarefas,be42aa15c07d0e2c8a8c97f1e66c6889s4cfjk2t.html",https://p2.trrsf.com/image/fget/cf/1200/630/middle/images.terra.com/2026/07/22/lazaroramos02-rl7vwspgwuw5.jpg,,"Quando Lázaro Ramos esteve no Rio de Janeiro pela primeira vez, aos 12 anos, com o pai Ivan, apontou um conjunto de prédios na orla. “Deve ser lindo morar aqui”. Hoje, ele conta essa história para a … [+14809 chars]",,2026-08-18 15:39:59+00:00,effis,Turkey,MED,Asia
0471d2bbf849dee5e56bafb98d645d52,2026-07-30T18:07:27Z,Wildfire,incêndio florestal kladanj Bósnia e Herzegovina,www.terra.com.br,pt,0.3,"Meteorschauer erhellen diesen Freitag früh den Himmel. Wenn Sie schon immer einen Meteoritenschauer sehen wollten, könnte dies die beste Gelegenheit des Jahres sein! Komm herein...",Chuvas de meteoros iluminam o céu na madrugada desta sexta-feira,"Se você sempre quis ver uma chuva de meteoros, essa pode ser a melhor oportunidade do ano! Entre ...","Meteor showers light up the sky early this Friday. If you've always wanted to see a meteor shower, this could be the best opportunity of the year! Come in...","Meteoron imbres Veneris hoc caelo mane accendunt. Si semper imbrem meteoron videre volui, haec optima opportunitas anni esse potuit! Veni in...","https://www.terra.com.br/diversao/chuvas-de-meteoros-iluminam-o-ceu-na-madrugada-desta-sexta-feira,ba234044cd020dee8e3e294912d347192hv7soxv.html",https://p2.trrsf.com/image/fget/cf/1200/630/middle/images.terra.com/2026/07/30/1056622772-1785433360.jpg,,"ResumoNa madrugada de sexta-feira (31), duas chuvas de meteoros, Delta Aquáridas e Alfa Capricornídeos, atingirão seu pico, prometendo um espetáculo no céu. Sem necessidade de telescópios, basta esco… [+2862 chars]",,2026-08-19 15:40:24+00:00,effis,Bosnia and Herzegovina,MED,Europe
