week,sentiment_mean,sentiment_std,subjectivity_mean,subjectivity_std,counting
2025-46,-0.25900150350547385,0.7595092701107133,-0.3564653782663386,1.0723039442185718,13.0
2025-47,-0.13121193190867914,1.2310349133730694,0.07078645376273456,1.032140859838414,37.0
2025-48,0.0006827966599708819,0.9817588255575274,0.10926656621857063,0.8218794773061372,41.0
2025-49,0.021628680077198904,0.9702772623598455,0.04704949399479325,0.9676654572892022,82.0
2025-50,0.0060169697975870585,0.7446753736617464,0.012413534807084832,1.053270677597807,63.0
2025-51,0.05102397814888261,0.9182813291689712,-0.0178193395248552,0.794909018964151,54.0
2025-52,0.24752177569897993,0.6993222591609298,-0.11605429118299426,0.847004650770713,13.0
2026-00,-0.608155747679289,0.7860863688151736,-0.024622706686441953,1.06261544941518,3.0
2026-01,0.7982534065863605,0.9777160450873111,0.20275781536079296,1.0538187299193145,4.0
